q00000	UniRef50_Q3E8Z8	100	732	732	1	732	732	732	0.0	1385
q00000	UniRef50_A0ABM0Y4V6	79.3	675	535	81	731	732	627	0.0	987
q00000	UniRef50_A0A8S1ZYV8	80.9	570	461	1	566	732	914	0.0	951
q00000	UniRef50_Q8GX86	80.5	570	459	1	566	732	669	0.0	944
q00000	UniRef50_A0ABQ7MKX1	80.8	572	462	1	566	732	1185	0.0	938
q00000	UniRef50_A0A8S9NVK4	79.4	490	389	1	486	732	502	9.06e-280	785
q00000	UniRef50_A0A834Z5N7	59.1	570	337	9	562	732	697	1.47e-236	682
q00000	UniRef50_A0ABQ7EFJ4	77.1	441	340	48	476	732	525	3.66e-236	675
q00000	UniRef50_A0A834YVT6	58.0	566	328	10	562	732	1155	3.93e-224	667
q00000	UniRef50_A0A0A0KD24	55.3	575	318	1	562	732	576	2.07e-223	644
q00000	UniRef50_A0A7J7D0J7	53.8	595	320	6	580	732	598	1.09e-218	633
q00000	UniRef50_A0AAJ6T916	55.2	571	315	1	564	732	571	4.85e-218	630
q00000	UniRef50_A0A6A6KMH2	55.0	573	315	1	562	732	888	2.18e-217	640
q00000	UniRef50_A0A7N2LXP7	54.5	572	312	4	558	732	580	6.15e-216	625
q00000	UniRef50_A0A6A1UPA1	53.7	574	308	6	562	732	583	1.57e-214	622
q00000	UniRef50_A0AAV6N7T2	54.1	553	299	18	562	732	556	3.47e-214	620
q00000	UniRef50_A0A6P3ZBS1	52.0	587	305	1	564	732	586	2.82e-213	619
q00000	UniRef50_A0A2G5DJA7	52.2	586	306	1	564	732	595	1.55e-212	617
q00000	UniRef50_A0A061EQE7	55.2	567	313	11	565	732	686	1.21e-211	619
q00000	UniRef50_A0A6J1KZN0	50.3	599	301	1	562	732	600	5.98e-211	613
q00000	UniRef50_D7U9X3	51.6	576	297	1	563	732	769	5.32e-210	617
q00000	UniRef50_A0ABD3U3L0	52.9	560	296	12	562	732	679	8.80e-210	613
q00000	UniRef50_A0A5N6RGB3	54.8	571	313	4	562	732	1276	1.04e-209	633
q00000	UniRef50_A0A834GUZ5	53.3	561	299	13	562	732	681	4.30e-208	609
q00000	UniRef50_A0A1U8M244	53.2	555	295	18	565	732	560	8.95e-208	604
q00000	UniRef50_A0A2G9HVL2	52.8	559	295	13	562	732	667	1.53e-207	607
q00000	UniRef50_A0A1U8AYZ6	49.4	628	310	1	600	732	627	2.35e-204	598
q00000	UniRef50_A0A438IML8	51.4	576	296	1	563	732	1363	3.18e-202	616
q00000	UniRef50_A0A1S3AY67	51.9	567	294	9	562	732	570	2.81e-201	588
q00000	UniRef50_A0AAJ6U5L6	49.9	571	285	5	558	732	577	1.01e-200	587
q00000	UniRef50_A0AAD2E643	52.4	565	296	7	562	732	652	1.29e-199	587
q00000	UniRef50_A0A2N9GUH6	49.8	594	296	1	562	732	568	2.75e-198	580
q00000	UniRef50_A0A8J5Z497	51.6	556	287	18	565	732	664	2.00e-196	579
q00000	UniRef50_A0ABR2DXQ1	50.6	551	279	18	562	732	551	5.63e-196	573
q00000	UniRef50_A0A6I9U093	50.4	559	282	13	562	732	793	8.08e-196	582
q00000	UniRef50_A0AAN7JLY6	50.9	564	287	10	563	732	578	1.15e-194	571
q00000	UniRef50_A0A022RNY7	50.5	554	280	9	562	732	976	3.59e-194	584
q00000	UniRef50_A0A8B7CBT6	50.7	560	284	13	562	732	572	3.75e-194	570
q00000	UniRef50_A0AAE1X7D4	50.7	560	284	13	562	732	1115	7.87e-194	587
q00000	UniRef50_A0A328E7L6	50.4	563	284	8	562	732	642	2.82e-193	570
q00000	UniRef50_A0A1S4B9P9	52.2	554	289	14	562	732	546	3.50e-193	566
q00000	UniRef50_A0A445CND7	49.2	575	283	9	558	732	638	4.94e-193	569
q00000	UniRef50_A0A5N6M126	50.0	560	280	9	562	732	685	5.83e-193	571
q00000	UniRef50_Q9FJ21	51.3	561	288	12	559	732	571	8.27e-193	566
q00000	UniRef50_A0AA89AX34	53.4	552	295	1	541	732	1210	1.89e-192	587
q00000	UniRef50_A0A1S3YVZ2	49.9	563	281	12	563	732	684	3.20e-192	569
q00000	UniRef50_A0A022RC18	51.0	565	288	13	558	732	698	5.05e-192	569
q00000	UniRef50_A0AAV3R7B7	51.2	551	282	11	559	732	799	1.57e-191	571
q00000	UniRef50_A0A9E7F6W2	51.6	545	281	18	562	732	832	2.19e-191	572
q00000	UniRef50_A0A8B8M7K1	49.0	573	281	8	562	732	579	9.94e-191	561
q00000	UniRef50_A0A2R6Q3T8	48.6	572	278	13	562	732	575	1.23e-190	561
q00000	UniRef50_A0AAD6KWM2	51.9	570	296	1	562	732	548	1.95e-190	559
q00000	UniRef50_A0A9Q0G1D6	49.9	581	290	9	562	732	593	4.53e-190	560
q00000	UniRef50_UPI0040492140	49.7	555	276	13	558	732	645	1.82e-189	560
q00000	UniRef50_A0A5C7IRF5	48.9	617	302	4	562	732	618	2.10e-189	559
q00000	UniRef50_A0A6P6WS42	50.7	566	287	4	562	732	566	8.26e-189	556
q00000	UniRef50_A0A0K9PID3	47.2	574	271	4	562	732	612	2.22e-187	554
q00000	UniRef50_A0A5J5B2M4	49.9	561	280	12	562	732	611	6.07e-187	553
q00000	UniRef50_A0A5J5BTS7	48.8	572	279	7	562	732	676	6.47e-187	555
q00000	UniRef50_A0AAD9ZSR9	52.4	580	304	4	562	732	1730	7.94e-187	585
q00000	UniRef50_A0AAD9U137	50.8	592	301	1	562	732	1152	4.11e-186	568
q00000	UniRef50_A0AAD8HQR4	47.8	667	319	14	678	732	819	1.05e-185	557
q00000	UniRef50_A0A251TAN9	48.6	555	270	13	558	732	671	2.49e-185	551
q00000	UniRef50_A0AAU9LP18	48.6	566	275	8	562	732	566	9.74e-185	545
q00000	UniRef50_A0A803LS48	47.2	580	274	14	564	732	584	1.15e-182	541
q00000	UniRef50_A0A1R3JV08	48.3	613	296	6	562	732	637	2.37e-182	542
q00000	UniRef50_A0AAW1LGL7	47.1	594	280	18	558	732	1035	4.22e-182	555
q00000	UniRef50_UPI00090094B2	49.3	560	276	17	562	732	1081	2.04e-181	554
q00000	UniRef50_A0A484M4L5	48.0	560	269	18	562	732	780	2.83e-181	544
q00000	UniRef50_A0A498HSV7	49.9	557	278	12	555	732	920	4.13e-181	548
q00000	UniRef50_A0AAF1BDU3	48.8	555	271	12	562	732	788	8.09e-180	541
q00000	UniRef50_A0A3Q7ENF6	45.5	671	305	12	670	732	1680	2.27e-179	564
q00000	UniRef50_A0A1S3U095	47.3	567	268	7	562	732	580	2.94e-179	532
q00000	UniRef50_A0A1S2Z5P0	45.8	568	260	7	562	732	583	3.25e-179	532
q00000	UniRef50_A0A6A3B6M2	48.3	561	271	18	565	732	567	7.60e-179	530
q00000	UniRef50_A0A6J1FTV0	47.5	571	271	5	562	732	563	9.39e-179	530
q00000	UniRef50_A0A2H5PQ04	47.3	590	279	6	557	732	756	9.55e-179	537
q00000	UniRef50_A0A834TBR0	48.5	559	271	6	548	732	672	1.51e-178	533
q00000	UniRef50_A0A6N2KV49	50.3	549	276	28	558	732	2030	2.18e-177	565
q00000	UniRef50_A0A6J1GCP0	46.8	570	267	5	562	732	563	6.03e-177	525
q00000	UniRef50_A0A9N7R685	51.6	523	270	55	562	732	1218	6.05e-177	546
q00000	UniRef50_A0AAD4J3F9	48.1	557	268	13	562	732	790	1.21e-176	533
q00000	UniRef50_A0A803LS50	46.5	555	258	24	558	732	581	3.53e-175	521
q00000	UniRef50_S8CXI7	46.7	557	260	21	562	732	560	7.00e-175	520
q00000	UniRef50_A0A7N0UK16	47.6	555	264	14	562	732	552	1.07e-174	519
q00000	UniRef50_G7JUF5	45.3	567	257	9	558	732	636	1.08e-174	522
q00000	UniRef50_UPI003314365F	45.6	570	260	6	558	732	582	5.84e-174	518
q00000	UniRef50_A0A498K0V0	44.7	674	301	6	562	732	1780	6.97e-174	551
q00000	UniRef50_A0AAN7KSM0	45.7	580	265	1	564	732	579	1.06e-173	518
q00000	UniRef50_A0A9Q0FSD9	50.1	561	281	11	562	732	1400	4.20e-173	541
q00000	UniRef50_A0A498IJA8	41.8	727	304	6	582	732	1106	8.16e-173	533
q00000	UniRef50_A0A803KNY0	43.7	599	262	15	569	732	771	4.25e-172	520
q00000	UniRef50_A0A6P8EES4	45.3	572	259	1	562	732	566	1.75e-171	511
q00000	UniRef50_S8CPF5	48.0	563	270	8	562	732	1231	3.38e-171	532
q00000	UniRef50_A0ABS8S749	50.8	559	284	18	562	732	1368	6.66e-171	535
q00000	UniRef50_A0A9R0J248	45.2	575	260	11	562	732	586	6.81e-171	511
q00000	UniRef50_UPI001FB094A2	45.6	557	254	19	558	732	568	7.50e-171	510
q00000	UniRef50_A0A2H9ZYN6	44.7	577	258	14	562	732	588	1.45e-170	510
q00000	UniRef50_A0AAW2XTC2	45.1	577	260	10	562	732	568	8.47e-170	507
q00000	UniRef50_UPI00331317B1	49.0	533	261	1	528	732	891	1.14e-169	518
q00001	UniRef50_A0A8C2T9I9	72.0	736	530	34	767	767	748	0.0	1028
q00001	UniRef50_A0A7K9HSP8	54.7	770	421	1	764	767	599	1.45e-263	749
q00001	UniRef50_P22303	49.5	740	366	37	767	767	614	2.58e-235	677
q00001	UniRef50_I3NCH9	49.3	738	364	37	767	767	614	7.35e-235	676
q00001	UniRef50_P37136	48.9	744	364	32	767	767	614	4.80e-233	672
q00001	UniRef50_P21836	48.5	744	361	32	767	767	614	2.74e-232	670
q00001	UniRef50_A0A8B9CPF6	57.3	644	369	34	673	767	493	1.37e-231	663
q00001	UniRef50_A0A8V5GQY8	50.6	822	416	7	728	767	1015	9.74e-227	670
q00001	UniRef50_A0A091E2U6	48.6	738	359	37	767	767	1275	7.57e-225	674
q00001	UniRef50_Q92035	47.2	738	348	31	767	767	606	2.14e-224	649
q00001	UniRef50_A0AAW1B8F6	47.6	738	351	31	767	767	980	3.05e-222	657
q00001	UniRef50_P22303-4	49.2	701	345	37	728	767	603	1.98e-216	629
q00001	UniRef50_A0A852IZB4	52.0	698	363	32	673	767	542	3.78e-216	626
q00001	UniRef50_B1WBB9	46.1	740	341	31	767	767	600	3.45e-211	615
q00001	UniRef50_A0AAV2KRN8	45.8	781	358	1	753	767	962	4.04e-209	623
q00001	UniRef50_Q9DDE3	44.8	775	347	32	767	767	634	1.02e-208	610
q00001	UniRef50_A0AAW0JQW8	48.5	705	342	32	728	767	1198	6.53e-206	622
q00001	UniRef50_A0A8D0GQK9	45.0	736	331	32	767	767	543	4.80e-204	595
q00001	UniRef50_A0A3L8Q4P5	54.6	579	316	102	672	767	414	3.70e-195	567
q00001	UniRef50_P04058	43.3	698	302	32	728	767	586	7.49e-185	548
q00001	UniRef50_Q03311	40.2	738	297	32	767	767	603	1.27e-173	520
q00001	UniRef50_A0A3P8WFG7	40.7	742	302	32	767	767	565	7.31e-171	511
q00001	UniRef50_P06276	39.4	738	291	32	767	767	602	8.80e-171	512
q00001	UniRef50_A0A6P4YZU3	40.5	736	298	29	758	767	599	1.59e-170	511
q00001	UniRef50_A0A8C9FUX4	83.8	296	248	28	317	767	342	5.14e-170	500
q00001	UniRef50_A0A7J6C1N1	39.8	744	296	32	767	767	784	3.97e-161	494
q00001	UniRef50_A0A835NWB8	40.1	698	280	32	728	767	920	1.87e-159	494
q00001	UniRef50_A0ABD1KBI7	38.6	743	287	32	764	767	605	4.37e-157	477
q00001	UniRef50_A0A8D3BTW7	38.7	724	280	6	723	767	593	1.18e-156	476
q00001	UniRef50_A0ABN9MP56	40.1	643	258	32	674	767	1046	1.39e-148	469
q00001	UniRef50_A0A7N5K4S9	39.2	645	253	32	676	767	589	3.97e-147	451
q00001	UniRef50_A0A7M4EP78	38.6	656	253	20	673	767	531	4.87e-147	449
q00001	UniRef50_A0A672GUJ9	37.0	702	260	32	727	767	590	1.62e-146	449
q00001	UniRef50_UPI003F8B815A	37.9	728	276	37	752	767	1166	1.83e-144	461
q00001	UniRef50_A0A3Q3WB44	37.3	700	261	32	728	767	576	2.57e-144	443
q00001	UniRef50_A0A8T2K3T2	37.4	701	262	32	729	767	592	1.88e-142	439
q00001	UniRef50_A0A2I4BKM4	36.4	698	254	32	723	767	599	2.50e-138	429
q00001	UniRef50_A0A5C6PD35	37.1	688	255	37	723	767	800	1.41e-137	433
q00001	UniRef50_A0A6P5AAA4	37.0	728	269	32	740	767	609	1.48e-136	424
q00001	UniRef50_Q869C3	36.7	713	262	32	734	767	737	1.26e-134	424
q00001	UniRef50_B7QCE8	37.1	738	274	6	728	767	623	3.89e-134	419
q00001	UniRef50_A0A8T2K127	35.3	699	247	32	728	767	543	2.86e-133	414
q00001	UniRef50_UPI00307C5811	36.7	701	257	32	728	767	679	3.15e-132	416
q00001	UniRef50_A0A8C0BT70	69.1	307	212	37	336	767	366	4.55e-132	404
q00001	UniRef50_A0A913ZIB7	36.1	729	263	50	764	767	609	6.14e-132	412
q00001	UniRef50_A0A0A7DYB7	34.8	748	260	32	764	767	612	2.65e-131	411
q00001	UniRef50_A0A1D1UKI4	33.2	740	246	32	761	767	667	6.79e-131	412
q00001	UniRef50_UPI000549BBFB	74.3	272	202	402	673	767	269	7.60e-131	397
q00001	UniRef50_A0AAN9VGF5	35.2	710	250	32	734	767	683	1.29e-128	406
q00001	UniRef50_A0A9J7M1A4	34.8	765	266	30	756	767	643	9.58e-127	400
q00001	UniRef50_A0A4W3KGA0	34.3	696	239	32	724	767	563	1.91e-126	397
q00001	UniRef50_A0A0A7E972	35.3	706	249	32	728	767	583	6.95e-126	396
q00001	UniRef50_V9NDA4	35.4	712	252	32	731	767	716	7.61e-126	400
q00001	UniRef50_G3LUX3	35.6	705	251	32	727	767	596	8.00e-125	394
q00001	UniRef50_A0A1Y1K2U2	34.7	704	244	32	728	767	649	5.80e-123	390
q00001	UniRef50_H2RUL4	35.8	692	248	32	717	767	553	7.32e-123	387
q00001	UniRef50_A0A8B8A7V7	33.6	744	250	32	756	767	618	1.30e-122	389
q00001	UniRef50_A0A061I8V8	62.3	310	193	32	336	767	461	2.49e-122	382
q00001	UniRef50_UPI002307E063	35.3	706	249	32	726	767	730	3.92e-122	391
q00001	UniRef50_A0A7M7NLC9	33.6	747	251	32	758	767	628	4.85e-122	387
q00001	UniRef50_A0A8C6Y6V0	37.0	709	262	31	730	767	547	6.68e-122	384
q00001	UniRef50_UPI0030DF157C	33.0	746	246	32	762	767	653	7.07e-122	388
q00001	UniRef50_A0AAV7IE31	34.7	721	250	32	743	767	735	8.85e-122	390
q00001	UniRef50_A0A210QLS6	33.7	751	253	32	760	767	623	2.31e-121	385
q00001	UniRef50_A0A158NS84	33.9	714	242	32	736	767	664	2.68e-121	387
q00001	UniRef50_D8V7K3	35.6	705	251	32	726	767	687	7.17e-121	386
q00001	UniRef50_E9FRY6	34.3	693	238	49	732	767	530	8.62e-121	381
q00001	UniRef50_D2KHI7	33.7	712	240	32	736	767	658	3.45e-120	384
q00001	UniRef50_A0A6A4X9G8	34.0	771	262	32	758	767	671	3.54e-120	384
q00001	UniRef50_A0AAW0NZ24	34.4	695	239	32	724	767	740	4.56e-119	383
q00001	UniRef50_A0A8C8IFT1	60.9	320	195	25	336	767	387	1.43e-117	367
q00001	UniRef50_A0A9D4G985	33.7	765	258	30	756	767	636	9.21e-117	374
q00001	UniRef50_A0A8S3T4I1	33.6	760	255	30	764	767	621	6.51e-116	371
q00001	UniRef50_UPI001425A8F9	33.3	730	243	52	765	767	618	8.40e-116	371
q00001	UniRef50_UPI003DA624EC	33.4	739	247	49	762	767	653	1.14e-115	372
q00001	UniRef50_A0A8D8R7B3	33.7	733	247	32	728	767	730	4.63e-115	372
q00001	UniRef50_UPI00344B731D	34.8	704	245	32	728	767	2026	7.25e-115	392
q00001	UniRef50_A0A9J7N766	36.1	646	233	29	673	767	433	1.10e-114	362
q00001	UniRef50_A0A226MBJ8	76.4	229	175	110	336	767	231	6.21e-114	352
q00001	UniRef50_UPI001EDFC0DD	33.9	707	240	32	728	767	685	8.18e-114	368
q00001	UniRef50_A0AAN7S901	33.1	698	231	32	723	767	558	1.87e-113	363
q00001	UniRef50_A0A913ZIY8	33.5	725	243	55	758	767	642	1.93e-113	365
q00001	UniRef50_B1H3L8	32.9	751	247	32	760	767	618	7.57e-113	363
q00001	UniRef50_A0A8S3YZD4	33.1	724	240	56	758	767	612	8.97e-113	363
q00001	UniRef50_A0A8J1UBR0	33.6	733	246	23	727	767	647	2.39e-112	363
q00001	UniRef50_A0A6P4ZRQ9	34.2	701	240	30	727	767	578	3.65e-112	360
q00001	UniRef50_A0A1D1ULA4	32.1	769	247	32	758	767	760	2.38e-111	363
q00001	UniRef50_A0A1S3JES4	34.3	741	254	6	724	767	662	5.43e-111	360
q00001	UniRef50_A0A6P6Y9J5	33.0	706	233	32	728	767	916	6.15e-111	367
q00001	UniRef50_A0A3B3UY86	33.2	763	253	3	725	767	586	9.83e-111	357
q00001	UniRef50_A0A9R1SU09	33.9	720	244	32	723	767	618	3.42e-110	356
q00001	UniRef50_UPI0010170111	33.0	875	289	28	725	767	859	3.54e-110	363
q00001	UniRef50_A0A9C6SI65	33.9	716	243	32	723	767	620	3.62e-110	356
q00001	UniRef50_A0A8J2EA10	33.3	726	242	32	733	767	605	2.56e-109	353
q00001	UniRef50_A0A6I8PZR8	32.9	671	221	55	724	767	559	2.66e-109	352
q00001	UniRef50_A0AAJ7FQJ8	32.9	721	237	32	729	767	615	3.38e-109	353
q00001	UniRef50_UPI0037E80473	32.1	701	225	37	737	767	1122	2.32e-108	364
q00001	UniRef50_UPI003531EACE	33.1	711	235	30	730	767	598	4.45e-108	350
q00001	UniRef50_A0A345DGH5	34.1	681	232	55	727	767	562	6.19e-108	348
q00001	UniRef50_UPI00350F2E2C	34.2	707	242	26	723	767	595	8.06e-108	349
q00002	UniRef50_A5UZG3	100	539	539	1	539	539	539	0.0	992
q00002	UniRef50_E1IBH1	41.8	500	209	1	447	539	502	5.43e-103	327
q00002	UniRef50_A9AUT1	41.3	480	198	1	432	539	481	1.28e-101	322
q00002	UniRef50_UPI0004929A2B	43.0	461	198	1	431	539	540	2.81e-100	321
q00002	UniRef50_UPI0004B9C35E	41.1	475	195	1	443	539	522	1.85e-99	318
q00002	UniRef50_A0A6J4NCZ3	38.4	414	159	1	332	539	413	5.13e-84	275
q00002	UniRef50_D1CC21	37.7	438	165	1	435	539	500	2.19e-68	236
q00002	UniRef50_UPI0018966E51	32.5	400	130	1	398	539	437	1.66e-54	198
q00002	UniRef50_K6P1F1	32.5	446	145	1	444	539	493	3.04e-53	196
q00002	UniRef50_B9L1E4	32.1	433	139	1	430	539	490	1.49e-52	194
q00002	UniRef50_A0A2A9HIH8	32.7	443	145	1	438	539	430	2.98e-49	184
q00002	UniRef50_A0ABX6C346	32.6	442	144	1	438	539	540	3.74e-48	183
q00002	UniRef50_A0A2R6Y1I2	32.4	389	126	1	385	539	491	2.84e-47	180
q00002	UniRef50_UPI000A03D8F5	30.7	391	120	1	388	539	458	5.43e-47	178
q00002	UniRef50_Q3AF97	32.0	387	124	1	385	539	427	1.04e-46	177
q00002	UniRef50_Q2RL32	32.7	388	127	1	386	539	446	2.18e-46	176
q00002	UniRef50_A0ABT1Y2C3	32.3	390	126	1	386	539	431	3.05e-46	176
q00002	UniRef50_A0A0M8K8S6	31.4	465	146	13	454	539	507	5.18e-46	177
q00002	UniRef50_Q67SK1	31.4	392	123	1	390	539	429	1.08e-45	174
q00002	UniRef50_UPI001DB9C3D4	30.4	454	138	3	432	539	470	1.31e-45	175
q00002	UniRef50_A0A7C2E3G3	30.6	422	129	1	420	539	460	1.49e-45	174
q00002	UniRef50_A0A2M8QH29	30.5	433	132	15	443	539	463	2.19e-45	174
q00002	UniRef50_R1CLM7	29.9	408	122	15	420	539	428	3.93e-45	172
q00002	UniRef50_A0A0K2SJA7	32.4	395	128	1	389	539	461	5.59e-45	173
q00002	UniRef50_A0A8J6LI39	30.9	385	119	1	381	539	451	6.33e-45	172
q00002	UniRef50_A0A381V399	30.4	421	128	15	433	539	452	6.46e-45	172
q00002	UniRef50_A0A2U3KWA0	30.0	423	127	1	420	539	427	1.42e-44	171
q00002	UniRef50_I4EDC4	30.4	385	117	9	390	539	483	5.98e-44	171
q00002	UniRef50_D7CJY1	30.7	374	115	15	386	539	442	9.92e-44	169
q00002	UniRef50_A3DJ09	29.4	422	124	1	420	539	428	2.74e-43	167
q00002	UniRef50_Q81LB8	32.7	376	123	15	386	539	425	3.57e-43	167
q00002	UniRef50_A0AA35SFC4	32.3	412	133	28	431	539	458	3.61e-43	168
q00002	UniRef50_E8RKB8	29.8	382	114	7	384	539	426	3.56e-42	164
q00002	UniRef50_A0A1I5VGP1	28.6	476	136	1	468	539	464	7.45e-42	164
q00002	UniRef50_A0A1H3IIK9	27.9	394	110	7	398	539	444	1.35e-41	163
q00002	UniRef50_A4J7M0	29.5	430	127	1	424	539	435	1.56e-41	163
q00002	UniRef50_A0AAT9LG22	31.2	410	128	1	409	539	471	1.62e-41	164
q00002	UniRef50_UPI001BF0955F	29.7	458	136	1	446	539	455	1.66e-41	163
q00002	UniRef50_A0A1M6P881	28.2	429	121	1	427	539	423	1.70e-41	162
q00002	UniRef50_A0A9E7C2E6	31.8	384	122	1	381	539	462	1.89e-41	163
q00002	UniRef50_B8CY75	28.8	400	115	1	394	539	429	1.91e-41	162
q00002	UniRef50_D3F9K4	31.1	389	121	1	386	539	488	3.01e-41	163
q00002	UniRef50_A0A212RD30	30.5	440	134	1	431	539	447	3.76e-41	162
q00002	UniRef50_A0A160T3B7	29.9	452	135	13	432	539	477	8.99e-41	162
q00002	UniRef50_B1I4R5	29.9	388	116	1	385	539	438	1.15e-40	160
q00002	UniRef50_Q8RC26	29.0	414	120	1	408	539	432	1.42e-40	160
q00002	UniRef50_UPI00404B9287	33.4	356	119	15	364	539	357	2.03e-40	158
q00002	UniRef50_A0A2W6A708	32.7	385	126	3	384	539	432	5.16e-40	159
q00002	UniRef50_A0A2M8PFR0	28.2	450	127	15	432	539	495	6.06e-40	160
q00002	UniRef50_A0A1G9NJ75	29.6	398	118	2	395	539	430	6.86e-40	158
q00002	UniRef50_A0A424YD56	29.8	393	117	6	395	539	456	8.10e-40	159
q00002	UniRef50_A0A9D1HLL2	28.9	394	114	1	391	539	426	1.21e-39	157
q00002	UniRef50_A0A2K9NZT3	29.5	387	114	6	388	539	426	1.67e-39	157
q00002	UniRef50_Q0AWE9	30.5	371	113	15	381	539	438	2.10e-39	157
q00002	UniRef50_D1PKY8	29.5	407	120	3	407	539	460	2.28e-39	157
q00002	UniRef50_A0A179ITA4	31.6	431	136	1	427	539	499	2.32e-39	158
q00002	UniRef50_A0A7X2NGZ5	29.6	433	128	10	436	539	450	2.63e-39	157
q00002	UniRef50_M2PKF6	28.1	413	116	1	409	539	429	4.66e-39	156
q00002	UniRef50_Q042T6	28.1	413	116	1	409	539	449	4.90e-39	156
q00002	UniRef50_F4A1Z8	28.1	405	114	11	409	539	440	5.73e-39	156
q00002	UniRef50_UPI0008F9E215	30.4	414	126	1	398	539	478	5.90e-39	157
q00002	UniRef50_A0A6F8ZIS7	28.8	396	114	1	391	539	439	7.76e-39	155
q00002	UniRef50_P80698	32.3	375	121	15	385	539	424	8.06e-39	155
q00002	UniRef50_Q24SJ8	31.4	389	122	1	385	539	426	8.38e-39	155
q00002	UniRef50_A0A6I0EQT7	30.0	390	117	1	388	539	432	1.30e-38	155
q00002	UniRef50_A0A2T2XJ25	29.2	384	112	1	381	539	435	1.37e-38	155
q00002	UniRef50_A0A840IG71	29.0	390	113	1	386	539	483	1.67e-38	155
q00002	UniRef50_UPI0013C32B2D	28.4	517	147	1	443	539	553	1.81e-38	157
q00002	UniRef50_A0A0G1X7Y8	28.5	424	121	13	432	539	428	3.15e-38	154
q00002	UniRef50_H3NL69	28.0	386	108	38	420	539	446	3.18e-38	154
q00002	UniRef50_A0A7G6E654	30.1	399	120	1	395	539	430	3.27e-38	154
q00002	UniRef50_Q3Z8J9	28.6	465	133	1	459	539	448	3.30e-38	154
q00002	UniRef50_UPI00271EA397	29.6	398	118	1	396	539	454	5.05e-38	154
q00002	UniRef50_A0A1I0DBI0	27.1	409	111	15	420	539	429	6.10e-38	153
q00002	UniRef50_UPI0003802A76	27.6	420	116	15	432	539	428	8.26e-38	152
q00002	UniRef50_A0A660KSW8	31.7	372	118	15	378	539	470	9.14e-38	153
q00002	UniRef50_A0A0W0GJ56	28.7	439	126	1	432	539	454	9.58e-38	153
q00002	UniRef50_E8LC83	30.6	363	111	30	390	539	427	1.12e-37	152
q00002	UniRef50_A0A1M4V3C1	27.6	391	108	4	390	539	429	1.16e-37	152
q00002	UniRef50_A0A2A6E219	31.4	408	128	1	403	539	429	1.60e-37	152
q00002	UniRef50_A0A537J0M3	29.9	435	130	1	433	539	434	1.75e-37	152
q00002	UniRef50_B8I8F4	26.3	422	111	1	420	539	428	2.16e-37	151
q00002	UniRef50_A0A170QAM0	27.5	477	131	1	470	539	467	2.26e-37	152
q00002	UniRef50_A0AAN2C9D6	28.3	417	118	13	426	539	437	2.55e-37	151
q00002	UniRef50_UPI002A0D0C02	35.8	299	107	1	293	539	306	2.91e-37	148
q00002	UniRef50_I0I0E5	28.5	480	137	3	466	539	484	4.09e-37	152
q00002	UniRef50_G5GHG1	26.8	388	104	1	386	539	428	5.65e-37	150
q00002	UniRef50_B9MQ31	26.0	423	110	1	420	539	438	9.32e-37	150
q00002	UniRef50_A0A6J4UI52	30.0	403	121	1	397	539	566	1.71e-36	151
q00002	UniRef50_A0A173RMB4	27.8	388	108	1	386	539	439	1.80e-36	149
q00002	UniRef50_D6U906	27.9	426	119	1	418	539	477	2.46e-36	149
q00002	UniRef50_A0A9D0ZLV0	26.4	425	112	1	422	539	429	2.85e-36	148
q00002	UniRef50_A0AA35WB63	28.6	433	124	19	448	539	450	2.98e-36	149
q00002	UniRef50_K9YVK7	28.4	408	116	1	398	539	458	3.41e-36	149
q00002	UniRef50_A0A4R6QCC6	28.0	393	110	1	388	539	467	3.95e-36	149
q00002	UniRef50_A0A1W1V7N1	28.3	400	113	1	395	539	432	4.13e-36	148
q00002	UniRef50_A0A7S8E6V8	27.5	487	134	1	431	539	554	5.17e-36	150
q00002	UniRef50_A0A8T7LV66	28.8	452	130	1	431	539	477	6.35e-36	148
q00002	UniRef50_A0A1T4WW92	27.7	405	112	3	405	539	462	6.87e-36	148
q00002	UniRef50_A0A6J4TZ80	30.4	454	138	1	430	539	569	8.40e-36	149
q00003	UniRef50_P32872	100	511	511	1	511	511	511	0.0	1008
q00003	UniRef50_P00352	62.9	475	299	38	510	511	501	7.76e-193	555
q00003	UniRef50_Q8MI17	62.4	476	297	38	511	511	496	2.63e-192	553
q00003	UniRef50_P24549	62.3	475	296	38	510	511	501	4.45e-192	553
q00003	UniRef50_P11884	61.1	473	289	41	511	511	519	4.15e-187	541
q00003	UniRef50_A0A452FT46	61.5	470	289	44	511	511	524	1.14e-185	538
q00003	UniRef50_P27463	59.8	470	281	44	511	511	509	9.00e-184	532
q00003	UniRef50_A0A5N4E8M3	60.9	476	290	44	510	511	511	9.64e-184	532
q00003	UniRef50_A0A5F9DBD2	60.4	482	291	32	511	511	671	1.09e-183	538
q00003	UniRef50_A0A8C5SLW9	56.3	490	276	38	510	511	518	2.64e-180	524
q00003	UniRef50_Q62148	56.5	487	275	44	510	511	518	3.74e-180	523
q00003	UniRef50_A0A226NAZ8	60.4	470	284	44	511	511	960	6.54e-180	538
q00003	UniRef50_A0AA41NJ98	61.3	473	290	41	511	511	1172	4.29e-178	540
q00003	UniRef50_A0A835NJL4	61.2	469	287	44	510	511	1370	1.35e-177	543
q00003	UniRef50_Q90XS8	54.2	509	276	21	511	511	518	4.59e-176	513
q00003	UniRef50_P08157	59.5	481	286	33	511	511	497	3.64e-175	510
q00003	UniRef50_A0A671QXZ3	55.5	508	282	9	511	511	636	8.13e-175	514
q00003	UniRef50_P30837	56.8	481	273	33	511	511	517	5.84e-174	508
q00003	UniRef50_A0A0Q3MAU7	57.1	469	268	44	510	511	665	1.89e-172	509
q00003	UniRef50_A0A4W6FXT7	57.2	470	269	44	511	511	500	1.74e-171	501
q00003	UniRef50_A0A151NS50	59.8	470	281	44	511	511	1394	3.45e-171	527
q00003	UniRef50_A0A8J6H2E3	62.3	464	289	44	505	511	1701	1.56e-170	532
q00003	UniRef50_A0A835P4S1	56.2	482	271	44	505	511	933	4.76e-170	512
q00003	UniRef50_A0A1S3EUM5	57.0	470	268	44	510	511	513	8.81e-170	497
q00003	UniRef50_Q9VLC5	54.7	495	271	33	510	511	520	2.24e-169	496
q00003	UniRef50_V8PCJ0	62.6	412	258	101	510	511	911	5.77e-169	508
q00003	UniRef50_A0A8C0THF2	56.5	469	265	44	510	511	512	1.96e-168	493
q00003	UniRef50_A0AAN8WIE3	56.3	481	271	32	510	511	750	3.85e-168	501
q00003	UniRef50_A0A8J2RSC5	57.7	485	280	33	511	511	969	6.21e-167	505
q00003	UniRef50_A0A1A8NJD2	53.8	487	262	38	507	511	715	1.36e-165	493
q00003	UniRef50_A0A9Q1JDI1	56.2	473	266	41	511	511	836	2.18e-165	497
q00003	UniRef50_A0AAV2SYK1	54.2	476	258	38	511	511	517	4.94e-165	485
q00003	UniRef50_A0A317UWQ0	54.8	480	263	34	511	511	497	2.04e-164	483
q00003	UniRef50_A0AB34I2Z5	54.2	487	264	44	510	511	530	7.05e-163	480
q00003	UniRef50_A0AAV2MRH8	53.8	480	258	38	511	511	950	1.78e-161	490
q00003	UniRef50_T1FVK5	54.4	482	262	32	511	511	523	5.15e-161	475
q00003	UniRef50_A0AAD5ML83	55.7	470	262	44	511	511	915	1.54e-160	487
q00003	UniRef50_B7QIS6	53.3	480	256	33	510	511	497	7.02e-160	471
q00003	UniRef50_A0A8J4U583	56.2	482	271	32	511	511	1938	7.08e-160	507
q00003	UniRef50_A0A1I8IYE2	55.2	473	261	41	511	511	1157	1.50e-159	491
q00003	UniRef50_A0A074YY70	58.8	413	243	101	511	511	422	2.51e-159	467
q00003	UniRef50_P41751	53.6	481	258	35	511	511	497	5.67e-159	469
q00003	UniRef50_A0AAN9TFN7	54.3	470	255	44	511	511	917	1.43e-158	482
q00003	UniRef50_A0A9D4K2E0	53.2	481	256	33	511	511	496	1.56e-158	468
q00003	UniRef50_A0A813XJ52	54.3	488	265	33	510	511	522	3.71e-158	468
q00003	UniRef50_A0A074YG85	54.1	477	258	37	511	511	496	7.17e-157	463
q00003	UniRef50_A0ABD2KGK6	52.9	476	252	39	510	511	652	1.20e-156	468
q00003	UniRef50_M7BN29	59.8	440	263	44	481	511	1709	6.24e-156	493
q00003	UniRef50_A0A0L8HJ75	52.7	469	247	44	510	511	496	1.65e-155	460
q00003	UniRef50_A0A8X7XM14	61.3	413	253	101	511	511	1816	1.71e-155	493
q00003	UniRef50_A0A023ERQ0	58.5	398	233	116	511	511	407	2.59e-155	456
q00003	UniRef50_UPI0006C98BFA	53.8	474	255	44	511	511	739	1.33e-154	466
q00003	UniRef50_A0A672GSM2	58.5	412	241	101	510	511	569	1.03e-153	458
q00003	UniRef50_A0A8J7NPF4	57.6	458	264	56	511	511	2131	1.07e-153	492
q00003	UniRef50_A0AAV3YPM2	49.3	501	247	28	511	511	493	2.22e-152	452
q00003	UniRef50_A0A9P0TD60	52.3	480	251	33	510	511	855	2.83e-152	464
q00003	UniRef50_A0AAV1YQM7	60.3	375	226	139	511	511	400	4.34e-152	447
q00003	UniRef50_A0A183BPN9	52.7	469	247	44	510	511	854	5.49e-152	463
q00003	UniRef50_A0A670YEA8	59.3	381	226	127	505	511	397	7.86e-152	447
q00003	UniRef50_A0A0N4UUL8	51.1	481	246	41	510	511	488	3.04e-151	449
q00003	UniRef50_A0A9Q1C2Q6	54.7	481	263	33	511	511	1600	7.64e-151	478
q00003	UniRef50_A0A0A2L179	54.7	481	263	33	511	511	1298	9.71e-151	471
q00003	UniRef50_A0A914KSV7	53.7	473	254	44	511	511	1064	1.45e-150	465
q00003	UniRef50_K2SAG1	50.7	477	242	37	511	511	496	2.26e-150	447
q00003	UniRef50_A0A340X5H2	58.5	412	241	101	510	511	384	2.31e-150	442
q00003	UniRef50_A0A834YLZ7	56.6	408	231	105	510	511	423	4.43e-150	443
q00003	UniRef50_A0A7R9PYB6	53.5	482	258	33	510	511	959	6.80e-150	461
q00003	UniRef50_A0AAD8CCQ3	52.5	482	253	33	511	511	1346	1.82e-149	469
q00003	UniRef50_A0A7R9AFQ4	53.3	492	262	44	507	511	839	3.57e-149	455
q00003	UniRef50_A0A819FL04	52.3	488	255	29	510	511	774	1.30e-148	452
q00003	UniRef50_Q27640	52.3	470	246	44	511	511	497	1.51e-148	442
q00003	UniRef50_A0A8B9DSI1	50.9	481	245	44	504	511	456	3.11e-148	440
q00003	UniRef50_A0A0C2WNV4	52.1	476	248	44	511	511	532	3.36e-148	442
q00003	UniRef50_Q9SU63	52.2	471	246	45	510	511	538	8.18e-148	442
q00003	UniRef50_G2WWM7	51.5	476	245	37	510	511	617	8.80e-148	444
q00003	UniRef50_A0A165PPM1	52.2	473	247	44	511	511	500	9.51e-148	440
q00003	UniRef50_A0A397IFS9	50.6	470	238	44	511	511	831	7.07e-147	449
q00003	UniRef50_A0AB34FJJ8	53.2	477	254	37	511	511	1791	1.14e-146	469
q00003	UniRef50_UPI003D9DBB44	53.0	470	249	44	511	511	765	1.26e-146	446
q00003	UniRef50_A0AAV9R3N0	61.3	362	222	152	511	511	401	1.78e-146	433
q00003	UniRef50_A0A9J6A2C2	55.9	410	229	103	510	511	570	1.83e-146	439
q00003	UniRef50_A0A8B8DZ03	51.4	471	242	44	510	511	497	2.79e-146	436
q00003	UniRef50_A0A914HYY0	50.5	469	237	44	510	511	506	5.30e-146	436
q00003	UniRef50_A0A4S2L3Z6	54.1	486	263	30	511	511	1814	7.34e-146	467
q00003	UniRef50_A0A7L2TLP9	56.4	406	229	44	431	511	419	9.39e-146	432
q00003	UniRef50_A0A0D2IGT5	51.5	480	247	33	510	511	496	1.53e-145	434
q00003	UniRef50_A0A7J9A5C7	56.1	399	224	114	510	511	414	1.59e-145	431
q00003	UniRef50_I1M026	49.9	487	243	28	510	511	540	1.60e-145	436
q00003	UniRef50_A0A813S3K4	50.4	484	244	30	511	511	804	2.96e-145	444
q00003	UniRef50_A0AA88Y1X5	53.6	474	254	41	511	511	1244	3.43e-145	456
q00003	UniRef50_E4X4Z4	53.1	463	246	44	498	511	825	5.26e-145	444
q00003	UniRef50_A0A7R9M0W6	52.3	480	251	37	510	511	1209	9.22e-145	454
q00003	UniRef50_Q8S528	50.9	475	242	38	510	511	534	1.06e-144	434
q00003	UniRef50_A0A8D9D5Q9	55.6	408	227	105	510	511	538	1.70e-144	433
q00003	UniRef50_A0A835XL41	56.1	408	229	105	510	511	462	2.28e-144	430
q00003	UniRef50_UPI000FFCEE79	53.3	413	220	101	511	511	417	2.85e-144	428
q00003	UniRef50_R7RZC4	55.4	408	226	105	510	511	500	3.99e-144	431
q00003	UniRef50_A0A167DZ78	50.9	479	244	35	511	511	495	4.79e-144	431
q00003	UniRef50_Q9VB96	50.8	472	240	44	511	511	485	6.92e-144	430
q00003	UniRef50_A0A4D6KZ37	51.9	468	243	45	510	511	789	1.72e-143	439
q00004	UniRef50_Q0BBD6	100	471	471	1	471	471	471	0.0	880
q00004	UniRef50_B2JKH6	75.4	391	295	22	412	471	394	5.67e-202	572
q00004	UniRef50_Q146K3	76.9	385	296	21	405	471	394	8.04e-202	572
q00004	UniRef50_A0A158DAR2	75.1	386	290	22	405	471	831	6.82e-188	553
q00004	UniRef50_A0A7Z0B1P7	78.3	276	216	21	296	471	305	3.81e-144	422
q00004	UniRef50_A1VUJ6	58.1	399	232	22	408	471	409	1.87e-140	417
q00004	UniRef50_A0A1R1I162	56.5	391	221	21	407	471	388	9.69e-125	376
q00004	UniRef50_A0A0E3V0C9	52.9	378	200	32	401	471	409	4.79e-117	357
q00004	UniRef50_Q81ZZ4	51.9	387	201	22	405	471	387	2.42e-114	349
q00004	UniRef50_Q1GZA7	51.4	393	202	9	401	471	396	1.30e-113	348
q00004	UniRef50_A0A6G8IJB9	50.0	402	201	22	411	471	413	5.23e-109	337
q00004	UniRef50_D7DN25	50.4	389	196	22	410	471	385	6.02e-109	335
q00004	UniRef50_A0ABZ0YZY3	53.2	380	202	30	407	471	415	1.02e-103	323
q00004	UniRef50_A0A847SCU4	51.2	369	189	30	398	471	411	2.02e-102	320
q00004	UniRef50_Q21FY4	47.4	390	185	21	407	471	397	4.18e-98	308
q00004	UniRef50_A0A6M4GRB5	46.5	389	181	20	408	471	388	7.94e-96	302
q00004	UniRef50_UPI000B0E749D	59.9	289	173	32	319	471	298	1.39e-95	298
q00004	UniRef50_A0A679I7Z9	48.4	374	181	26	394	471	390	6.71e-95	300
q00004	UniRef50_A0A2Z6DYX9	50.1	389	195	30	405	471	405	1.20e-93	297
q00004	UniRef50_B3PI88	47.5	383	182	20	401	471	398	2.72e-93	296
q00004	UniRef50_UPI000703A000	45.3	380	172	24	401	471	383	3.40e-93	295
q00004	UniRef50_A0A7R6PF76	47.2	379	179	31	405	471	393	5.20e-92	292
q00004	UniRef50_A0A9E6MVR3	46.4	373	173	30	401	471	387	1.72e-91	291
q00004	UniRef50_A6W0Y0	46.5	383	178	20	401	471	403	1.75e-89	286
q00004	UniRef50_A0A395JNE5	48.9	360	176	40	398	471	392	3.53e-89	285
q00004	UniRef50_A0A0F6RBC2	46.2	383	177	26	407	471	385	1.78e-87	280
q00004	UniRef50_UPI002ABC4B8C	53.8	303	163	30	328	471	319	1.01e-86	276
q00004	UniRef50_P12998	46.5	346	161	56	401	471	384	7.65e-86	276
q00004	UniRef50_G8TYA7	49.3	337	166	58	393	471	388	9.60e-85	273
q00004	UniRef50_A0A286RGY7	43.3	397	172	15	408	471	400	1.38e-84	273
q00004	UniRef50_Q749W3	45.6	377	172	30	405	471	391	1.48e-84	273
q00004	UniRef50_UPI0025E3D78D	49.2	372	183	30	393	471	418	1.66e-84	274
q00004	UniRef50_A1WVM6	49.9	361	180	53	409	471	402	2.06e-84	273
q00004	UniRef50_Q2IF62	44.7	389	174	23	411	471	397	2.50e-84	273
q00004	UniRef50_UPI003D123672	44.7	380	170	23	401	471	393	8.79e-84	271
q00004	UniRef50_Q3K5P2	46.4	366	170	30	394	471	392	1.70e-83	270
q00004	UniRef50_A0A1U9JXC0	45.8	384	176	22	401	471	384	3.75e-83	269
q00004	UniRef50_A0KIC7	44.8	393	176	15	405	471	398	4.04e-83	270
q00004	UniRef50_A0A4Y7XBH0	43.5	384	167	31	405	471	384	1.48e-82	268
q00004	UniRef50_A0ABY4NIN1	44.4	390	173	23	409	471	388	2.36e-82	267
q00004	UniRef50_A0A2Z5UWJ8	43.2	373	161	26	398	471	383	5.69e-82	266
q00004	UniRef50_A0A918RQC4	45.1	377	170	32	405	471	397	3.41e-81	265
q00004	UniRef50_A0A947CZL5	45.1	368	166	60	415	471	418	6.29e-81	265
q00004	UniRef50_A0ABU9GH20	46.9	388	182	56	415	471	716	1.08e-80	272
q00004	UniRef50_A0A368NT86	45.5	387	176	32	407	471	391	1.13e-80	263
q00004	UniRef50_UPI0007C3C6F9	43.8	395	173	30	408	471	408	1.32e-80	263
q00004	UniRef50_G2LE36	45.6	379	173	31	405	471	399	1.43e-80	263
q00004	UniRef50_A0A6J7I2M3	44.5	382	170	26	398	471	416	1.66e-80	263
q00004	UniRef50_UPI0004A34416	45.4	379	172	30	407	471	395	1.79e-80	263
q00004	UniRef50_A0A917CQX6	44.9	374	168	22	394	471	393	2.38e-80	262
q00004	UniRef50_A0A1M5NAF8	45.0	369	166	30	393	471	395	3.56e-80	262
q00004	UniRef50_Q6LPR3	41.0	388	159	26	407	471	392	4.59e-80	261
q00004	UniRef50_UPI003BAEAAE4	42.6	376	160	30	401	471	406	6.92e-80	261
q00004	UniRef50_Q1QYD6	48.4	345	167	56	398	471	386	1.52e-79	260
q00004	UniRef50_A0A3B0YIA8	44.2	387	171	40	405	471	412	2.30e-79	260
q00004	UniRef50_A0A0D6EUC9	40.8	390	159	22	401	471	395	5.54e-79	259
q00004	UniRef50_Q1DCV8	45.8	367	168	30	394	471	391	6.95e-79	258
q00004	UniRef50_A0A517ZBT3	44.4	394	175	24	413	471	392	7.15e-79	258
q00004	UniRef50_A0A916QL51	45.7	352	161	56	405	471	412	1.28e-78	258
q00004	UniRef50_A0AAN1WHX4	44.4	392	174	26	408	471	401	1.31e-78	258
q00004	UniRef50_A0A892ZHW6	44.0	384	169	25	405	471	383	1.54e-78	257
q00004	UniRef50_B9M8U3	42.3	385	163	23	405	471	393	2.06e-78	257
q00004	UniRef50_A0A6N2TLA6	44.2	387	171	30	411	471	386	2.37e-78	257
q00004	UniRef50_A0A518D6M9	44.5	382	170	30	405	471	399	6.87e-78	256
q00004	UniRef50_A0A6C2YT49	44.7	378	169	36	405	471	388	7.02e-78	256
q00004	UniRef50_A0P7V2	42.2	389	164	24	405	471	390	7.45e-78	256
q00004	UniRef50_A0A517S8L2	44.8	382	171	23	401	471	392	2.21e-77	254
q00004	UniRef50_A0A2T2WR03	45.1	359	162	50	404	471	408	2.49e-77	255
q00004	UniRef50_A0A2W5U4V8	45.7	372	170	30	401	471	397	2.55e-77	254
q00004	UniRef50_A0A143HIC2	42.3	390	165	22	405	471	399	1.07e-76	253
q00004	UniRef50_A0A1Y1QE26	49.0	302	148	31	325	471	308	1.08e-76	250
q00004	UniRef50_A0A2P6AR68	45.3	375	170	30	398	471	400	1.10e-76	253
q00004	UniRef50_A0A2A2I5P0	51.5	274	141	133	405	471	283	1.94e-76	248
q00004	UniRef50_A0A0G3GRC7	42.4	375	159	35	407	471	378	4.52e-76	251
q00004	UniRef50_Q7CH66	43.4	378	164	24	401	471	383	5.24e-76	251
q00004	UniRef50_UPI00195A6188	41.5	381	158	20	398	471	393	7.00e-76	251
q00004	UniRef50_A0A3D8M3Z4	41.8	388	162	24	410	471	390	9.04e-76	250
q00004	UniRef50_B1I4F9	42.0	371	156	26	394	471	384	1.07e-75	250
q00004	UniRef50_A0A1M5YU70	44.3	375	166	27	401	471	376	1.19e-75	249
q00004	UniRef50_UPI001D11D963	44.1	392	173	21	401	471	631	1.26e-75	257
q00004	UniRef50_A0A378Q734	46.2	353	163	55	401	471	383	1.46e-75	249
q00004	UniRef50_UPI0025BD86DE	43.0	388	167	30	412	471	387	1.64e-75	249
q00004	UniRef50_A0ABT6J4T1	43.6	381	166	31	410	471	403	1.85e-75	250
q00004	UniRef50_A0A1T4S743	42.2	389	164	23	407	471	390	7.06e-75	248
q00004	UniRef50_A0A0D2JHE8	43.4	378	164	23	398	471	394	7.92e-75	248
q00004	UniRef50_A0A4R1K164	41.0	378	155	30	407	471	393	1.53e-74	247
q00004	UniRef50_A7MJ02	45.5	345	157	63	407	471	383	2.27e-74	246
q00004	UniRef50_UPI000AA6CE0B	41.1	401	165	13	408	471	402	2.78e-74	247
q00004	UniRef50_A0ABU3K7U2	38.4	378	145	22	398	471	389	3.80e-74	246
q00004	UniRef50_A0A5B8UAK2	43.1	378	163	30	398	471	430	6.07e-74	247
q00004	UniRef50_UPI003F979A6D	45.1	346	156	61	401	471	394	1.22e-73	245
q00004	UniRef50_B7J3Y7	43.5	352	153	57	407	471	389	2.96e-73	244
q00004	UniRef50_A0A7G1H1J5	41.6	356	148	51	401	471	378	3.04e-73	243
q00004	UniRef50_A0A7V2F723	40.7	386	157	26	405	471	393	3.32e-73	244
q00004	UniRef50_A0A3S4HMM7	53.5	260	139	139	398	471	270	4.96e-73	239
q00004	UniRef50_A0A3B1D0L2	40.7	381	155	22	401	471	386	5.38e-73	243
q00004	UniRef50_A0A418YFY8	40.0	400	160	24	416	471	399	5.54e-73	243
q00004	UniRef50_C1ABK5	41.8	388	162	26	407	471	388	1.13e-72	242
q00004	UniRef50_A0A419ETG9	41.8	376	157	24	398	471	400	1.59e-72	242
q00004	UniRef50_A1SW30	40.1	384	154	24	401	471	392	1.78e-72	242
q00005	UniRef50_Q9Y871	100	536	536	1	536	536	536	0.0	1067
q00005	UniRef50_A0A1Y1VPF1	72.0	554	399	1	535	536	494	1.14e-240	677
q00005	UniRef50_A0A1Y1XGF9	88.9	271	241	266	536	536	390	7.96e-174	503
q00005	UniRef50_UPI000BC68039	73.1	271	198	272	536	536	495	6.85e-137	413
q00005	UniRef50_A0ABX5LLC9	60.0	270	162	274	536	536	486	2.83e-107	337
q00005	UniRef50_C9RS25	49.6	272	135	274	536	536	500	1.97e-74	252
q00005	UniRef50_A0A150QH19	48.0	246	118	292	536	536	248	1.25e-73	242
q00005	UniRef50_A9EVW4	45.2	270	122	274	536	536	391	1.39e-71	241
q00005	UniRef50_UPI0023EFBA0B	69.4	160	111	377	536	536	232	1.78e-71	236
q00005	UniRef50_A0A0M4KNV0	54.3	199	108	340	536	536	196	1.03e-64	217
q00005	UniRef50_UPI000B51F8D4	44.8	268	120	274	535	536	494	1.67e-62	221
q00005	UniRef50_UPI0003FE41B0	45.1	273	123	271	536	536	1202	1.40e-59	222
q00005	UniRef50_UPI00386B1ED2	40.7	300	122	274	536	536	418	2.22e-59	210
q00005	UniRef50_A0A4P2R1E3	43.5	248	108	292	536	536	394	7.02e-57	203
q00005	UniRef50_A0AAN1WE60	42.0	255	107	287	536	536	340	5.26e-54	194
q00005	UniRef50_A0ABQ2CTP1	36.8	272	100	276	536	536	308	9.83e-50	181
q00005	UniRef50_UPI00262E0EB0	46.6	189	88	356	536	536	233	3.52e-47	172
q00005	UniRef50_A0A4P2R273	34.8	290	101	258	536	536	363	6.00e-41	159
q00005	UniRef50_UPI0024269BAA	35.3	235	83	292	518	536	367	1.68e-32	136
q00005	UniRef50_A0A150SKC3	47.6	145	69	392	536	536	143	2.01e-32	129
q00005	UniRef50_A0A564ZP82	36.1	233	84	292	515	536	482	9.61e-31	134
q00005	UniRef50_A0ABY7H0G4	32.6	267	87	292	536	536	364	2.54e-30	130
q00005	UniRef50_A0A1Y1XBX6	55.6	187	104	1	181	536	438	8.64e-30	130
q00005	UniRef50_UPI00224E426E	33.6	241	81	287	518	536	356	2.72e-29	127
q00005	UniRef50_UPI001F47ECB0	31.8	239	76	292	518	536	334	1.62e-28	124
q00005	UniRef50_A0A1W6L9Y4	35.0	214	75	308	516	536	291	1.57e-27	120
q00005	UniRef50_A0A8J3N5X1	32.8	268	88	292	536	536	339	2.20e-27	121
q00005	UniRef50_A0A1H7R1S3	32.0	244	78	289	518	536	314	3.48e-27	120
q00005	UniRef50_A0A5E4LTF1	33.1	254	84	309	535	536	355	9.05e-26	117
q00005	UniRef50_A0ABN6F4X2	29.1	258	75	292	534	536	298	1.49e-25	115
q00005	UniRef50_A0A1Y1XGH4	52.9	121	64	417	536	536	164	1.89e-25	111
q00005	UniRef50_UPI00178553F7	30.8	253	78	269	513	536	298	3.80e-25	114
q00005	UniRef50_A0A4V0Z0E4	32.4	259	84	292	536	536	347	1.28e-24	114
q00005	UniRef50_A0ABW9VQ95	31.9	248	79	287	519	536	315	1.35e-24	113
q00005	UniRef50_A0AAC8TIF1	30.6	268	82	276	518	536	352	2.58e-24	113
q00005	UniRef50_A0A0N9V0Q4	28.8	257	74	292	536	536	314	3.36e-24	112
q00005	UniRef50_A9FL67	33.3	237	79	292	518	536	326	4.18e-24	112
q00005	UniRef50_UPI00118727DE	33.2	211	70	309	515	536	376	5.11e-24	112
q00005	UniRef50_A0ABW9STB7	31.1	270	84	265	519	536	309	5.69e-24	111
q00005	UniRef50_A0ABT6P8D3	34.5	235	81	292	518	536	370	6.34e-24	112
q00005	UniRef50_A0A845HZU1	32.5	249	81	287	519	536	300	6.54e-24	110
q00005	UniRef50_A0ABP7UVA2	31.3	252	79	292	535	536	512	6.76e-24	114
q00005	UniRef50_UPI0025D66F91	53.7	164	88	77	240	536	740	1.60e-23	114
q00005	UniRef50_W5WDS8	33.0	233	77	292	518	536	302	1.72e-23	109
q00005	UniRef50_A0A564ZLE6	31.4	239	75	286	515	536	532	3.40e-23	112
q00005	UniRef50_A0A1Y1WVB8	45.0	313	141	1	262	536	380	4.59e-23	110
q00005	UniRef50_UPI002889E4FE	32.0	297	95	269	536	536	779	7.14e-23	112
q00005	UniRef50_A0A6G9GTI1	32.7	245	80	278	518	536	312	7.15e-23	108
q00005	UniRef50_W5W6P7	35.2	247	87	292	519	536	346	1.27e-22	108
q00005	UniRef50_UPI003F7F2DB7	30.1	259	78	272	519	536	312	1.80e-22	107
q00005	UniRef50_A0A934KGG6	31.3	256	80	292	536	536	266	2.56e-22	105
q00005	UniRef50_A0A3M9LVK0	32.2	242	78	285	519	536	317	2.68e-22	106
q00005	UniRef50_A0A1I2BEU9	31.5	298	94	269	536	536	470	3.09e-22	108
q00005	UniRef50_A0A7K1LKU0	29.8	255	76	276	518	536	337	5.09e-22	106
q00005	UniRef50_A0A4V0YZ19	32.2	230	74	299	518	536	257	5.38e-22	104
q00005	UniRef50_A0ABV7W039	31.7	240	76	292	519	536	295	8.41e-22	104
q00005	UniRef50_UPI0026849D09	29.3	256	75	292	535	536	278	1.53e-21	103
q00005	UniRef50_A0A3A8NLR3	29.3	266	78	276	519	536	338	1.75e-21	104
q00005	UniRef50_A0ABY9WMS6	28.5	281	80	292	536	536	346	1.98e-21	104
q00005	UniRef50_UPI0032B261A8	31.0	248	77	287	519	536	297	2.99e-21	103
q00005	UniRef50_A0ABM7M7Y0	31.5	273	86	294	536	536	325	3.56e-21	103
q00005	UniRef50_A0ABU1WWE3	30.9	246	76	292	519	536	318	5.85e-21	102
q00005	UniRef50_A0A1V9EYK6	27.9	287	80	279	536	536	308	6.70e-21	102
q00005	UniRef50_A0A402BHP4	30.8	260	80	290	535	536	263	7.26e-21	101
q00005	UniRef50_A0A0K1EB77	31.4	236	74	292	519	536	334	1.03e-20	102
q00005	UniRef50_A0A971M4N6	33.0	261	86	287	526	536	310	1.28e-20	101
q00005	UniRef50_A0A937UTL1	32.8	256	84	287	527	536	329	1.29e-20	102
q00005	UniRef50_A0A6J6A3G5	30.1	236	71	299	518	536	322	1.56e-20	101
q00005	UniRef50_A0A382A0M1	31.4	264	83	292	534	536	464	2.48e-20	103
q00005	UniRef50_E1YI51	29.6	267	79	296	536	536	308	3.09e-20	100
q00005	UniRef50_A0ABN1HD02	31.2	253	79	287	525	536	303	3.85e-20	100
q00005	UniRef50_A0A2P6NCG1	31.3	240	75	292	519	536	327	4.20e-20	100
q00005	UniRef50_UPI0031371EBA	30.0	280	84	284	536	536	318	4.94e-20	100
q00005	UniRef50_UPI002D8110E8	30.6	245	75	292	518	536	306	5.50e-20	99.8
q00005	UniRef50_UPI0023F45DDC	32.1	277	89	286	535	536	352	6.07e-20	100
q00005	UniRef50_A0ABR3PM51	30.1	249	75	283	518	536	382	6.61e-20	100
q00005	UniRef50_A0A852W126	31.2	234	73	292	518	536	358	8.90e-20	100
q00005	UniRef50_A0A068NYP2	32.2	236	76	292	519	536	264	1.19e-19	97.8
q00005	UniRef50_A0A2T0V370	32.0	241	77	292	518	536	338	1.23e-19	99.4
q00005	UniRef50_A0A1F5XHG4	36.6	175	64	352	519	536	655	1.33e-19	102
q00005	UniRef50_A0A7C4L0P7	29.4	238	70	292	519	536	346	1.38e-19	99.4
q00005	UniRef50_A0A1R1I8A7	34.2	199	68	334	519	536	326	1.39e-19	99.0
q00005	UniRef50_A0A5N8XCE1	32.3	251	81	292	527	536	330	1.48e-19	99.0
q00005	UniRef50_A0ABX6SXL3	28.5	242	69	292	519	536	332	1.53e-19	99.0
q00005	UniRef50_A0A211ZU36	29.3	259	76	287	525	536	336	1.62e-19	99.0
q00005	UniRef50_A0A328VCS8	33.3	234	78	292	518	536	341	1.74e-19	99.0
q00005	UniRef50_I0K2R0	31.8	258	82	309	536	536	306	1.86e-19	98.2
q00005	UniRef50_UPI001BD417D0	32.0	241	77	292	518	536	326	1.89e-19	98.6
q00005	UniRef50_A0A7K1FQL4	33.2	244	81	287	518	536	295	2.10e-19	97.8
q00005	UniRef50_A0A919VY59	34.9	209	73	299	502	536	821	2.23e-19	101
q00005	UniRef50_A0A1I4VP45	32.2	233	75	292	518	536	453	2.39e-19	100
q00005	UniRef50_A0A402DES6	31.4	245	77	299	525	536	343	2.42e-19	98.6
q00005	UniRef50_A0A2M9A4M8	32.1	277	89	286	535	536	501	2.45e-19	100
q00005	UniRef50_A0A402DET6	30.5	239	73	292	518	536	354	2.81e-19	98.6
q00005	UniRef50_UPI0037AB37A2	32.9	219	72	306	518	536	301	3.15e-19	97.4
q00005	UniRef50_A0ABT4AJ05	35.9	156	56	365	518	536	196	3.21e-19	94.7
q00005	UniRef50_A0A919FAY9	34.5	238	82	294	518	536	322	3.25e-19	97.8
q00005	UniRef50_UPI003C6F3C00	31.3	252	79	287	527	536	343	3.27e-19	98.2
q00005	UniRef50_A0ABX6T980	30.9	246	76	292	519	536	431	3.59e-19	99.4
q00005	UniRef50_A0A931I9W9	29.7	269	80	276	518	536	339	4.18e-19	97.8
q00006	UniRef50_A0A178UGS7	84.3	592	499	1	590	590	1199	0.0	949
q00006	UniRef50_Q8L727	84.3	592	499	1	590	590	591	0.0	947
q00006	UniRef50_A0A8T2DMD2	83.4	586	489	1	584	590	1805	0.0	926
q00006	UniRef50_Q9ZRT5	87.3	244	213	1	244	590	245	1.55e-144	425
q00006	UniRef50_A0A078I948	80.0	245	196	1	244	590	245	6.15e-131	390
q00006	UniRef50_A0A067JN81	65.6	250	164	1	250	590	250	6.43e-110	337
q00006	UniRef50_A0A7J7C899	58.3	295	172	1	294	590	407	2.79e-109	341
q00006	UniRef50_K7KS35	69.1	230	159	1	230	590	250	9.20e-107	329
q00006	UniRef50_A0A6A3CIG0	64.6	243	157	1	243	590	250	1.30e-106	328
q00006	UniRef50_A0A2P6P717	66.8	232	155	1	232	590	275	1.94e-104	324
q00006	UniRef50_A0A5J4ZUB7	69.7	221	154	10	230	590	304	2.07e-103	322
q00006	UniRef50_I1K6J9	63.0	243	153	2	244	590	252	7.89e-103	319
q00006	UniRef50_A0A834T5R2	62.8	250	157	1	250	590	478	3.55e-98	315
q00006	UniRef50_A0A1J6K9I6	60.2	244	147	1	244	590	250	5.17e-97	304
q00006	UniRef50_A0A2P5EGE4	64.0	236	151	1	236	590	230	1.16e-95	300
q00006	UniRef50_A0A7J9LJK3	62.6	230	144	1	230	590	406	2.12e-95	305
q00006	UniRef50_A0A0D2PFU9	63.6	225	143	1	225	590	278	1.18e-94	299
q00006	UniRef50_A0A0B0NNK3	60.3	239	144	1	239	590	485	4.49e-94	305
q00006	UniRef50_A0A8J6CMP5	64.8	236	153	8	243	590	1004	1.06e-93	317
q00006	UniRef50_A0A438JJJ7	62.0	229	142	1	212	590	325	2.20e-93	297
q00006	UniRef50_A0ABR0DG96	64.8	230	149	1	230	590	936	2.48e-93	315
q00006	UniRef50_A0A8J5YVM5	62.3	228	142	3	230	590	477	2.77e-93	302
q00006	UniRef50_UPI000BBE9642	51.8	342	177	250	590	590	268	2.30e-91	290
q00006	UniRef50_A0A6G1C9X4	60.6	221	134	3	223	590	393	1.64e-90	292
q00006	UniRef50_A0A9P0Z4Z6	60.4	230	139	1	230	590	264	1.38e-88	283
q00006	UniRef50_A0AAV7G5M6	58.5	224	131	1	224	590	362	9.18e-87	281
q00006	UniRef50_K4AD53	56.4	243	137	3	244	590	300	1.98e-86	278
q00006	UniRef50_A0AA38TRI0	64.1	220	141	1	220	590	982	2.81e-86	296
q00006	UniRef50_A0A6P6TQN8	58.2	237	138	1	235	590	243	4.69e-86	275
q00006	UniRef50_A0AAN8Y8D2	54.9	237	130	1	237	590	407	1.42e-85	280
q00006	UniRef50_A0AAV8GPC6	61.8	212	131	1	212	590	378	4.60e-85	278
q00006	UniRef50_A0A835D1T9	72.0	189	136	19	207	590	409	5.92e-85	278
q00006	UniRef50_A0A1U8G5V6	55.9	229	128	1	229	590	249	1.77e-84	271
q00006	UniRef50_A0A2G5E114	71.3	181	129	1	181	590	199	2.58e-84	269
q00006	UniRef50_A0A811ML16	55.8	242	135	3	244	590	398	3.30e-84	276
q00006	UniRef50_K7L4D5	56.0	243	136	2	244	590	234	9.29e-83	266
q00006	UniRef50_A0A5N5NAJ6	53.7	255	137	1	227	590	321	1.02e-82	270
q00006	UniRef50_A0AAE1UV39	53.2	250	133	1	244	590	250	3.14e-82	266
q00006	UniRef50_A0A251ST54	59.0	222	131	1	221	590	238	4.18e-82	265
q00006	UniRef50_A0A103XG71	60.8	222	135	23	244	590	376	1.57e-81	268
q00006	UniRef50_A0A328DGL5	59.8	219	131	7	225	590	276	2.06e-81	265
q00006	UniRef50_A0AAD6KN86	67.4	184	124	51	234	590	186	2.47e-80	258
q00006	UniRef50_A0A9R0HWY6	56.4	218	123	3	220	590	230	7.70e-80	259
q00006	UniRef50_A0A8X8W789	49.4	259	128	1	237	590	402	4.00e-79	263
q00006	UniRef50_D8QND3	55.0	229	126	2	230	590	248	1.30e-76	251
q00006	UniRef50_A0A2P6P718	64.8	182	118	51	232	590	199	2.82e-76	248
q00006	UniRef50_UPI002AB23EB6	57.4	230	132	4	223	590	434	1.25e-75	255
q00006	UniRef50_A0A8X8XDV6	53.6	233	125	1	233	590	542	5.50e-75	256
q00006	UniRef50_A0A9N7RKL7	63.4	191	121	10	199	590	367	1.50e-74	250
q00006	UniRef50_A0A0D3E351	50.3	342	172	251	590	590	1929	2.29e-74	268
q00006	UniRef50_A0A8T0I8P4	50.2	237	119	3	239	590	257	5.79e-74	244
q00006	UniRef50_A0ABD0V0F7	62.4	181	113	1	181	590	187	3.47e-73	240
q00006	UniRef50_A0A2G2VH24	56.5	214	121	23	236	590	620	2.60e-72	251
q00006	UniRef50_A0A1J7FM97	56.5	223	126	8	230	590	913	3.99e-72	257
q00006	UniRef50_A0A453MN30	63.1	179	113	47	225	590	191	1.20e-71	236
q00006	UniRef50_A0A9D4ZVB6	63.6	184	117	67	244	590	189	3.13e-71	235
q00006	UniRef50_A0AAW2X2F9	55.3	208	115	1	190	590	208	8.25e-71	234
q00006	UniRef50_A0A833UFJ1	65.1	166	108	67	232	590	193	1.96e-70	233
q00006	UniRef50_A0A9Q0F415	57.2	215	123	14	228	590	704	1.45e-69	246
q00006	UniRef50_A0AAF0UDL1	48.0	275	132	1	252	590	987	1.06e-68	248
q00006	UniRef50_A0AAW2SN45	56.0	184	103	51	234	590	186	1.30e-68	228
q00006	UniRef50_A0ABD1IPD2	68.8	154	106	1	154	590	169	2.89e-68	226
q00006	UniRef50_A0A2U1Q7R2	62.1	182	113	48	229	590	479	1.21e-67	235
q00006	UniRef50_A0AB40CNB8	60.9	179	109	23	201	590	179	1.57e-67	225
q00006	UniRef50_A0A9R1V523	54.0	202	109	23	224	590	237	3.10e-65	221
q00006	UniRef50_A0A7C9B095	54.4	180	98	48	227	590	180	2.33e-62	211
q00006	UniRef50_A0ABM4VC87	59.1	171	101	1	170	590	173	3.65e-62	211
q00006	UniRef50_A0A2P5VXS6	63.9	158	101	23	180	590	328	4.03e-62	216
q00006	UniRef50_K7KS36	64.1	156	100	75	230	590	179	1.23e-61	209
q00006	UniRef50_A0A0D3A581	46.8	252	118	231	477	590	393	3.45e-61	216
q00006	UniRef50_UPI002079DBE1	52.1	211	110	245	455	590	280	5.52e-61	211
q00006	UniRef50_A0ABD1AMV4	50.4	242	122	242	483	590	301	1.45e-60	211
q00006	UniRef50_A0A9Q0JT74	53.6	220	118	14	229	590	340	2.29e-60	212
q00006	UniRef50_A0A6A3CHY6	56.8	169	96	23	191	590	262	3.37e-60	209
q00006	UniRef50_A0AAW2QWQ7	56.5	168	95	58	225	590	194	1.15e-59	205
q00006	UniRef50_A0ABD1AUM1	44.5	274	122	242	514	590	307	1.30e-59	209
q00006	UniRef50_A0AAU9PM65	60.1	163	98	1	163	590	169	5.44e-59	202
q00006	UniRef50_A0ABP0W4F2	51.2	217	111	3	219	590	246	5.97e-59	205
q00006	UniRef50_A0A7C8YN95	65.7	140	92	58	197	590	140	8.14e-59	201
q00006	UniRef50_A0A0D3CCX6	49.0	241	118	238	477	590	292	2.41e-58	205
q00006	UniRef50_A0A843VGT5	45.9	222	102	2	223	590	195	2.47e-58	201
q00006	UniRef50_A0ABC8Y3T6	46.1	243	112	4	244	590	206	2.51e-58	202
q00006	UniRef50_A0A0D3DTP0	51.8	193	100	263	455	590	294	2.55e-58	205
q00006	UniRef50_D8R6V3	45.4	227	103	3	222	590	239	3.62e-58	202
q00006	UniRef50_UPI003B218E4E	59.3	162	96	46	206	590	235	2.41e-57	200
q00006	UniRef50_A0A0D3EGD8	39.5	337	133	255	590	590	306	7.41e-57	201
q00006	UniRef50_A0A0D3DSJ3	38.9	337	131	254	590	590	488	1.05e-56	206
q00006	UniRef50_A0A0D3B3I0	40.5	331	134	260	590	590	554	1.57e-56	207
q00006	UniRef50_A0A0D3CB01	39.3	326	128	265	590	590	379	2.84e-56	202
q00006	UniRef50_A0A0D3A2X2	45.5	233	106	248	477	590	250	4.01e-56	197
q00006	UniRef50_A0ABM0VZ46	39.2	337	132	254	590	590	292	5.14e-56	199
q00006	UniRef50_A0AAD5G477	54.3	186	101	51	236	590	421	8.26e-56	202
q00006	UniRef50_A0A3P6FRZ6	54.8	186	102	248	432	590	286	8.42e-56	198
q00006	UniRef50_A0A0D3EE54	51.9	212	110	267	477	590	330	5.77e-55	197
q00006	UniRef50_UPI001FB141BE	56.2	162	91	68	229	590	204	2.06e-54	191
q00006	UniRef50_A0A0D3C1W6	35.0	346	121	245	590	590	285	2.32e-54	194
q00006	UniRef50_A0A6V7NJR2	65.9	135	89	1	135	590	139	3.76e-54	188
q00006	UniRef50_UPI0006AA992A	45.8	214	98	242	455	590	296	6.22e-54	193
q00006	UniRef50_A0A178USS6	45.9	220	101	270	483	590	310	6.64e-54	194
q00006	UniRef50_A0A0D3CNV0	46.9	209	98	242	450	590	592	8.23e-54	201
q00007	UniRef50_P59206	93.3	702	655	1	658	658	702	0.0	1372
q00007	UniRef50_A0A4J2B7X4	83.6	658	550	1	658	658	553	0.0	1113
q00007	UniRef50_F9HDB8	75.6	509	385	1	509	658	423	5.58e-285	791
q00007	UniRef50_F9LV25	45.3	607	275	55	658	658	554	1.46e-188	552
q00007	UniRef50_A0A139PDD9	45.9	595	273	64	658	658	495	5.84e-178	523
q00007	UniRef50_E8K065	44.4	611	271	68	658	658	696	6.40e-175	522
q00007	UniRef50_A0A081PRD4	49.7	519	258	146	658	658	477	6.06e-173	509
q00007	UniRef50_A0A0F2D5R0	44.4	612	272	57	658	658	615	5.66e-169	504
q00007	UniRef50_A0A3R9JRT9	54.3	446	242	219	658	658	435	2.85e-165	488
q00007	UniRef50_A0A559GEQ6	63.8	345	220	296	640	658	337	1.90e-155	459
q00007	UniRef50_A0A133RZL0	94.3	210	198	1	210	658	228	1.99e-146	432
q00007	UniRef50_A0AA87AKH2	36.1	642	232	78	658	658	640	1.67e-129	404
q00007	UniRef50_A0A2N6SES3	37.6	596	224	86	658	658	604	1.64e-115	366
q00007	UniRef50_A0A134A6Z0	35.3	586	207	78	658	658	511	9.45e-111	351
q00007	UniRef50_UPI001EF9E6CA	42.6	392	167	273	658	658	367	2.66e-99	316
q00007	UniRef50_F9HDB9	97.3	148	144	511	658	658	148	5.87e-96	299
q00007	UniRef50_UPI001912ECC5	36.9	374	138	28	376	658	610	2.62e-73	256
q00007	UniRef50_A0A428IRG7	32.5	511	166	28	494	658	793	2.47e-72	257
q00007	UniRef50_A0A1H9GTI2	36.2	365	132	28	385	658	732	3.12e-71	253
q00007	UniRef50_UPI001C0CE5EE	31.2	520	162	150	658	658	387	3.93e-71	243
q00007	UniRef50_F9PBZ3	32.8	466	153	26	487	658	548	3.57e-70	246
q00007	UniRef50_F9Q1W2	48.7	193	94	19	211	658	312	8.15e-66	227
q00007	UniRef50_A0A2Z5TP75	33.5	370	124	27	386	658	1166	1.15e-64	240
q00007	UniRef50_A0A0U0PCK7	37.9	298	113	86	377	658	644	2.06e-64	233
q00007	UniRef50_C8NFB9	32.5	434	141	33	422	658	743	1.60e-63	232
q00007	UniRef50_UPI001C04093B	38.9	350	136	320	658	658	291	1.96e-61	214
q00007	UniRef50_UPI0015CF85E4	29.7	639	190	59	658	658	597	2.06e-60	221
q00007	UniRef50_A0A1H9JSX6	35.1	353	124	14	361	658	559	3.52e-60	219
q00007	UniRef50_UPI0032671056	67.9	137	93	454	590	658	138	1.01e-56	196
q00007	UniRef50_A0A1H9MTE5	36.1	291	105	89	377	658	1755	1.46e-55	214
q00007	UniRef50_E0PSM5	36.1	321	116	87	401	658	419	3.71e-54	199
q00007	UniRef50_A0A1H9N501	35.2	293	103	28	316	658	1139	7.60e-52	202
q00007	UniRef50_UPI000783FDF1	48.6	222	108	166	381	658	1089	9.31e-52	202
q00007	UniRef50_A0A0T8UBA5	40.1	242	97	28	269	658	485	1.61e-51	194
q00007	UniRef50_Q9Z4J8	39.7	242	96	28	269	658	501	3.11e-51	193
q00007	UniRef50_A0ABU5FTG8	41.0	217	89	19	233	658	246	1.24e-50	184
q00007	UniRef50_UPI000DA3F674	29.0	411	119	19	389	658	587	4.05e-50	192
q00007	UniRef50_UPI0020CFE3D0	29.8	383	114	33	391	658	427	4.18e-50	188
q00007	UniRef50_UPI0005E9ECE5	33.7	329	111	54	377	658	291	6.40e-50	184
q00007	UniRef50_A0A558ZQT2	42.6	195	83	28	222	658	177	2.89e-49	178
q00007	UniRef50_UPI000218178A	41.2	255	105	161	409	658	636	1.10e-48	189
q00007	UniRef50_A0A1H9KS80	30.7	349	107	64	399	658	591	3.71e-48	187
q00007	UniRef50_A0A1H9MRV8	38.2	272	104	23	291	658	982	7.37e-48	190
q00007	UniRef50_UPI003F2990C8	29.5	499	147	16	412	658	1722	1.34e-47	190
q00007	UniRef50_UPI00388FA9AA	30.1	386	116	33	391	658	712	1.38e-47	187
q00007	UniRef50_UPI002FFF104B	33.9	295	100	83	377	658	575	6.83e-47	183
q00007	UniRef50_A0A1H9MKY2	31.9	342	109	57	376	658	595	3.30e-46	181
q00007	UniRef50_A0A1H9GTZ3	30.9	330	102	91	415	658	500	2.99e-45	177
q00007	UniRef50_C8NFB8	35.9	270	97	72	338	658	555	4.13e-45	177
q00007	UniRef50_A0A1M4UFP9	29.7	441	131	20	399	658	707	4.69e-45	180
q00007	UniRef50_A0A428DCS9	32.2	323	104	58	377	658	670	5.82e-45	179
q00007	UniRef50_A0A1H9Q0B2	30.1	396	119	19	403	658	515	7.41e-45	176
q00007	UniRef50_A0AA95SAR6	40.1	217	87	161	377	658	865	3.69e-44	179
q00007	UniRef50_A0A1H9NU46	35.6	270	96	137	377	658	974	3.99e-44	179
q00007	UniRef50_UPI0002181788	39.2	222	87	28	247	658	958	6.92e-44	178
q00007	UniRef50_UPI00326360CD	29.1	398	116	20	382	658	965	1.27e-43	177
q00007	UniRef50_UPI00210CFB29	32.7	413	135	3	399	658	887	1.34e-43	177
q00007	UniRef50_UPI0026770EFB	27.9	384	107	28	403	658	530	1.65e-43	172
q00007	UniRef50_UPI0012AF52A3	31.8	359	114	23	377	658	515	1.76e-43	172
q00007	UniRef50_UPI003219216C	34.4	218	75	41	254	658	322	1.78e-43	167
q00007	UniRef50_D0BND2	38.3	235	90	145	375	658	518	4.77e-43	171
q00007	UniRef50_A0A4F2S2R3	42.8	215	92	211	401	658	332	6.05e-43	166
q00007	UniRef50_UPI0038B97077	33.3	321	107	64	377	658	365	9.79e-43	166
q00007	UniRef50_B7C7F3	27.9	384	107	28	403	658	2032	1.33e-42	175
q00007	UniRef50_A0A7X3SJU1	30.6	385	118	24	376	658	931	1.66e-42	174
q00007	UniRef50_A0A1H9LX98	33.1	320	106	20	335	658	1406	2.68e-42	174
q00007	UniRef50_UPI00189D01EB	26.7	446	119	54	497	658	551	2.85e-42	169
q00007	UniRef50_A0A4R9C3E8	42.3	175	74	209	377	658	573	2.89e-42	170
q00007	UniRef50_UPI00189A37CC	27.6	384	106	28	403	658	1080	3.88e-42	173
q00007	UniRef50_UPI003AF12BE8	29.4	391	115	13	383	658	1674	3.94e-42	174
q00007	UniRef50_UPI000E2F4F61	31.8	305	97	75	377	658	627	4.32e-42	170
q00007	UniRef50_UPI001F35DCF3	26.0	630	164	24	508	658	923	7.11e-42	172
q00007	UniRef50_UPI00307A7EC9	27.9	384	107	28	403	658	843	7.19e-42	172
q00007	UniRef50_A0ABW4LMP5	40.1	242	97	430	658	658	620	7.36e-42	169
q00007	UniRef50_UPI00299F5F7A	32.7	361	118	17	376	658	2329	7.99e-42	173
q00007	UniRef50_U5MQ68	26.0	630	164	24	508	658	1435	1.17e-41	172
q00007	UniRef50_A0A428EJ70	36.7	218	80	16	231	658	504	1.20e-41	167
q00007	UniRef50_A0A1M5AAI5	32.5	360	117	26	377	658	749	1.38e-41	170
q00007	UniRef50_A0A0A5G6I4	37.7	276	104	397	658	658	483	1.56e-41	166
q00007	UniRef50_UPI0039866825	36.9	206	76	28	231	658	293	2.02e-41	160
q00007	UniRef50_A0AB73SZ37	31.5	298	94	88	377	658	627	2.02e-41	168
q00007	UniRef50_UPI0035656EDC	27.6	384	106	28	403	658	1511	2.15e-41	171
q00007	UniRef50_UPI00242C3799	27.9	384	107	28	403	658	1972	2.43e-41	171
q00007	UniRef50_A0A4R9C0Y7	51.1	139	71	249	383	658	300	3.34e-41	160
q00007	UniRef50_A0A4R9C1T1	42.2	204	86	178	376	658	536	3.78e-41	166
q00007	UniRef50_UPI002674F69A	25.8	415	107	28	408	658	620	4.69e-41	167
q00007	UniRef50_A0A1S0ZDK4	30.9	311	96	29	338	658	599	6.71e-41	166
q00007	UniRef50_A0A1H9KF45	37.3	263	98	115	375	658	1561	9.39e-41	169
q00007	UniRef50_A0A081QPA8	38.3	206	79	28	231	658	628	9.52e-41	166
q00007	UniRef50_UPI001D016863	31.7	360	114	26	377	658	724	1.29e-40	167
q00007	UniRef50_A0A428DSB9	37.9	206	78	28	231	658	538	1.36e-40	164
q00007	UniRef50_UPI001C0DD0A2	27.8	363	101	89	415	658	554	1.72e-40	164
q00007	UniRef50_A0A4R9C235	32.9	243	80	139	377	658	362	2.10e-40	160
q00007	UniRef50_A0A1E5LDR4	33.0	351	116	323	658	658	627	2.36e-40	165
q00007	UniRef50_UPI00255182B6	29.3	352	103	53	389	658	766	3.13e-40	166
q00007	UniRef50_B0G3Y5	31.0	406	126	2	384	658	1154	3.29e-40	167
q00007	UniRef50_UPI003A947F06	27.0	367	99	68	377	658	631	3.36e-40	165
q00007	UniRef50_A0A2P8HQE7	32.9	289	95	376	654	658	448	9.26e-40	160
q00007	UniRef50_A0A3R9JZ10	46.1	165	76	211	375	658	265	1.64e-39	154
q00007	UniRef50_C8NFB6	32.8	241	79	14	250	658	341	2.27e-39	156
q00008	UniRef50_P59206	100	702	702	1	702	702	702	0.0	1495
q00008	UniRef50_A0A4J2B7X4	78.8	702	553	1	702	702	553	0.0	1099
q00008	UniRef50_F9HDB8	69.8	553	386	1	553	702	423	1.40e-277	775
q00008	UniRef50_F9LV25	46.4	601	279	105	702	702	554	1.19e-185	546
q00008	UniRef50_A0A139PDD9	51.2	504	258	219	702	702	495	2.22e-178	525
q00008	UniRef50_E8K065	45.3	640	290	68	702	702	696	1.37e-177	531
q00008	UniRef50_A0A081PRD4	51.2	502	257	207	702	702	477	5.67e-174	513
q00008	UniRef50_A0A0F2D5R0	45.1	576	260	139	702	702	615	1.07e-169	508
q00008	UniRef50_A0A3R9JRT9	54.3	446	242	263	702	702	435	9.56e-164	486
q00008	UniRef50_A0A559GEQ6	64.1	345	221	340	684	702	337	7.70e-155	459
q00008	UniRef50_A0A133RZL0	94.3	210	198	1	210	702	228	7.77e-146	432
q00008	UniRef50_A0AA87AKH2	36.1	662	239	78	702	702	640	4.03e-130	407
q00008	UniRef50_A0A2N6SES3	39.3	567	223	174	702	702	604	1.60e-114	365
q00008	UniRef50_A0A134A6Z0	37.5	541	203	177	702	702	511	1.62e-110	352
q00008	UniRef50_UPI001EF9E6CA	42.6	392	167	317	702	702	367	1.65e-98	315
q00008	UniRef50_F9HDB9	97.3	148	144	555	702	702	148	1.75e-95	299
q00008	UniRef50_UPI001912ECC5	38.2	401	153	28	420	702	610	1.17e-78	271
q00008	UniRef50_A0A428IRG7	32.3	538	174	28	538	702	793	1.88e-75	267
q00008	UniRef50_C8NFB9	34.5	440	152	33	466	702	743	2.77e-74	263
q00008	UniRef50_F9PBZ3	31.8	468	149	68	531	702	548	4.49e-71	249
q00008	UniRef50_A0A0U0PCK7	37.2	336	125	86	421	702	644	1.98e-70	250
q00008	UniRef50_A0A2Z5TP75	33.6	390	131	27	406	702	1166	7.08e-70	256
q00008	UniRef50_UPI001C0CE5EE	31.6	503	159	211	702	702	387	3.81e-69	239
q00008	UniRef50_A0A1H9GTI2	34.7	409	142	28	429	702	732	7.38e-68	245
q00008	UniRef50_F9Q1W2	48.7	193	94	19	211	702	312	1.85e-65	227
q00008	UniRef50_A0A1H9JSX6	37.5	325	122	87	405	702	559	4.12e-61	223
q00008	UniRef50_UPI0015CF85E4	31.6	610	193	142	702	702	597	1.72e-60	222
q00008	UniRef50_A0A1H9MTE5	39.0	295	115	127	421	702	1755	1.73e-60	230
q00008	UniRef50_UPI001C04093B	39.1	345	135	364	702	702	291	5.95e-60	211
q00008	UniRef50_UPI0032671056	67.9	137	93	498	634	702	138	1.95e-56	196
q00008	UniRef50_UPI00388FA9AA	27.5	581	160	27	435	702	712	6.47e-55	209
q00008	UniRef50_E0PSM5	46.7	229	107	211	420	702	419	7.44e-55	202
q00008	UniRef50_UPI003F2990C8	31.0	500	155	16	456	702	1722	7.86e-55	213
q00008	UniRef50_A0ABU5FTG8	51.0	198	101	222	419	702	246	8.44e-55	196
q00008	UniRef50_A0A1M4UFP9	31.4	449	141	20	443	702	707	1.41e-53	205
q00008	UniRef50_A0A1H9N501	35.3	317	112	106	419	702	1139	2.64e-52	205
q00008	UniRef50_UPI000DA3F674	29.0	428	124	19	406	702	587	8.31e-51	195
q00008	UniRef50_A0A0T8UBA5	39.7	242	96	28	269	702	485	1.11e-50	192
q00008	UniRef50_A0A1H9KS80	32.1	355	114	64	410	702	591	1.68e-50	194
q00008	UniRef50_A0A1H9MRV8	40.8	265	108	171	429	702	982	2.00e-50	199
q00008	UniRef50_Q9Z4J8	39.3	242	95	28	269	702	501	2.13e-50	192
q00008	UniRef50_UPI00210CFB29	30.1	551	166	14	443	702	887	2.22e-50	198
q00008	UniRef50_UPI0020CFE3D0	30.0	420	126	33	435	702	427	4.03e-50	189
q00008	UniRef50_A0AA95SAR6	43.1	211	91	211	421	702	865	6.45e-50	196
q00008	UniRef50_UPI000783FDF1	49.1	220	108	166	379	702	1089	1.62e-49	196
q00008	UniRef50_UPI00326360CD	28.8	420	121	55	421	702	965	2.04e-49	196
q00008	UniRef50_A0A1H9MKY2	33.8	358	121	70	420	702	595	3.09e-49	191
q00008	UniRef50_A0A558ZQT2	42.6	195	83	28	222	702	177	4.94e-49	178
q00008	UniRef50_UPI002FFF104B	36.4	264	96	177	421	702	575	7.85e-49	189
q00008	UniRef50_D0BND2	45.9	209	96	211	419	702	518	1.37e-48	187
q00008	UniRef50_UPI0005E9ECE5	30.4	369	112	54	421	702	291	2.13e-48	180
q00008	UniRef50_UPI003A947F06	29.6	378	112	68	421	702	631	2.60e-48	189
q00008	UniRef50_A0A1H9GTZ3	30.8	354	109	122	459	702	500	3.46e-48	186
q00008	UniRef50_UPI001F35DCF3	27.2	635	173	24	552	702	923	2.03e-47	189
q00008	UniRef50_UPI000E2F4F61	33.4	335	112	89	421	702	627	2.19e-47	186
q00008	UniRef50_A0A1H9NU46	35.2	298	105	137	421	702	974	2.47e-47	189
q00008	UniRef50_A0A428DCS9	33.3	345	115	79	421	702	670	3.91e-47	186
q00008	UniRef50_U5MQ68	27.2	635	173	24	552	702	1435	4.29e-47	189
q00008	UniRef50_A0A7X3SJU1	30.0	383	115	54	420	702	931	9.32e-47	187
q00008	UniRef50_UPI00255182B6	29.6	385	114	53	423	702	766	6.79e-46	184
q00008	UniRef50_UPI0012AF52A3	35.6	315	112	127	421	702	515	1.01e-45	179
q00008	UniRef50_A0A4F2S2R3	43.5	223	97	211	431	702	332	2.98e-45	173
q00008	UniRef50_UPI000218178A	34.6	295	102	161	453	702	636	3.60e-45	180
q00008	UniRef50_C8NFB8	36.3	270	98	72	338	702	555	7.10e-45	177
q00008	UniRef50_UPI0026770EFB	26.9	449	121	28	457	702	530	3.07e-44	175
q00008	UniRef50_A0A4S3PJS1	30.5	413	126	19	421	702	745	3.98e-44	178
q00008	UniRef50_A0A1H9LX98	37.7	302	114	127	405	702	1406	4.62e-44	180
q00008	UniRef50_UPI00299F5F7A	36.6	314	115	127	420	702	2329	5.88e-44	180
q00008	UniRef50_A0A1H9Q0B2	32.8	274	90	19	271	702	515	6.06e-44	174
q00008	UniRef50_UPI0002181788	39.2	222	87	28	247	702	958	1.23e-43	178
q00008	UniRef50_UPI003219216C	39.7	239	95	188	420	702	322	1.49e-43	168
q00008	UniRef50_A0A412IXH0	25.5	596	152	28	538	702	883	1.71e-43	177
q00008	UniRef50_UPI003AF12BE8	25.4	641	163	13	589	702	1674	2.93e-43	178
q00008	UniRef50_UPI003B97F80B	24.6	414	102	23	421	702	823	4.19e-43	176
q00008	UniRef50_B7C7F3	26.9	449	121	28	457	702	2032	5.72e-43	177
q00008	UniRef50_A0A4R9C216	39.0	195	76	228	420	702	468	5.92e-43	170
q00008	UniRef50_UPI0038B97077	41.7	187	78	241	421	702	365	5.95e-43	167
q00008	UniRef50_A0A846TRK3	25.6	714	183	29	694	702	892	7.78e-43	176
q00008	UniRef50_A0A412IXV5	28.4	373	106	68	418	702	1034	1.11e-42	176
q00008	UniRef50_A0A4R9C3E8	42.8	187	80	241	421	702	573	1.87e-42	171
q00008	UniRef50_UPI0035656EDC	26.9	449	121	28	457	702	1511	2.11e-42	175
q00008	UniRef50_UPI00189A37CC	26.7	449	120	28	457	702	1080	2.12e-42	175
q00008	UniRef50_UPI00307A7EC9	26.9	449	121	28	457	702	843	2.76e-42	174
q00008	UniRef50_UPI00352C1E43	37.7	228	86	200	421	702	218	3.75e-42	160
q00008	UniRef50_A0A0T8UCR5	40.9	225	92	211	435	702	455	4.17e-42	167
q00008	UniRef50_UPI00242C3799	25.3	505	128	13	447	702	1972	4.30e-42	174
q00008	UniRef50_A0A4Q1RK95	27.8	421	117	32	418	702	697	6.02e-42	171
q00008	UniRef50_A0A3R9JZ10	46.6	176	82	211	386	702	265	7.56e-42	161
q00008	UniRef50_A0A4R9C235	35.6	194	69	234	421	702	362	9.71e-42	164
q00008	UniRef50_UPI00242AC3FE	27.3	455	124	19	420	702	559	9.73e-42	169
q00008	UniRef50_A0A6B3TLC3	26.4	768	203	1	698	702	728	1.07e-41	171
q00008	UniRef50_A0ABW4LMP5	40.1	242	97	474	702	702	620	1.20e-41	169
q00008	UniRef50_UPI000C79496E	27.3	410	112	53	432	702	867	1.34e-41	172
q00008	UniRef50_A0A1S0ZDK4	31.0	339	105	89	421	702	599	1.70e-41	169
q00008	UniRef50_A0A1H2LB95	28.6	318	91	108	421	702	377	1.89e-41	164
q00008	UniRef50_A0A428EJ70	36.7	218	80	16	231	702	504	1.91e-41	167
q00008	UniRef50_A0A1M5AAI5	30.3	400	121	26	421	702	749	2.29e-41	170
q00008	UniRef50_A0A0A5G6I4	37.7	276	104	441	702	702	483	2.47e-41	166
q00008	UniRef50_UPI0035A656F2	43.5	214	93	222	435	702	355	2.93e-41	162
q00008	UniRef50_UPI0039866825	36.9	206	76	28	231	702	293	3.05e-41	160
q00009	UniRef50_Q4WA45	91.2	467	426	1	467	467	450	3.76e-292	803
q00009	UniRef50_B0YEV0	94.8	349	331	1	349	467	355	6.85e-223	624
q00009	UniRef50_P46076	58.4	353	206	1	349	467	352	2.11e-134	399
q00009	UniRef50_A0A9W9EK52	56.4	319	180	27	343	467	354	5.72e-114	347
q00009	UniRef50_B8NWE1	61.1	275	168	76	349	467	284	3.06e-106	325
q00009	UniRef50_A0A9W9TXY3	52.6	323	170	25	345	467	375	4.53e-102	317
q00009	UniRef50_A0A395GKF5	51.0	345	176	10	349	467	351	6.68e-101	313
q00009	UniRef50_A0A2B7YVV1	49.4	324	160	27	346	467	367	7.22e-96	301
q00009	UniRef50_A0A1L9VWE0	49.0	345	169	16	349	467	358	6.13e-89	283
q00009	UniRef50_C1G1N6	46.3	326	151	27	349	467	358	3.05e-86	276
q00009	UniRef50_A0A074Y5D4	45.7	337	154	17	349	467	355	3.06e-82	266
q00009	UniRef50_A0A1J9RPU0	44.6	352	157	1	349	467	350	2.92e-81	263
q00009	UniRef50_A0A4S9VFN0	47.1	331	156	23	349	467	707	4.07e-81	273
q00009	UniRef50_A0A074X7P7	45.6	338	154	17	349	467	356	1.39e-80	261
q00009	UniRef50_A7F811	46.7	330	154	27	349	467	360	4.89e-79	258
q00009	UniRef50_C0IPP1	43.6	358	156	8	349	467	360	3.84e-78	255
q00009	UniRef50_A0A0G2E3A8	44.1	354	156	6	349	467	357	6.98e-78	254
q00009	UniRef50_A0A1D2JPF5	47.0	319	150	27	342	467	1322	1.03e-77	272
q00009	UniRef50_U1HZR6	44.5	326	145	27	349	467	360	2.37e-76	251
q00009	UniRef50_A0A139H839	43.9	326	143	27	343	467	365	3.04e-75	248
q00009	UniRef50_C5P3T4	42.2	329	139	20	346	467	363	2.47e-73	243
q00009	UniRef50_W2SCL3	42.5	325	138	27	349	467	355	6.00e-72	239
q00009	UniRef50_A0A2V1E3V2	43.3	335	145	21	349	467	347	1.87e-71	238
q00009	UniRef50_A0A6A7BBG8	44.6	327	146	27	347	467	515	2.09e-71	243
q00009	UniRef50_C5PE18	40.4	356	144	1	348	467	355	3.33e-71	237
q00009	UniRef50_UPI001D0458F7	40.8	368	150	8	349	467	374	6.32e-70	234
q00009	UniRef50_A0A0H4LUM0	41.5	347	144	8	349	467	347	1.60e-69	233
q00009	UniRef50_A0AAI8YI98	43.0	330	142	23	349	467	342	1.94e-69	232
q00009	UniRef50_A0A6G1GC24	41.8	337	141	25	349	467	367	5.66e-69	232
q00009	UniRef50_A0A9W4XKW8	41.3	329	136	27	349	467	350	1.36e-68	230
q00009	UniRef50_A0A6G1HPW2	41.8	330	138	24	349	467	359	2.48e-68	230
q00009	UniRef50_A0A9P6KU30	43.4	327	142	27	347	467	361	1.03e-67	228
q00009	UniRef50_A0A1B8GPZ2	41.9	344	144	27	349	467	369	1.30e-67	228
q00009	UniRef50_A0ACB8URA5	40.7	329	134	27	349	467	356	8.23e-65	221
q00009	UniRef50_A0A1V6XAL2	45.3	309	140	41	349	467	868	6.33e-64	230
q00009	UniRef50_A0A177CMI1	40.2	331	133	23	349	467	345	1.29e-63	217
q00009	UniRef50_Q0V1D7	41.2	357	147	1	349	467	354	1.67e-63	217
q00009	UniRef50_C5JHY1	38.6	342	132	23	349	467	366	3.29e-63	217
q00009	UniRef50_A0A3N4LBN3	37.9	335	127	36	357	467	378	6.42e-63	216
q00009	UniRef50_A0A0G2DS25	41.3	361	149	12	349	467	366	1.28e-62	215
q00009	UniRef50_A0AB34KPN2	40.6	325	132	29	349	467	358	1.44e-62	215
q00009	UniRef50_M3A9F9	39.4	350	138	3	343	467	356	1.05e-61	213
q00009	UniRef50_A0AAI8Z8M4	38.3	332	127	27	349	467	362	2.45e-61	212
q00009	UniRef50_A0AB34FZI2	38.3	334	128	17	347	467	591	2.47e-61	218
q00009	UniRef50_A0A1S8BFS5	40.8	365	149	12	353	467	545	3.68e-61	216
q00009	UniRef50_E3QWD3	38.2	327	125	27	349	467	351	1.39e-60	209
q00009	UniRef50_A0A6A6EYG7	48.6	257	125	99	349	467	268	1.89e-60	206
q00009	UniRef50_A0ACC2IVB5	41.0	327	134	27	347	467	772	1.69e-59	216
q00009	UniRef50_F7W495	38.4	328	126	27	349	467	351	2.95e-59	206
q00009	UniRef50_A0AB34FI36	37.7	329	124	27	349	467	368	6.57e-59	206
q00009	UniRef50_A0A177D4J4	40.0	330	132	27	349	467	357	6.85e-59	205
q00009	UniRef50_A0ABR3TT66	42.8	278	119	76	349	467	277	3.18e-57	198
q00009	UniRef50_A0A507BJR6	39.5	334	132	27	350	467	375	4.60e-57	201
q00009	UniRef50_A0A2U3DZQ9	39.5	314	124	27	336	467	585	1.76e-56	205
q00009	UniRef50_A0A8H7KAR6	36.4	330	120	27	353	467	433	3.88e-56	200
q00009	UniRef50_A0A3M6VYL7	62.3	162	101	189	349	467	162	8.88e-55	188
q00009	UniRef50_A0A2P5I3M5	36.5	359	131	1	349	467	353	1.13e-54	194
q00009	UniRef50_A0A8H4REB0	39.9	331	132	23	345	467	795	2.40e-54	202
q00009	UniRef50_G3JGX7	38.1	333	127	29	349	467	361	3.07e-52	188
q00009	UniRef50_A0A8H5QAX5	37.2	344	128	23	355	467	691	3.30e-52	195
q00009	UniRef50_M7SBJ9	33.8	367	124	1	349	467	365	4.76e-52	187
q00009	UniRef50_A0A7C8MRM6	37.1	329	122	27	347	467	786	9.46e-52	195
q00009	UniRef50_A0A6A6UG35	35.2	335	118	27	349	467	370	1.48e-51	186
q00009	UniRef50_D4D7X4	35.9	362	130	1	347	467	379	1.86e-51	186
q00009	UniRef50_UPI0020C59520	41.5	294	122	64	349	467	286	8.94e-51	182
q00009	UniRef50_A0ACC4E3K2	36.5	326	119	27	349	467	317	4.14e-50	181
q00009	UniRef50_C5PIJ9	35.5	355	126	1	342	467	412	4.29e-50	184
q00009	UniRef50_A0A6G1HZK9	34.4	326	112	27	348	467	351	7.22e-50	181
q00009	UniRef50_A0A2I2FRJ3	37.0	357	132	27	377	467	515	3.72e-49	184
q00009	UniRef50_A0A9P4NX92	35.4	333	118	25	347	467	380	1.55e-48	179
q00009	UniRef50_G3JDS2	35.4	336	119	27	349	467	360	3.63e-48	177
q00009	UniRef50_A0ABR1YKD1	35.6	331	118	27	349	467	356	6.41e-48	176
q00009	UniRef50_A0ACC1N5X2	35.9	334	120	27	349	467	345	6.80e-48	176
q00009	UniRef50_A0A9P5HHU0	35.9	329	118	27	349	467	352	1.65e-46	172
q00009	UniRef50_A0A3D8RZ94	36.9	333	123	25	349	467	503	1.10e-45	174
q00009	UniRef50_A0A0D9NPJ4	37.5	275	103	81	349	467	272	1.13e-45	168
q00009	UniRef50_W3WQD3	33.4	329	110	27	349	467	355	3.58e-45	169
q00009	UniRef50_UPI003CCE07E4	34.4	340	117	18	349	467	557	2.65e-44	171
q00009	UniRef50_A0AAE0WPC5	35.7	305	109	23	322	467	325	3.43e-44	166
q00009	UniRef50_Q0CDX5	36.7	330	121	27	349	467	576	4.84e-44	171
q00009	UniRef50_A0A0L1J722	33.8	346	117	27	366	467	412	6.90e-44	167
q00009	UniRef50_A0A6A6VUY5	34.2	333	114	20	349	467	343	7.48e-44	165
q00009	UniRef50_A0A2D3VHY7	33.6	330	111	27	349	467	336	1.23e-43	164
q00009	UniRef50_A0A179FEZ5	34.0	335	114	17	349	467	436	1.58e-43	167
q00009	UniRef50_A0A545W0B8	34.3	332	114	27	349	467	670	2.86e-43	170
q00009	UniRef50_A0A1L9TZA5	34.3	338	116	18	349	467	326	9.86e-43	162
q00009	UniRef50_A0ABR4IK35	35.3	329	116	25	349	467	565	1.98e-42	166
q00009	UniRef50_A0A1L9PBH8	34.9	338	118	18	349	467	719	2.14e-42	168
q00009	UniRef50_A0A1F7ZTD0	33.5	349	117	27	369	467	557	4.65e-42	165
q00009	UniRef50_A0A9N9UI41	36.6	328	120	27	349	467	335	6.49e-42	160
q00009	UniRef50_Q5B671	34.0	344	117	28	367	467	570	1.46e-41	164
q00009	UniRef50_A0A0G4LRL0	35.2	324	114	20	336	467	2674	1.57e-41	167
q00009	UniRef50_A0A9P6HV32	34.3	329	113	27	347	467	377	1.72e-41	160
q00009	UniRef50_A0A9W9D0G2	31.7	360	114	27	343	467	394	2.48e-41	160
q00009	UniRef50_A0A9P9A9F9	32.9	328	108	27	349	467	352	2.63e-41	159
q00009	UniRef50_A0A4Z1P551	33.2	331	110	27	351	467	355	3.92e-41	158
q00009	UniRef50_A0A9W8NKT2	33.1	347	115	1	339	467	660	4.08e-41	164
q00009	UniRef50_A0A010R8L4	35.4	325	115	27	345	467	357	4.10e-41	158
q00009	UniRef50_A0A179F0R5	35.2	330	116	25	349	467	347	1.22e-40	157
q00009	UniRef50_A0A0L0N7F7	33.8	325	110	27	349	467	361	2.35e-40	156
q00010	UniRef50_Q9C5P0	100	755	755	1	755	755	755	0.0	1561
q00010	UniRef50_Q9C5P1	65.6	683	448	95	754	755	693	4.42e-303	852
q00010	UniRef50_A0A8T2CIH0	64.1	683	438	78	734	755	1321	2.68e-282	822
q00010	UniRef50_D7KFJ2	60.1	729	438	39	743	755	978	1.28e-272	786
q00010	UniRef50_A0A8S9LK36	57.5	579	333	196	755	755	587	1.67e-223	646
q00010	UniRef50_A0A0D3CYS4	57.9	579	335	196	755	755	923	3.18e-218	645
q00010	UniRef50_A0A8S9KFT6	54.6	613	335	196	755	755	808	3.53e-213	628
q00010	UniRef50_A0A6D2KGH9	53.1	672	357	117	755	755	728	2.09e-202	597
q00010	UniRef50_A0A3P5YQS0	47.5	699	332	130	754	755	714	3.76e-185	553
q00010	UniRef50_A0A816SCY3	45.9	737	338	80	744	755	754	1.51e-180	542
q00010	UniRef50_M4EAZ0	46.0	713	328	81	725	755	893	1.55e-177	539
q00010	UniRef50_A0ABQ7M0Z1	45.6	724	330	81	725	755	1995	1.02e-169	544
q00010	UniRef50_Q9FF80	48.2	548	264	240	755	755	670	6.76e-162	491
q00010	UniRef50_A0ABQ7Z6F9	45.7	634	290	140	755	755	1591	1.39e-158	508
q00010	UniRef50_A0A8X7W209	56.3	407	229	364	755	755	594	1.17e-150	460
q00010	UniRef50_A0A178VLD0	70.9	357	253	28	380	755	390	5.19e-150	451
q00010	UniRef50_M4EJ11	45.0	562	253	232	755	755	635	6.69e-149	457
q00010	UniRef50_A0A8S9NST0	45.8	548	251	240	755	755	954	5.28e-145	457
q00010	UniRef50_I1M0I3	46.4	545	253	252	755	755	673	1.16e-144	447
q00010	UniRef50_A0A8X7VFE6	46.9	539	253	248	755	755	1087	3.30e-144	458
q00010	UniRef50_A0A0D3EHQ9	46.2	548	253	240	755	755	1339	2.02e-143	462
q00010	UniRef50_A0A9Q1QFQ4	48.1	532	256	256	751	755	1431	1.39e-142	462
q00010	UniRef50_V4JYI3	45.0	578	260	186	752	755	553	6.03e-142	436
q00010	UniRef50_A0A4P1RLN3	45.4	538	244	252	755	755	650	3.10e-141	437
q00010	UniRef50_A0A565AQK1	45.3	536	243	238	755	755	725	1.01e-140	439
q00010	UniRef50_A0A3P6CQ77	45.7	527	241	243	737	755	1011	7.87e-140	445
q00010	UniRef50_A0A8T2FMU0	78.8	288	227	94	380	755	287	5.75e-139	418
q00010	UniRef50_A0A8X7SDP6	43.1	687	296	81	694	755	1368	1.05e-136	445
q00010	UniRef50_A0A8J5Y6N9	44.4	558	248	230	751	755	1241	4.24e-136	441
q00010	UniRef50_A0A2G5EBW0	45.4	538	244	252	754	755	703	1.33e-134	422
q00010	UniRef50_A0A9R0S325	46.1	516	238	262	755	755	731	1.63e-133	420
q00010	UniRef50_A0A200R3C0	45.2	529	239	258	755	755	674	7.59e-132	414
q00010	UniRef50_A0A0E0LIL3	45.5	517	235	262	755	755	813	5.34e-129	411
q00010	UniRef50_A0A7J7NA50	44.3	531	235	256	755	755	685	5.35e-128	404
q00010	UniRef50_A0A4Y7KWU5	43.0	528	227	259	755	755	711	1.56e-127	404
q00010	UniRef50_A0A4S8K649	44.7	526	235	262	755	755	983	2.38e-127	411
q00010	UniRef50_K3XVA1	42.7	613	262	173	755	755	831	7.02e-127	406
q00010	UniRef50_A0AAP0R2Y3	45.6	531	242	257	754	755	740	9.67e-127	403
q00010	UniRef50_A0A843WD69	42.4	559	237	221	754	755	726	7.16e-126	400
q00010	UniRef50_A0A2U1N0S4	42.3	520	220	260	754	755	668	1.99e-122	389
q00010	UniRef50_A0A8T3BQC6	44.3	528	234	262	755	755	680	2.15e-121	387
q00010	UniRef50_K3XEX1	41.1	562	231	222	754	755	737	2.61e-121	389
q00010	UniRef50_J3L546	43.8	525	230	259	754	755	717	5.94e-121	387
q00010	UniRef50_A0A4Y7JF04	44.3	517	229	258	755	755	639	7.34e-121	384
q00010	UniRef50_A0A7N2M274	43.1	536	231	257	754	755	709	1.86e-120	385
q00010	UniRef50_A0A833QVH9	42.8	521	223	262	755	755	697	2.04e-119	382
q00010	UniRef50_A0A5C7ILU1	42.7	534	228	254	754	755	710	5.73e-119	382
q00010	UniRef50_A0A8R7P5I3	43.0	526	226	262	754	755	676	2.45e-118	379
q00010	UniRef50_A0A1E5UUU2	45.3	486	220	262	725	755	971	1.09e-117	385
q00010	UniRef50_A0A199V837	42.4	554	235	219	747	755	996	9.87e-117	384
q00010	UniRef50_A0AAQ3UWQ0	40.8	544	222	221	731	755	743	8.67e-116	374
q00010	UniRef50_A0A9Q0JP89	43.1	534	230	255	753	755	990	9.05e-116	381
q00010	UniRef50_A0A835J7L3	43.0	526	226	254	751	755	754	1.62e-115	374
q00010	UniRef50_A0A834WE13	44.0	527	232	260	754	755	1079	3.77e-115	381
q00010	UniRef50_A0A7J6FLF3	42.4	528	224	260	754	755	833	4.41e-114	372
q00010	UniRef50_Q93YF5	42.5	529	225	252	754	755	704	5.02e-114	369
q00010	UniRef50_A0AA35ZZ06	40.7	531	216	257	754	755	558	1.92e-113	362
q00010	UniRef50_A0A0D9WI03	43.7	504	220	259	731	755	1100	2.97e-113	377
q00010	UniRef50_A0A8R7UGF6	40.2	522	210	262	754	755	682	8.89e-112	362
q00010	UniRef50_A0ABM1QW75	45.4	476	216	78	539	755	475	1.43e-111	355
q00010	UniRef50_A0A5N6NGF2	41.1	501	206	259	731	755	1008	2.88e-111	369
q00010	UniRef50_A0A9R1S5C1	40.6	542	220	249	754	755	767	7.96e-111	362
q00010	UniRef50_A0A7I8KRQ3	40.5	524	212	263	754	755	607	9.32e-111	357
q00010	UniRef50_A0A5K1C725	43.4	532	231	261	755	755	745	1.26e-110	361
q00010	UniRef50_A0A2K2D8C5	39.2	523	205	262	752	755	677	1.64e-110	358
q00010	UniRef50_A0A8X8XVP5	42.2	526	222	254	738	755	903	9.59e-110	363
q00010	UniRef50_A0A5A7P095	40.8	532	217	257	754	755	1188	2.53e-109	368
q00010	UniRef50_A0AAV7F1E8	42.9	497	213	258	722	755	696	8.54e-108	352
q00010	UniRef50_UPI000E703128	41.8	481	201	290	754	755	472	3.64e-107	343
q00010	UniRef50_A0A834Z3X7	41.1	533	219	259	755	755	756	5.44e-107	352
q00010	UniRef50_V4JYI6	47.2	407	192	330	723	755	424	6.28e-107	341
q00010	UniRef50_A0A804QNB0	40.2	510	205	270	754	755	460	1.38e-106	341
q00010	UniRef50_A0A0E0FA88	39.7	559	222	222	751	755	1026	1.66e-106	357
q00010	UniRef50_A0A5A7R584	41.0	536	220	256	753	755	1211	1.78e-106	360
q00010	UniRef50_A0A8X8ZNQ7	40.1	546	219	238	752	755	1613	2.21e-106	365
q00010	UniRef50_M8CUQ1	39.7	522	207	262	752	755	1137	1.11e-105	357
q00010	UniRef50_W1NT86	42.3	537	227	261	755	755	689	4.36e-105	345
q00010	UniRef50_V4KT90	41.6	517	215	230	725	755	434	8.59e-103	330
q00010	UniRef50_A0A7J8YFS1	47.6	378	180	399	754	755	368	3.17e-102	327
q00010	UniRef50_A0A0K9PDY5	41.5	523	217	268	755	755	622	1.34e-101	333
q00010	UniRef50_UPI0026596BF3	38.0	545	207	234	754	755	690	1.46e-101	335
q00010	UniRef50_A0A833RQ47	37.8	576	218	225	755	755	631	3.35e-101	333
q00010	UniRef50_A0A067E1P9	44.7	405	181	247	623	755	534	5.15e-100	327
q00010	UniRef50_A0A6A3AGV1	38.0	547	208	230	754	755	573	5.98e-99	325
q00010	UniRef50_A0A087G109	40.4	525	212	143	642	755	528	3.54e-98	322
q00010	UniRef50_A0A5K0W507	38.6	539	208	261	752	755	808	1.49e-94	320
q00010	UniRef50_A0A0D2ZWW7	50.2	323	162	375	673	755	327	1.03e-91	298
q00010	UniRef50_A0A087FXX5	52.3	310	162	213	513	755	356	2.00e-90	295
q00010	UniRef50_A0A0R0GWV6	44.5	398	177	252	612	755	538	1.56e-88	296
q00010	UniRef50_A0AAV0DY59	41.9	442	185	338	754	755	432	1.58e-88	293
q00010	UniRef50_K3ZNT1	36.0	519	187	259	754	755	639	1.51e-87	297
q00010	UniRef50_A0A2Z6MU96	43.2	419	181	257	634	755	595	2.69e-87	295
q00010	UniRef50_A0ACC2C301	38.1	538	205	258	752	755	701	4.67e-87	297
q00010	UniRef50_A0ACC2D3T6	38.6	528	204	262	752	755	924	7.28e-87	302
q00010	UniRef50_A0A7N0UD35	43.3	406	176	230	604	755	602	2.39e-86	293
q00010	UniRef50_UPI0025AD3AA7	39.2	530	208	259	748	755	1070	4.59e-86	302
q00010	UniRef50_A0A833VKX9	37.7	544	205	268	755	755	794	4.73e-86	297
q00010	UniRef50_A0A8D9D4X7	53.8	264	142	474	725	755	448	5.59e-86	287
q00010	UniRef50_A0A0D6QUL4	40.4	490	198	290	754	755	1050	9.28e-86	301
q00010	UniRef50_A0A396HYZ2	35.8	528	189	256	752	755	955	2.19e-84	296
q00011	UniRef50_R1CW23	82.1	308	253	56	363	383	341	2.96e-192	542
q00011	UniRef50_A0A7S0ZW40	59.0	271	160	79	349	383	629	2.76e-111	346
q00011	UniRef50_A0A7S0DXU7	58.9	275	162	83	349	383	301	3.50e-109	330
q00011	UniRef50_A0ABN8Q6F7	57.2	269	154	83	349	383	278	4.86e-106	321
q00011	UniRef50_A0AB34IPS1	56.9	267	152	83	349	383	659	2.92e-105	332
q00011	UniRef50_A0ABN9UFB5	56.8	257	146	84	338	383	418	7.83e-100	310
q00011	UniRef50_P0DN22	51.6	285	147	65	348	383	301	1.42e-95	295
q00011	UniRef50_A0A7S4VPB9	50.4	280	141	70	349	383	715	5.19e-95	306
q00011	UniRef50_A0A812PTR1	51.5	274	141	75	348	383	828	3.13e-93	305
q00011	UniRef50_A0A9P1GG19	54.3	267	145	82	348	383	1427	2.04e-91	308
q00011	UniRef50_A0ABP0HKL9	50.7	276	140	75	349	383	566	1.18e-90	291
q00011	UniRef50_A0A1Q9EEQ9	53.0	264	140	86	348	383	646	2.86e-87	285
q00011	UniRef50_A0A9N8F2Q5	53.3	261	139	81	338	383	563	8.13e-87	281
q00011	UniRef50_A0ABP0QRA7	53.5	254	136	74	327	383	2014	1.67e-86	295
q00011	UniRef50_UPI003DA11D64	54.4	252	137	63	312	383	261	1.40e-85	268
q00011	UniRef50_A0A6C0AHA1	48.9	266	130	83	348	383	321	3.45e-85	269
q00011	UniRef50_A0A812LZ63	54.5	242	132	84	325	383	459	3.79e-84	271
q00011	UniRef50_UPI00273EFA92	48.9	266	130	82	346	383	274	2.77e-83	263
q00011	UniRef50_UPI003F528E17	48.2	274	132	82	349	383	296	1.13e-82	262
q00011	UniRef50_UPI003F52575B	45.4	273	124	82	349	383	301	5.99e-81	258
q00011	UniRef50_A0A7S1WEC6	52.4	227	119	95	321	383	225	3.25e-80	253
q00011	UniRef50_A0ABP0JXJ6	49.8	275	137	84	355	383	1758	5.75e-80	276
q00011	UniRef50_A0AAD9D896	45.1	266	120	82	346	383	370	3.97e-76	248
q00011	UniRef50_A0ABP0JXP3	54.1	242	131	67	308	383	743	2.28e-74	253
q00011	UniRef50_A0A0D3IH89	46.8	267	125	81	346	383	417	2.08e-72	239
q00011	UniRef50_A0A9P1CDK1	45.8	275	126	69	301	383	431	2.38e-71	237
q00011	UniRef50_A0ABP0HFM7	55.8	215	120	75	289	383	408	9.96e-71	235
q00011	UniRef50_A0A0G4HSL6	45.6	272	124	72	338	383	892	2.99e-69	242
q00011	UniRef50_A0AAE0GZ12	48.8	244	119	79	317	383	3730	3.05e-67	239
q00011	UniRef50_A0AAE0BGX0	43.0	286	123	79	353	383	5227	2.30e-65	234
q00011	UniRef50_UPI0034E44062	56.0	182	102	84	263	383	194	1.68e-63	209
q00011	UniRef50_A0A7S3AVA8	45.0	240	108	82	319	383	425	1.27e-61	212
q00011	UniRef50_R1ERP2	46.3	242	112	82	319	383	532	1.15e-59	209
q00011	UniRef50_A0A7S3W2X3	48.2	195	94	155	349	383	300	2.20e-59	202
q00011	UniRef50_A0A7S2D6G9	37.7	308	116	82	356	383	320	5.50e-59	202
q00011	UniRef50_A0A0G4G1J6	48.4	223	108	84	304	383	615	4.20e-58	207
q00011	UniRef50_A0A7S0NG25	51.8	193	100	159	350	383	287	3.64e-57	196
q00011	UniRef50_A0A7S0NFX5	53.0	181	96	159	338	383	191	4.74e-56	190
q00011	UniRef50_A0A812S2Q1	43.2	243	105	84	322	383	584	4.99e-56	201
q00011	UniRef50_UPI003F524D7C	50.5	184	93	82	259	383	224	7.43e-55	188
q00011	UniRef50_UPI003F528034	47.4	209	99	73	276	383	227	1.27e-53	185
q00011	UniRef50_A0A7S0NWA4	42.3	246	104	61	304	383	671	3.84e-52	192
q00011	UniRef50_A0AAD7UD40	39.3	244	96	74	316	383	268	6.67e-52	182
q00011	UniRef50_A0A812R4G0	44.6	195	87	144	338	383	527	7.49e-52	189
q00011	UniRef50_A0A9P1C9S6	42.7	227	97	84	304	383	1343	1.08e-50	191
q00011	UniRef50_A0A7S3SCJ3	69.0	116	80	122	237	383	117	4.73e-50	172
q00011	UniRef50_A0A7S1RDV0	45.1	173	78	176	348	383	171	3.69e-49	171
q00011	UniRef50_A0A7S1PXR6	47.8	161	77	130	290	383	157	1.86e-48	169
q00011	UniRef50_A0AAE0GEG9	40.6	254	103	83	310	383	596	3.36e-46	175
q00011	UniRef50_A0A0D3KID2	50.0	160	80	187	346	383	249	3.56e-45	164
q00011	UniRef50_A0A812RB19	41.7	223	93	83	302	383	1404	2.48e-44	173
q00011	UniRef50_A0A9P1BXF1	38.2	233	89	80	310	383	652	5.91e-43	167
q00011	UniRef50_A0AB34JSS3	39.8	254	101	84	314	383	763	5.00e-42	165
q00011	UniRef50_A0A7S0J449	51.9	158	82	122	277	383	154	1.62e-41	151
q00011	UniRef50_A0A7S2K182	36.3	212	77	110	321	383	223	4.54e-41	152
q00011	UniRef50_UPI003DA1AE38	61.4	114	70	84	196	383	150	6.55e-39	144
q00011	UniRef50_A0A812Z9J1	37.9	224	85	84	304	383	1112	3.03e-37	152
q00011	UniRef50_UPI00315CFA09	40.3	221	89	83	301	383	244	3.81e-37	142
q00011	UniRef50_A0A1Q9CZ11	37.1	224	83	84	304	383	689	5.79e-36	147
q00011	UniRef50_A0A812W127	36.4	236	86	82	311	383	733	7.14e-36	147
q00011	UniRef50_A0A7S1X019	57.0	114	65	66	178	383	121	1.13e-32	127
q00011	UniRef50_UPI0034E488E1	47.4	156	74	128	281	383	154	1.53e-32	127
q00011	UniRef50_UPI0034E4E87D	54.9	113	62	207	318	383	109	8.32e-32	124
q00011	UniRef50_D9QPM1	33.8	240	81	83	317	383	259	2.74e-28	119
q00011	UniRef50_A0A644YLT0	31.1	241	75	78	317	383	253	8.93e-28	118
q00011	UniRef50_A0A1L7GXG7	32.7	254	83	69	317	383	254	1.77e-27	117
q00011	UniRef50_UPI00044CE547	31.9	229	73	83	309	383	245	2.77e-27	116
q00011	UniRef50_A0A923LLJ7	32.6	239	78	83	317	383	253	3.33e-27	116
q00011	UniRef50_W4Q226	32.6	221	72	83	301	383	242	1.86e-26	114
q00011	UniRef50_UPI0034E5A140	32.0	256	82	84	336	383	196	3.10e-26	112
q00011	UniRef50_A0ABM9MPI2	33.6	223	75	83	304	383	237	3.19e-26	113
q00011	UniRef50_A0A6V2X8Y5	29.5	258	76	74	319	383	379	3.69e-26	116
q00011	UniRef50_A0A7S2FPX5	56.6	83	47	75	157	383	102	6.19e-26	108
q00011	UniRef50_A0A1H3VXD2	34.6	234	81	84	311	383	242	6.92e-26	112
q00011	UniRef50_UPI0016480077	32.3	226	73	78	301	383	242	9.61e-26	112
q00011	UniRef50_A0A931F7J2	33.8	234	79	84	311	383	248	2.12e-25	111
q00011	UniRef50_UPI00141E6CC0	34.2	222	76	84	301	383	245	7.35e-25	110
q00011	UniRef50_A0A7X5VIH4	31.7	243	77	84	324	383	246	7.52e-25	110
q00011	UniRef50_A0AA35CI72	36.2	218	79	84	298	383	250	8.22e-25	110
q00011	UniRef50_F4LWD3	30.9	230	71	84	310	383	242	9.52e-25	109
q00011	UniRef50_K4P0Z3	31.1	238	74	83	317	383	261	1.45e-24	109
q00011	UniRef50_A0A1M5SHS1	30.5	239	73	83	317	383	243	3.60e-24	108
q00011	UniRef50_A0A2R6AHC3	32.2	230	74	83	310	383	218	3.87e-24	107
q00011	UniRef50_A0A9Q7EYK5	31.9	229	73	84	310	383	234	4.07e-24	107
q00011	UniRef50_UPI002FB99D4F	29.7	229	68	84	310	383	238	4.46e-24	107
q00011	UniRef50_A0A0P1JCI3	31.5	241	76	83	320	383	242	6.76e-24	107
q00011	UniRef50_A0A6L6IUG3	33.6	238	80	83	317	383	244	9.79e-24	107
q00011	UniRef50_UPI003D1386B0	32.5	240	78	82	317	383	349	1.92e-23	108
q00011	UniRef50_A0A1M7LLS8	35.0	220	77	84	298	383	247	2.01e-23	106
q00011	UniRef50_UPI00102F940C	32.8	238	78	84	317	383	263	2.82e-23	106
q00011	UniRef50_A0A498D2K7	32.1	218	70	84	301	383	237	5.91e-23	104
q00011	UniRef50_A0A812XFE8	66.7	66	44	79	144	383	217	7.17e-23	103
q00011	UniRef50_A0A1H1WQD8	29.2	240	70	74	311	383	249	1.06e-22	104
q00011	UniRef50_UPI003448291A	34.1	223	76	84	301	383	249	1.06e-22	104
q00011	UniRef50_UPI00147B4C2C	31.1	241	75	83	318	383	354	1.40e-22	106
q00011	UniRef50_UPI0015A06317	31.4	226	71	83	304	383	249	1.47e-22	103
q00011	UniRef50_UPI0026706D94	31.0	229	71	84	310	383	238	1.60e-22	103
q00011	UniRef50_A0A1G5ZAA0	31.6	228	72	84	307	383	241	2.37e-22	103
q00011	UniRef50_UPI000E5B4C00	32.3	229	74	84	306	383	239	3.13e-22	102
q00011	UniRef50_W4LB01	31.4	229	72	84	310	383	233	3.80e-22	102
q00012	UniRef50_Q9L0Q6	100	613	613	1	613	613	613	0.0	1237
q00012	UniRef50_A0A917QXQ1	89.4	434	388	180	613	613	434	9.88e-296	817
q00012	UniRef50_A0AAT9HZJ6	86.5	340	294	148	487	613	484	1.32e-220	629
q00012	UniRef50_A0A919TN46	59.2	473	280	148	613	613	471	1.22e-200	578
q00012	UniRef50_A0A229RTM1	58.5	463	271	148	610	613	463	1.97e-197	569
q00012	UniRef50_C4LH17	58.4	471	275	148	610	613	473	9.22e-196	565
q00012	UniRef50_A0A5N5E443	59.4	463	275	148	610	613	560	4.08e-191	557
q00012	UniRef50_A6W6G0	57.8	469	271	148	610	613	471	4.89e-190	551
q00012	UniRef50_A0A8J3KKE9	57.4	470	270	150	612	613	469	1.21e-187	545
q00012	UniRef50_P9WFW1	57.5	461	265	150	610	613	469	4.86e-187	543
q00012	UniRef50_Q6NFC3	57.9	468	271	148	610	613	463	1.12e-186	542
q00012	UniRef50_A0A9X2GXW5	62.6	420	263	193	610	613	418	1.97e-183	532
q00012	UniRef50_A0A1B9NBJ6	53.9	466	251	148	610	613	460	1.82e-174	511
q00012	UniRef50_C5C8X5	53.8	485	261	151	610	613	485	1.14e-171	504
q00012	UniRef50_A0A9Q0C0G0	52.5	474	249	150	613	613	781	3.88e-165	498
q00012	UniRef50_Q6ADI1	52.4	477	250	148	610	613	477	7.68e-165	487
q00012	UniRef50_UPI001C892472	58.7	419	246	148	565	613	691	5.18e-160	482
q00012	UniRef50_A0ABW0AL59	85.0	260	221	352	611	613	262	6.30e-154	451
q00012	UniRef50_UPI0031B5FE55	52.1	478	249	148	599	613	783	4.92e-151	462
q00012	UniRef50_UPI002A817F18	57.0	384	219	148	518	613	392	5.17e-151	448
q00012	UniRef50_A0A8J3XKV2	52.5	446	234	159	598	613	439	1.84e-150	449
q00012	UniRef50_A0A430FQI8	47.0	517	243	150	610	613	527	6.14e-150	451
q00012	UniRef50_Q2J545	46.6	526	245	150	610	613	524	7.87e-150	450
q00012	UniRef50_A0A0R2P0M3	59.0	349	206	150	497	613	351	1.60e-149	443
q00012	UniRef50_U2QGW3	56.4	381	215	148	522	613	464	7.84e-148	443
q00012	UniRef50_Q8G7G5	47.2	515	243	150	610	613	546	2.06e-147	445
q00012	UniRef50_Q39ZL8	44.3	490	217	148	610	613	485	1.24e-132	405
q00012	UniRef50_A0A6N6NP65	43.8	507	222	150	610	613	505	6.65e-129	396
q00012	UniRef50_A0A1V3X1J6	65.8	272	179	160	431	613	372	7.51e-129	391
q00012	UniRef50_A0A7G1I422	66.4	262	174	150	411	613	267	1.01e-127	384
q00012	UniRef50_A0A251XKV1	44.4	496	220	148	610	613	483	1.04e-127	392
q00012	UniRef50_Q0A7N3	44.3	469	208	150	608	613	462	8.42e-127	389
q00012	UniRef50_A0A0S7WEV6	43.3	476	206	150	608	613	470	1.73e-125	386
q00012	UniRef50_A0A7Y2E9C7	45.8	474	217	148	607	613	469	9.42e-125	384
q00012	UniRef50_Q3A8C9	42.8	479	205	148	608	613	481	2.19e-123	381
q00012	UniRef50_A0A154BV48	39.0	482	188	148	608	613	479	2.57e-121	375
q00012	UniRef50_Q9I2U7	44.5	467	208	150	610	613	460	5.59e-121	374
q00012	UniRef50_P21888	43.7	469	205	150	608	613	461	1.62e-120	373
q00012	UniRef50_Q2RWK2	43.4	465	202	148	608	613	459	3.40e-119	369
q00012	UniRef50_A0A537LKS1	40.8	503	205	150	610	613	520	4.10e-119	371
q00012	UniRef50_Q60BG8	43.3	473	205	150	608	613	465	3.26e-118	367
q00012	UniRef50_A0A6V8PF34	42.0	493	207	148	612	613	486	4.47e-118	367
q00012	UniRef50_A0A445MWK1	40.7	491	200	148	610	613	501	5.06e-118	368
q00012	UniRef50_B0VH02	40.9	472	193	152	610	613	469	5.22e-118	367
q00012	UniRef50_A0A7K3NI89	43.6	493	215	150	610	613	485	8.64e-118	367
q00012	UniRef50_UPI002F3EB886	46.0	437	201	195	610	613	431	8.70e-118	365
q00012	UniRef50_Q83GF1	42.4	474	201	148	601	613	466	1.34e-117	365
q00012	UniRef50_A0A7V3NTA2	40.1	464	186	150	610	613	452	1.71e-117	365
q00012	UniRef50_Q1H417	42.0	464	195	150	608	613	455	2.65e-117	364
q00012	UniRef50_A0LIR9	39.4	495	195	148	611	613	493	1.24e-116	364
q00012	UniRef50_Q65PC8	40.3	477	192	148	611	613	467	4.33e-116	362
q00012	UniRef50_M5DS70	41.7	465	194	148	609	613	456	8.61e-116	360
q00012	UniRef50_A0AAX1QFH2	40.6	478	194	148	611	613	467	8.63e-116	361
q00012	UniRef50_Q2IQG7	42.9	485	208	148	610	613	481	9.48e-116	361
q00012	UniRef50_A0A0U0R6C6	58.6	295	173	254	548	613	316	1.07e-115	355
q00012	UniRef50_A0A6J7NZ68	44.0	470	207	148	608	613	459	1.34e-115	360
q00012	UniRef50_Q06752	40.3	479	193	148	611	613	466	3.32e-115	359
q00012	UniRef50_A0A1W1I268	42.5	475	202	150	608	613	477	3.32e-115	360
q00012	UniRef50_B9LZV4	41.0	498	204	150	610	613	494	5.63e-115	360
q00012	UniRef50_A0A075WUZ4	39.8	483	192	149	608	613	489	3.80e-114	357
q00012	UniRef50_A0A7G1H0Q4	39.9	486	194	149	610	613	710	4.40e-114	364
q00012	UniRef50_B5YID4	38.7	489	189	150	610	613	487	5.04e-114	357
q00012	UniRef50_D0LUF0	40.5	494	200	150	610	613	495	1.28e-113	356
q00012	UniRef50_C8WYR8	40.8	488	199	150	610	613	485	1.33e-113	356
q00012	UniRef50_A0A660KY89	43.5	471	205	148	607	613	470	2.35e-113	355
q00012	UniRef50_Q3ZAD5	41.0	466	191	150	610	613	458	4.52e-113	353
q00012	UniRef50_A0A6J4V0Y5	42.4	479	203	150	613	613	475	5.45e-113	354
q00012	UniRef50_A0ABP9CBM6	58.2	294	171	321	612	613	311	1.28e-112	347
q00012	UniRef50_Q83BL7	41.5	465	193	148	608	613	460	1.35e-112	352
q00012	UniRef50_Q9RTT6	41.4	483	200	150	608	613	498	1.56e-112	353
q00012	UniRef50_A0A2J0KXU3	40.1	484	194	150	608	613	474	2.96e-112	352
q00012	UniRef50_A0L4P8	40.0	485	194	148	609	613	490	4.84e-112	352
q00012	UniRef50_Q72BQ5	41.1	494	203	150	610	613	485	5.86e-112	352
q00012	UniRef50_Q5FQ31	42.3	468	198	145	608	613	452	1.17e-111	350
q00012	UniRef50_UPI00225008C7	41.2	490	202	151	610	613	497	1.19e-111	351
q00012	UniRef50_A0A3R8T431	39.3	516	203	149	611	613	514	1.42e-111	352
q00012	UniRef50_A0A0W0V7T8	39.9	466	186	150	608	613	453	1.71e-111	349
q00012	UniRef50_A0A176WH81	40.0	533	213	122	608	613	616	1.77e-111	355
q00012	UniRef50_A0AA51UIT3	38.3	486	186	148	608	613	478	1.87e-111	350
q00012	UniRef50_A0A2M7JAM9	37.5	502	188	150	608	613	503	2.02e-111	351
q00012	UniRef50_A0A411YDN0	41.7	472	197	150	608	613	466	2.56e-111	349
q00012	UniRef50_Q8P8J0	41.2	464	191	148	608	613	457	5.43e-111	348
q00012	UniRef50_A0A7Y0E367	43.0	465	200	150	605	613	456	7.43e-111	348
q00012	UniRef50_UPI003CFE3424	44.5	472	210	150	608	613	942	2.99e-110	360
q00012	UniRef50_O67163	39.4	493	194	148	608	613	495	9.79e-110	346
q00012	UniRef50_D1YY42	39.6	475	188	148	607	613	471	1.32e-109	345
q00012	UniRef50_Q9KGF4	39.5	478	189	148	612	613	466	1.59e-109	345
q00012	UniRef50_A0A399FTS2	40.9	472	193	150	608	613	461	1.92e-109	344
q00012	UniRef50_A0A2R6CC82	40.2	480	193	150	608	613	464	2.11e-109	344
q00012	UniRef50_A0A075H0V7	41.5	480	199	150	608	613	471	2.62e-109	344
q00012	UniRef50_Q9AAY2	41.6	471	196	148	610	613	463	4.07e-109	343
q00012	UniRef50_A0A0U4FUC8	39.0	482	188	148	611	613	470	7.12e-109	343
q00012	UniRef50_A0A5Q2RFT6	40.3	466	188	141	605	613	617	1.21e-108	347
q00012	UniRef50_A0A9Y1BPU2	39.5	483	191	150	610	613	476	1.21e-108	343
q00012	UniRef50_UPI0026EBD48B	39.9	476	190	151	608	613	472	1.51e-108	342
q00012	UniRef50_Q6FC71	38.8	464	180	152	608	613	473	1.55e-108	342
q00012	UniRef50_Q8U227	38.7	478	185	150	608	613	477	1.76e-108	342
q00012	UniRef50_A0A918PTY2	82.0	205	168	407	611	613	207	2.51e-108	332
q00012	UniRef50_Q8ETZ9	38.4	479	184	148	611	613	468	2.65e-108	342
q00012	UniRef50_A0A1J5ISN2	40.5	472	191	148	610	613	457	2.66e-108	341
q00013	UniRef50_Q0PF16	93.0	515	479	1	515	515	497	0.0	948
q00013	UniRef50_Q9C035	83.7	515	431	1	515	515	493	1.11e-307	846
q00013	UniRef50_Q5D7J1	83.3	515	429	1	515	515	493	1.23e-304	838
q00013	UniRef50_Q5D7I0	63.5	524	333	1	515	515	494	6.98e-227	641
q00013	UniRef50_A0A2K6BI88	95.7	300	287	1	300	515	329	2.29e-196	557
q00013	UniRef50_A0A2K6EIK1	58.4	517	302	1	511	515	482	3.26e-193	555
q00013	UniRef50_A0A7J7X346	54.4	529	288	1	515	515	497	2.77e-183	531
q00013	UniRef50_A0A3Q1LM24	53.5	540	289	1	514	515	511	2.57e-182	529
q00013	UniRef50_A0A5F9DBS8	56.1	515	289	1	511	515	490	5.79e-181	525
q00013	UniRef50_Q9C035-3	89.3	300	268	1	300	515	347	2.77e-180	517
q00013	UniRef50_A0A2K6FJ17	54.8	524	287	1	515	515	488	1.43e-178	518
q00013	UniRef50_Q9BYJ4	55.5	524	291	1	515	515	488	5.79e-178	517
q00013	UniRef50_Q9C030	53.8	522	281	1	515	515	488	8.17e-173	504
q00013	UniRef50_A0A8C6C6F8	52.9	522	276	1	515	515	487	1.48e-170	498
q00013	UniRef50_D2HU24	52.7	518	273	7	515	515	488	2.48e-169	495
q00013	UniRef50_A0AAA9S823	52.3	522	273	1	515	515	737	1.73e-164	491
q00013	UniRef50_Q8IYM9	50.2	532	267	1	515	515	498	3.44e-164	482
q00013	UniRef50_A0A8C6S086	49.6	536	266	1	515	515	497	9.45e-164	481
q00013	UniRef50_G1PLN5	53.1	524	278	1	515	515	823	1.55e-163	492
q00013	UniRef50_A0A2Y9S3S4	50.9	523	266	8	515	515	499	5.34e-161	474
q00013	UniRef50_A0A6P3J4X5	52.5	524	275	1	515	515	1137	7.75e-160	491
q00013	UniRef50_UPI0026EAB71F	51.4	531	273	1	515	515	813	9.23e-160	482
q00013	UniRef50_A0A6B0S6W3	52.0	527	274	1	515	515	922	9.46e-159	483
q00013	UniRef50_A0A8M1G4R0	52.3	520	272	6	515	515	1274	3.15e-158	491
q00013	UniRef50_A0A8I3WWT3	76.7	300	230	1	300	515	328	4.27e-155	452
q00013	UniRef50_Q99PP6	49.3	523	258	1	511	515	485	8.53e-154	455
q00013	UniRef50_A0A9B0WWD0	48.3	538	260	1	515	515	517	5.18e-150	447
q00013	UniRef50_A0A061IEZ6	46.4	545	253	1	514	515	731	7.72e-150	454
q00013	UniRef50_A0A8J6DW14	51.4	516	265	1	510	515	2000	1.93e-149	479
q00013	UniRef50_Q9C035-5	85.7	265	227	1	265	515	271	1.71e-147	431
q00013	UniRef50_A0A2K5NB45	50.0	524	262	1	515	515	427	4.35e-147	436
q00013	UniRef50_A0A671F018	46.9	525	246	7	515	515	500	8.80e-147	438
q00013	UniRef50_D2HU23	46.1	525	242	8	515	515	494	1.21e-142	427
q00013	UniRef50_H0XGJ7	49.6	500	248	1	487	515	472	3.35e-142	425
q00013	UniRef50_P15533	44.4	529	235	1	515	515	496	4.18e-141	423
q00013	UniRef50_A0A8C8TCP1	46.8	519	243	1	515	515	812	1.29e-140	432
q00013	UniRef50_A0A061IEZ4	42.7	583	249	1	515	515	552	3.57e-140	423
q00013	UniRef50_A0A7J7ESR4	50.9	477	243	1	467	515	494	1.15e-137	414
q00013	UniRef50_A0A091EPL5	45.8	520	238	1	513	515	444	1.02e-136	410
q00013	UniRef50_D3YVI9	43.6	541	236	1	515	515	513	3.87e-135	409
q00013	UniRef50_A0ACB9UTW9	55.5	400	222	1	398	515	712	8.49e-132	407
q00013	UniRef50_A0A836CW36	47.9	501	240	3	426	515	765	1.02e-130	405
q00013	UniRef50_B0ZE33	84.8	223	189	293	515	515	203	4.52e-130	384
q00013	UniRef50_UPI0004DB221C	86.1	244	210	88	331	515	400	1.33e-128	388
q00013	UniRef50_Q05CU3	88.1	218	192	1	218	515	219	4.50e-124	369
q00013	UniRef50_A0A8C0I764	61.7	300	185	1	300	515	299	1.50e-114	348
q00013	UniRef50_A0A7J7WYG4	61.0	323	197	1	322	515	711	7.10e-113	358
q00013	UniRef50_A0A8B9YVW1	48.9	440	215	81	514	515	475	1.18e-112	350
q00013	UniRef50_Q50EX1	75.8	215	163	301	515	515	195	7.68e-111	335
q00013	UniRef50_A0A5E4DD77	50.3	384	193	84	467	515	426	9.08e-111	343
q00013	UniRef50_A0A836CW37	56.8	322	183	1	322	515	472	1.36e-110	344
q00013	UniRef50_A0A5N3XDB0	41.5	537	223	1	510	515	474	9.10e-109	340
q00013	UniRef50_A0A8C0SXE5	56.8	322	183	1	321	515	759	6.61e-108	346
q00013	UniRef50_UPI004053938B	60.1	291	175	1	291	515	668	4.41e-106	339
q00013	UniRef50_UPI00187A2A01	66.3	258	171	1	258	515	448	1.15e-105	331
q00013	UniRef50_A0A7J7ESH9	45.5	455	207	74	515	515	402	3.04e-105	328
q00013	UniRef50_A0A8C9QCT7	43.5	503	219	1	493	515	433	4.05e-105	329
q00013	UniRef50_F6ZKU6	60.1	293	176	1	291	515	292	2.08e-104	322
q00013	UniRef50_A0A3Q1MQM2	63.8	260	166	1	260	515	276	3.42e-104	321
q00013	UniRef50_A0A2I3SKU0	48.9	399	195	124	515	515	388	9.79e-103	321
q00013	UniRef50_A0A5B8NH00	55.7	300	167	1	300	515	359	2.17e-102	319
q00013	UniRef50_A0A5B8NGS1	55.7	300	167	1	300	515	476	5.29e-102	322
q00013	UniRef50_A0A7J7WB74	62.9	256	161	1	256	515	258	1.52e-100	311
q00013	UniRef50_A0A7J7ESR3	45.4	471	214	1	457	515	836	1.60e-100	329
q00013	UniRef50_P19474	39.0	520	203	1	511	515	475	2.52e-99	315
q00013	UniRef50_Q5RFC9	60.2	264	159	1	264	515	264	5.94e-99	307
q00013	UniRef50_A0A286XBJ4	57.5	287	165	1	287	515	288	6.69e-99	308
q00013	UniRef50_UPI003855D2B6	56.0	300	168	1	300	515	580	8.93e-99	317
q00013	UniRef50_Q9BYJ4-2	62.6	257	161	1	257	515	270	2.06e-98	306
q00013	UniRef50_A0A2U4CE25	59.4	271	161	1	271	515	281	4.22e-98	305
q00013	UniRef50_A0ABM0SFU0	67.8	227	154	24	250	515	399	1.71e-94	300
q00013	UniRef50_H0UXG5	56.1	287	161	1	287	515	284	1.50e-93	294
q00013	UniRef50_A0AAD4U405	61.8	249	154	3	251	515	560	3.24e-93	302
q00013	UniRef50_A0A8B7GCK7	38.8	503	195	1	500	515	476	6.78e-93	299
q00013	UniRef50_A0AAD4U0I7	59.8	259	155	1	259	515	717	1.12e-91	303
q00013	UniRef50_A0A384DM08	59.0	251	148	1	250	515	293	4.02e-90	285
q00013	UniRef50_Q62191	37.0	492	182	11	500	515	470	3.02e-89	289
q00013	UniRef50_A0A091DZV2	46.3	363	168	155	514	515	330	7.48e-89	283
q00013	UniRef50_A0A7J7VL65	45.0	387	174	143	515	515	374	5.94e-88	283
q00013	UniRef50_B4DQS5	45.5	374	170	159	515	515	349	2.15e-87	280
q00013	UniRef50_A0A8U0TB04	54.9	264	145	1	262	515	281	5.36e-87	277
q00013	UniRef50_A0A6P3HS41	48.9	354	173	173	514	515	360	6.03e-87	280
q00013	UniRef50_A0A7J8EV52	49.4	324	160	202	515	515	296	1.75e-86	276
q00013	UniRef50_A0A1A6HQ10	39.0	451	176	114	513	515	393	2.34e-86	279
q00013	UniRef50_UPI0007EDF067	55.0	258	142	1	258	515	263	3.31e-86	274
q00013	UniRef50_A0A7J7ESS4	37.8	547	207	24	515	515	463	1.29e-85	280
q00013	UniRef50_A0A8C8YE34	43.2	389	168	133	514	515	356	1.30e-84	273
q00013	UniRef50_UPI0011AE2BB3	47.4	304	144	1	300	515	346	1.90e-84	273
q00013	UniRef50_A0A6P3F9V8	51.7	292	151	1	292	515	462	3.84e-84	276
q00013	UniRef50_H0VY60	52.6	287	151	1	287	515	252	1.80e-82	264
q00013	UniRef50_A0AAD4Y8P3	44.9	385	173	1	384	515	406	2.58e-82	269
q00013	UniRef50_A0A834A4F8	75.1	173	130	1	173	515	193	2.78e-82	261
q00013	UniRef50_G1PPW9	34.0	529	180	9	512	515	484	3.03e-82	271
q00013	UniRef50_Q6AZZ1	33.2	530	176	9	512	515	485	4.38e-82	271
q00013	UniRef50_A0A7J7ETC0	61.8	225	139	1	225	515	224	5.60e-82	262
q00013	UniRef50_L8YC17	55.6	250	139	1	250	515	225	6.47e-81	259
q00013	UniRef50_A0AAX6QJT3	55.2	250	138	1	250	515	250	2.95e-80	258
q00013	UniRef50_S7NSP0	72.4	174	126	1	174	515	178	1.18e-79	254
q00013	UniRef50_A0A9J7JJL1	53.0	253	134	1	253	515	301	1.54e-79	258
q00013	UniRef50_A0A9J7GTS0	52.9	259	137	1	259	515	396	3.58e-79	261
q00014	UniRef50_Q9MTL3	100	517	517	1	517	517	517	0.0	989
q00014	UniRef50_A0A0U2SMJ4	74.9	509	381	1	509	517	406	4.38e-242	676
q00014	UniRef50_Q09X08	73.2	287	210	223	509	517	498	2.39e-141	424
q00014	UniRef50_A0A518QWC9	70.5	292	206	217	508	517	358	7.90e-141	417
q00014	UniRef50_A0AAU6PJ10	70.9	292	207	214	505	517	346	2.40e-139	413
q00014	UniRef50_P49158	72.3	289	209	223	504	517	432	2.81e-139	416
q00014	UniRef50_A0A172W3E6	72.6	277	201	229	505	517	342	2.96e-139	413
q00014	UniRef50_A0A6M8AZG7	73.8	279	206	231	509	517	570	5.38e-139	421
q00014	UniRef50_A0A411K4U3	72.0	286	206	224	509	517	579	7.12e-139	421
q00014	UniRef50_Q33C25	72.9	284	207	224	507	517	495	7.93e-139	417
q00014	UniRef50_Q2MI91	72.9	284	207	224	507	517	490	9.53e-139	417
q00014	UniRef50_Q0G9L0	73.3	273	200	232	504	517	488	1.01e-137	414
q00014	UniRef50_A6MM45	73.0	278	203	232	509	517	489	1.05e-137	414
q00014	UniRef50_Q332W9	71.9	285	205	223	505	517	508	1.37e-137	415
q00014	UniRef50_B2LMK2	72.6	277	201	229	505	517	483	3.46e-137	413
q00014	UniRef50_A0A2S0STG8	70.2	292	205	229	502	517	505	4.98e-137	413
q00014	UniRef50_A0A649X593	71.2	281	200	224	504	517	496	7.46e-137	412
q00014	UniRef50_A0A7S8J2M4	71.6	278	199	228	505	517	498	2.25e-136	411
q00014	UniRef50_A0A291FI44	73.6	265	195	240	504	517	419	5.39e-136	407
q00014	UniRef50_A0A289E1E5	71.2	278	198	228	505	517	626	3.02e-135	413
q00014	UniRef50_A0A8E7UEZ7	70.5	268	189	240	507	517	359	1.83e-134	401
q00014	UniRef50_P30064	73.3	266	195	240	505	517	493	4.94e-134	405
q00014	UniRef50_A0A0K1L666	73.7	266	196	240	505	517	501	5.12e-133	403
q00014	UniRef50_Q9M3L7	69.9	282	197	224	505	517	491	7.44e-133	402
q00014	UniRef50_B5LMN4	68.0	297	202	223	504	517	460	1.09e-132	400
q00014	UniRef50_A0A649UBI2	68.3	287	196	223	509	517	547	6.18e-132	402
q00014	UniRef50_A0A6B9TV26	69.2	286	198	223	499	517	348	9.32e-132	394
q00014	UniRef50_A0AAU6QCI1	67.9	287	195	226	509	517	324	2.31e-131	392
q00014	UniRef50_A0A411K4L2	70.1	281	197	224	504	517	514	3.51e-131	399
q00014	UniRef50_A0A481P631	73.7	266	196	240	505	517	732	8.83e-131	405
q00014	UniRef50_V9TIC2	71.1	273	194	232	504	517	464	1.13e-130	395
q00014	UniRef50_Q3BAN3	68.1	285	194	229	505	517	497	1.16e-130	397
q00014	UniRef50_A0ABD3E5P0	68.7	284	195	226	509	517	473	2.14e-130	395
q00014	UniRef50_A0A890A365	69.4	281	195	229	507	517	370	3.20e-130	391
q00014	UniRef50_UPI00240F4AD2	69.7	277	193	229	505	517	477	3.45e-130	395
q00014	UniRef50_A0A222AIR7	69.3	274	190	232	505	517	551	4.46e-130	397
q00014	UniRef50_A0A7T0CMV7	71.3	268	191	243	510	517	271	9.49e-130	386
q00014	UniRef50_A0A1J0I0G4	66.9	293	196	227	504	517	459	4.37e-129	391
q00014	UniRef50_A0A8X7XPU7	74.8	262	196	232	493	517	796	5.41e-129	402
q00014	UniRef50_A0A1Z1CKV9	70.1	281	197	239	504	517	538	9.49e-129	393
q00014	UniRef50_A0A2S1UBM5	69.3	277	192	228	504	517	576	1.08e-128	394
q00014	UniRef50_A0AAW1GAU4	70.7	266	188	243	507	517	347	5.38e-128	384
q00014	UniRef50_A0A220NCW8	69.8	268	187	232	499	517	278	4.52e-127	379
q00014	UniRef50_A0A6B9PIW4	68.1	279	190	229	505	517	469	5.48e-127	386
q00014	UniRef50_A0A8K1JDT3	68.8	282	194	231	510	517	385	7.85e-127	383
q00014	UniRef50_A0A0H3W7U6	76.0	242	184	264	505	517	248	8.94e-127	377
q00014	UniRef50_A0AAV9CB88	68.8	272	187	231	502	517	431	1.28e-126	384
q00014	UniRef50_UPI0023AAFD2F	70.1	281	197	229	507	517	727	1.64e-126	394
q00014	UniRef50_A0A8K1JDH3	68.3	278	190	229	504	517	345	3.26e-126	380
q00014	UniRef50_A0A140E9Y9	70.5	264	186	240	499	517	421	1.48e-125	381
q00014	UniRef50_A0A1Z1CE95	63.4	314	199	217	504	517	541	1.49e-125	385
q00014	UniRef50_A0AAU6QBW7	67.5	283	191	227	505	517	607	5.42e-125	386
q00014	UniRef50_A0A346RMS9	67.5	280	189	228	505	517	584	5.47e-125	385
q00014	UniRef50_A0A4Y6I469	68.2	274	187	233	506	517	494	7.77e-125	382
q00014	UniRef50_A0A8K1N5G0	70.3	276	194	231	504	517	468	1.36e-124	380
q00014	UniRef50_A0A1B1FBS3	69.6	260	181	240	499	517	343	1.39e-124	375
q00014	UniRef50_A0A346RMA9	67.5	280	189	228	505	517	651	1.93e-124	386
q00014	UniRef50_A0A0K1H2F8	63.4	284	180	218	501	517	390	3.40e-124	376
q00014	UniRef50_A0A481X2F5	60.2	332	200	240	507	517	559	1.63e-123	380
q00014	UniRef50_A0A481P458	60.1	328	197	222	509	517	505	2.47e-123	378
q00014	UniRef50_A0A4D5Y933	69.4	281	195	229	507	517	941	3.88e-122	388
q00014	UniRef50_A0A346RMJ4	67.1	280	188	228	505	517	784	3.89e-122	384
q00014	UniRef50_A0ABQ4X7Q2	71.7	258	185	229	486	517	892	6.97e-122	386
q00014	UniRef50_A0A4P9JJS0	65.2	296	193	215	505	517	741	9.96e-122	382
q00014	UniRef50_A0A0B4PKY8	66.4	271	180	235	505	517	452	1.66e-121	372
q00014	UniRef50_A0A8K1JC54	70.0	267	187	240	504	517	482	2.16e-121	372
q00014	UniRef50_A4QJK8	65.2	282	184	228	509	517	488	3.69e-121	372
q00014	UniRef50_P56765	67.2	271	182	236	506	517	488	1.04e-120	371
q00014	UniRef50_UPI001BEEB86C	70.1	281	197	229	507	517	1366	1.33e-120	393
q00014	UniRef50_A0A8A0WQY9	64.9	276	179	226	501	517	498	2.01e-120	370
q00014	UniRef50_Q2QD80	61.1	311	190	231	509	517	523	2.18e-120	371
q00014	UniRef50_A0A7G7WQS3	68.0	278	189	227	504	517	754	3.05e-120	378
q00014	UniRef50_A0A5C7I4E1	78.7	230	181	264	493	517	548	4.66e-120	371
q00014	UniRef50_A0A5C7GQ84	79.1	230	182	264	493	517	603	5.95e-120	373
q00014	UniRef50_A0A0X8IHF7	66.5	278	185	228	504	517	715	1.21e-119	375
q00014	UniRef50_A0A1D0CJN5	59.0	332	196	227	504	517	452	1.50e-119	367
q00014	UniRef50_A0A894JQA6	63.3	275	174	236	510	517	368	3.08e-119	363
q00014	UniRef50_A0AA49ENG7	66.9	278	186	228	504	517	795	4.78e-119	376
q00014	UniRef50_Q9GDV3	62.2	294	183	227	501	517	457	9.95e-119	365
q00014	UniRef50_A0A8A2XQK7	59.5	326	194	226	509	517	474	4.81e-118	363
q00014	UniRef50_A0A6B9XRL0	63.7	278	177	231	506	517	280	7.95e-118	356
q00014	UniRef50_A0A0F6NLQ5	55.8	346	193	238	504	517	556	2.95e-117	364
q00014	UniRef50_P31562	67.0	267	179	240	505	517	497	5.55e-117	362
q00014	UniRef50_A0A6A4NLU1	73.9	241	178	264	504	517	247	8.14e-117	352
q00014	UniRef50_D5MAT4	59.9	312	187	226	508	517	729	1.65e-116	368
q00014	UniRef50_A0A8T3C4U2	74.9	231	173	275	505	517	233	2.83e-116	350
q00014	UniRef50_UPI0021D2603B	66.1	271	179	241	504	517	284	4.18e-116	352
q00014	UniRef50_A0A6B9TYE9	63.3	267	169	240	506	517	358	4.56e-116	354
q00014	UniRef50_A0A6M9ZWN1	60.6	315	191	231	505	517	1104	1.35e-115	375
q00014	UniRef50_A0A7T4XAJ3	56.3	339	191	227	504	517	601	9.63e-115	359
q00014	UniRef50_A0A8F2PUU0	64.8	270	175	232	501	517	348	1.05e-114	350
q00014	UniRef50_A0A9E8AF95	66.4	265	176	243	506	517	292	3.56e-114	347
q00014	UniRef50_A0A8A6KVT4	64.0	283	181	222	501	517	613	3.80e-114	358
q00014	UniRef50_UPI00226D2AF3	58.2	330	192	224	501	517	736	4.71e-114	362
q00014	UniRef50_A0A9E8MI63	54.5	354	193	227	504	517	595	6.39e-114	357
q00014	UniRef50_A0A5P9RZS7	60.9	284	173	227	506	517	395	1.40e-113	349
q00014	UniRef50_A0A3S4Q1Y9	76.7	223	171	275	497	517	308	1.74e-113	346
q00014	UniRef50_A0A6C0NBY1	59.7	290	173	235	501	517	301	5.50e-113	344
q00014	UniRef50_A0AAV9DU51	62.9	272	171	231	502	517	310	1.06e-112	344
q00014	UniRef50_A0A385JPN7	57.8	320	185	228	509	517	547	1.40e-112	352
q00015	UniRef50_Q7TVV6	100	701	701	1	701	701	701	0.0	1378
q00015	UniRef50_UPI00045A63DB	99.9	671	670	1	671	701	1081	0.0	1322
q00015	UniRef50_UPI00045B6C82	99.9	671	670	1	671	701	1005	0.0	1322
q00015	UniRef50_UPI00045A7B80	99.9	671	670	1	671	701	986	0.0	1322
q00015	UniRef50_UPI0039E8FA42	99.7	671	669	1	671	701	910	0.0	1320
q00015	UniRef50_UPI00207A10E2	98.8	677	669	1	671	701	954	0.0	1314
q00015	UniRef50_P9WQB3	91.7	701	643	1	701	701	644	0.0	1246
q00015	UniRef50_A0A655ILE6	88.9	701	623	1	701	701	625	0.0	1203
q00015	UniRef50_Q9CB76	74.3	692	514	8	699	701	607	0.0	978
q00015	UniRef50_K0JTL9	71.8	575	413	1	575	701	597	2.19e-294	824
q00015	UniRef50_I1D7F1	70.4	557	392	19	575	701	594	1.05e-279	787
q00015	UniRef50_P42455	67.6	564	381	19	575	701	616	4.59e-267	756
q00015	UniRef50_A0A097ID93	65.2	575	375	8	575	701	610	8.79e-256	727
q00015	UniRef50_A0A1T3VRR6	85.9	411	353	72	482	701	412	2.23e-254	715
q00015	UniRef50_E2SB27	67.6	543	367	34	575	701	579	5.10e-252	716
q00015	UniRef50_A0A1H0I2J7	67.4	549	370	34	575	701	580	5.28e-252	716
q00015	UniRef50_A1R6V4	63.7	546	348	34	575	701	579	4.83e-240	686
q00015	UniRef50_B0RCQ8	63.9	548	350	36	575	701	588	6.65e-240	686
q00015	UniRef50_A6WDF2	65.4	547	358	34	575	701	575	1.69e-239	684
q00015	UniRef50_A0A2I1PBE8	62.5	578	361	10	575	701	789	3.37e-237	686
q00015	UniRef50_A0ABM8GEE1	64.7	546	353	34	575	701	926	1.45e-235	687
q00015	UniRef50_O31046	61.8	547	338	34	575	701	573	1.57e-229	659
q00015	UniRef50_A0A918UVC4	60.1	552	332	33	583	701	607	9.01e-225	648
q00015	UniRef50_A0A1H9N292	61.2	544	333	36	575	701	586	2.00e-223	644
q00015	UniRef50_A0A2P8D281	62.0	542	336	36	575	701	570	3.72e-222	640
q00015	UniRef50_A0A5C7EW31	60.1	531	319	42	572	701	569	1.25e-217	628
q00015	UniRef50_Q2RT17	59.4	537	319	42	575	701	558	1.68e-212	615
q00015	UniRef50_A0A9Q0C0C2	60.4	535	323	45	572	701	846	4.27e-209	617
q00015	UniRef50_Q8UD63	55.5	530	294	45	572	701	558	5.65e-203	590
q00015	UniRef50_Q886Y1	54.6	531	290	42	572	701	556	5.38e-195	570
q00015	UniRef50_Q9HXK5	54.4	531	289	42	572	701	556	1.23e-193	566
q00015	UniRef50_UPI003C7D08C6	68.6	407	279	34	438	701	408	1.75e-193	560
q00015	UniRef50_A0A7C9QST2	55.3	530	293	43	571	701	550	2.29e-192	563
q00015	UniRef50_W6JSU5	69.3	394	273	34	427	701	612	3.46e-189	557
q00015	UniRef50_A0A7U3UP70	53.3	572	305	16	571	701	650	6.11e-189	558
q00015	UniRef50_A0A8J3QSB1	53.1	563	299	11	572	701	610	2.60e-188	555
q00015	UniRef50_A0AAE6NRD6	51.9	553	287	22	571	701	607	7.57e-187	551
q00015	UniRef50_UPI0036E87355	55.8	500	279	28	527	701	575	2.07e-186	549
q00015	UniRef50_L7VNN4	52.5	530	278	45	572	701	555	1.36e-184	543
q00015	UniRef50_D2ATJ4	53.9	545	294	37	575	701	579	6.99e-183	540
q00015	UniRef50_C7QJN7	52.6	549	289	41	575	701	573	1.14e-182	539
q00015	UniRef50_A0A124IA87	50.7	570	289	11	575	701	586	2.84e-181	536
q00015	UniRef50_A0A9P1BW36	52.5	531	279	41	560	701	1051	1.42e-180	550
q00015	UniRef50_Q97MC5	51.2	523	268	56	572	701	558	3.57e-180	532
q00015	UniRef50_A0A0M2HRZ6	51.6	558	288	18	572	701	585	3.55e-179	531
q00015	UniRef50_A0A0C7K6X7	51.2	533	273	40	571	701	558	4.05e-179	530
q00015	UniRef50_A0A0G1YQW5	51.1	536	274	43	572	701	581	8.79e-179	530
q00015	UniRef50_B5HTY3	57.3	459	263	30	488	701	593	9.27e-179	530
q00015	UniRef50_Q5YVA5	53.5	518	277	18	527	701	580	4.82e-178	528
q00015	UniRef50_A0KLS9	53.2	521	277	56	575	701	552	7.53e-178	526
q00015	UniRef50_A0A8J3HYQ9	49.3	537	265	41	576	701	582	2.06e-177	526
q00015	UniRef50_A0A378QAC5	50.3	541	272	45	575	701	576	3.38e-177	525
q00015	UniRef50_A0A2D3E326	54.0	489	264	25	513	701	566	3.88e-176	522
q00015	UniRef50_A0LBW3	50.7	537	272	40	575	701	559	4.34e-176	522
q00015	UniRef50_A0A5N0E3V2	56.4	473	267	18	490	701	475	1.81e-174	514
q00015	UniRef50_A0A1I1XBG5	48.1	539	259	42	572	701	565	2.41e-174	518
q00015	UniRef50_A0A0L0M8U3	60.2	410	247	42	451	701	413	2.67e-173	509
q00015	UniRef50_A0ABW7Z7C0	50.8	561	285	41	597	701	515	8.13e-173	512
q00015	UniRef50_A0A8J3SRZ1	57.4	455	261	34	488	701	449	5.38e-172	507
q00015	UniRef50_A0A1T4L0E3	50.9	528	269	54	572	701	578	1.35e-171	511
q00015	UniRef50_A0A0U1DEG4	52.3	537	281	18	552	701	1272	1.41e-168	525
q00015	UniRef50_A0A420XVL9	49.4	542	268	32	572	701	578	2.77e-168	503
q00015	UniRef50_A0ABR3GBM4	50.6	547	277	42	572	701	1043	3.62e-168	518
q00015	UniRef50_A0A5M8PTI6	49.1	558	274	42	578	701	632	4.04e-168	504
q00015	UniRef50_O59736	51.3	544	279	42	572	701	584	4.78e-168	502
q00015	UniRef50_A0AB34G553	50.7	550	279	42	572	701	1163	9.32e-168	520
q00015	UniRef50_A0A6A6VHU1	48.5	557	270	42	579	701	589	1.13e-167	501
q00015	UniRef50_UPI00286E6641	64.3	414	266	177	575	701	440	1.87e-167	495
q00015	UniRef50_A0A1Q9D5H3	51.3	540	277	36	560	701	2327	7.88e-166	535
q00015	UniRef50_A0AAN8R9W7	48.8	566	276	42	580	701	617	3.57e-165	496
q00015	UniRef50_A0A7X5TSQ9	53.3	495	264	1	488	701	485	5.70e-165	491
q00015	UniRef50_A0A2U3E0G0	50.9	550	280	42	572	701	1519	8.48e-165	521
q00015	UniRef50_UPI00389AB7C8	53.0	457	242	36	490	701	520	1.32e-164	491
q00015	UniRef50_A0A1E3BEA5	48.7	557	271	42	572	701	648	2.72e-164	495
q00015	UniRef50_A0A167F8Y7	49.7	555	276	42	583	701	576	4.24e-164	492
q00015	UniRef50_A0A163LLU8	49.9	549	274	42	571	701	1195	4.93e-164	511
q00015	UniRef50_A0A9P8JAT6	49.3	542	267	52	574	701	979	5.45e-164	505
q00015	UniRef50_L0DTH4	51.1	517	264	60	575	701	567	6.30e-164	491
q00015	UniRef50_A0A409Y6W9	48.6	553	269	40	572	701	791	2.72e-163	497
q00015	UniRef50_A0AAF0YA27	48.3	598	289	42	572	701	899	3.81e-163	500
q00015	UniRef50_A0A421DCD4	49.5	550	272	42	572	701	1468	1.38e-162	514
q00015	UniRef50_A0A444J8V3	58.2	402	234	70	471	701	401	1.82e-162	481
q00015	UniRef50_A0A378AEF8	57.9	411	238	40	450	701	420	3.54e-162	481
q00015	UniRef50_D8J0Q1	46.8	570	267	42	589	701	575	1.04e-161	486
q00015	UniRef50_A0AAJ4W8H2	47.2	532	251	41	571	701	557	2.31e-161	484
q00015	UniRef50_UPI002A8185DE	54.7	428	234	51	478	701	422	3.05e-161	479
q00015	UniRef50_A0A0C3LEW8	47.9	560	268	42	572	701	687	4.63e-161	488
q00015	UniRef50_A0A841SHR6	53.8	457	246	33	488	701	444	1.31e-160	478
q00015	UniRef50_UPI000C09C9AF	53.8	450	242	42	490	701	512	4.68e-160	479
q00015	UniRef50_A0A8J3SYG9	53.3	454	242	36	488	701	451	6.67e-160	476
q00015	UniRef50_A0A0C3BHL3	46.5	564	262	39	572	701	632	7.38e-160	483
q00015	UniRef50_A0A4U9HGY2	50.9	452	230	42	493	701	498	9.35e-159	475
q00015	UniRef50_A0AAV9P263	46.7	553	258	42	572	701	714	9.40e-159	483
q00015	UniRef50_A0A5N6YHA4	48.5	550	267	42	572	701	1412	2.20e-158	501
q00015	UniRef50_A0A813GYZ5	55.3	430	238	36	459	701	766	2.24e-158	484
q00015	UniRef50_A0A1M7Z2Z0	46.8	534	250	40	572	701	567	2.31e-158	477
q00015	UniRef50_A0A2N6NE32	48.5	557	270	42	576	701	841	6.94e-158	485
q00015	UniRef50_A0A4S4LIX6	45.8	552	253	55	582	701	607	8.40e-158	477
q00015	UniRef50_A0A5M9MZY7	49.5	550	272	42	572	701	2183	1.09e-156	508
q00015	UniRef50_A0ABR5I1D7	57.5	405	233	31	435	701	412	2.02e-156	466
q00016	UniRef50_P9WQB3	100	644	644	1	644	644	644	0.0	1276
q00016	UniRef50_Q7TVV6	91.7	701	643	1	644	644	701	0.0	1246
q00016	UniRef50_A0A655ILE6	96.9	644	624	1	644	644	625	0.0	1229
q00016	UniRef50_UPI00045A63DB	100	614	614	1	614	644	1081	0.0	1224
q00016	UniRef50_UPI00045B6C82	100	614	614	1	614	644	1005	0.0	1224
q00016	UniRef50_UPI00045A7B80	100	614	614	1	614	644	986	0.0	1224
q00016	UniRef50_UPI0039E8FA42	99.8	614	613	1	614	644	910	0.0	1222
q00016	UniRef50_UPI00207A10E2	98.9	620	613	1	614	644	954	0.0	1216
q00016	UniRef50_Q9CB76	80.9	635	514	8	642	644	607	0.0	1000
q00016	UniRef50_K0JTL9	66.9	644	431	1	644	644	597	1.01e-299	835
q00016	UniRef50_I1D7F1	66.5	626	416	19	644	644	594	1.59e-288	807
q00016	UniRef50_P42455	63.7	631	402	19	642	644	616	2.35e-274	772
q00016	UniRef50_A0A097ID93	61.5	642	395	8	642	644	610	1.87e-262	741
q00016	UniRef50_A0A1H0I2J7	62.9	618	389	34	644	644	580	2.27e-258	730
q00016	UniRef50_E2SB27	63.3	610	386	34	642	644	579	1.26e-257	728
q00016	UniRef50_A0A1T3VRR6	85.9	411	353	72	482	644	412	1.97e-255	716
q00016	UniRef50_A1R6V4	60.0	615	369	34	644	644	579	9.19e-248	703
q00016	UniRef50_A6WDF2	61.9	616	381	34	644	644	575	4.57e-247	701
q00016	UniRef50_B0RCQ8	59.5	617	367	36	644	644	588	3.91e-244	694
q00016	UniRef50_A0A2I1PBE8	58.4	646	377	10	643	644	789	5.75e-241	694
q00016	UniRef50_A0ABM8GEE1	64.7	546	353	34	575	644	926	1.30e-236	687
q00016	UniRef50_O31046	58.0	616	357	34	644	644	573	1.43e-235	672
q00016	UniRef50_A0A918UVC4	57.3	611	350	33	642	644	607	5.89e-231	661
q00016	UniRef50_A0A2P8D281	58.3	611	356	36	644	644	570	3.45e-228	653
q00016	UniRef50_A0A1H9N292	57.5	612	352	36	643	644	586	2.45e-227	651
q00016	UniRef50_A0A5C7EW31	56.0	600	336	42	641	644	569	3.12e-221	635
q00016	UniRef50_A0A9Q0C0C2	56.8	604	343	45	641	644	846	4.91e-214	627
q00016	UniRef50_Q2RT17	59.4	537	319	42	575	644	558	1.60e-213	615
q00016	UniRef50_Q8UD63	55.5	530	294	45	572	644	558	1.56e-203	590
q00016	UniRef50_Q886Y1	51.2	600	307	42	641	644	556	2.88e-198	576
q00016	UniRef50_Q9HXK5	50.7	601	305	42	642	644	556	5.35e-196	570
q00016	UniRef50_UPI003C7D08C6	68.8	407	280	34	438	644	408	7.60e-196	564
q00016	UniRef50_A0A7C9QST2	55.3	530	293	43	571	644	550	2.29e-193	563
q00016	UniRef50_A0A7U3UP70	50.4	643	324	16	642	644	650	2.94e-193	567
q00016	UniRef50_A0AAE6NRD6	48.9	626	306	22	644	644	607	5.63e-193	565
q00016	UniRef50_W6JSU5	69.3	394	273	34	427	644	612	3.49e-190	558
q00016	UniRef50_C7QJN7	49.8	615	306	41	641	644	573	1.22e-188	552
q00016	UniRef50_A0A8J3QSB1	52.9	563	298	11	572	644	610	8.50e-188	551
q00016	UniRef50_UPI0036E87355	55.8	500	279	28	527	644	575	2.11e-187	549
q00016	UniRef50_L7VNN4	48.9	601	294	45	643	644	555	2.45e-186	546
q00016	UniRef50_D2ATJ4	50.8	612	311	37	642	644	579	3.90e-186	546
q00016	UniRef50_A0A124IA87	47.9	639	306	11	644	644	586	3.20e-184	541
q00016	UniRef50_Q97MC5	47.8	592	283	56	641	644	558	5.70e-183	537
q00016	UniRef50_A0A0G1YQW5	48.2	608	293	43	644	644	581	6.18e-183	538
q00016	UniRef50_A0A9P1BW36	48.8	611	298	41	640	644	1051	5.17e-182	551
q00016	UniRef50_A0A0M2HRZ6	51.6	558	288	18	572	644	585	7.38e-180	530
q00016	UniRef50_A0A0C7K6X7	51.2	533	273	40	571	644	558	8.46e-180	529
q00016	UniRef50_B5HTY3	57.3	459	263	30	488	644	593	9.64e-180	530
q00016	UniRef50_Q5YVA5	53.5	518	277	18	527	644	580	7.11e-179	528
q00016	UniRef50_A0A8J3HYQ9	45.8	602	276	41	641	644	582	7.60e-179	528
q00016	UniRef50_A0KLS9	53.2	521	277	56	575	644	552	7.87e-179	526
q00016	UniRef50_A0A378QAC5	50.3	541	272	45	575	644	576	3.54e-178	526
q00016	UniRef50_A0LBW3	50.7	537	272	40	575	644	559	4.56e-177	522
q00016	UniRef50_A0A2D3E326	54.0	489	264	25	513	644	566	8.17e-177	522
q00016	UniRef50_A0A1I1XBG5	48.1	539	259	42	572	644	565	2.55e-175	518
q00016	UniRef50_A0ABW7Z7C0	51.0	561	286	41	597	644	515	3.78e-175	516
q00016	UniRef50_A0A5N0E3V2	56.4	473	267	18	490	644	475	3.84e-175	514
q00016	UniRef50_UPI00286E6641	59.4	483	287	177	644	644	440	1.29e-174	511
q00016	UniRef50_A0A8J3SRZ1	57.6	455	262	34	488	644	449	2.51e-174	511
q00016	UniRef50_A0A0L0M8U3	60.2	410	247	42	451	644	413	2.85e-174	509
q00016	UniRef50_A0A1T4L0E3	46.9	597	280	54	641	644	578	7.20e-173	512
q00016	UniRef50_O59736	47.7	616	294	42	644	644	584	2.00e-171	509
q00016	UniRef50_A0A5M8PTI6	46.3	620	287	42	640	644	632	1.92e-170	508
q00016	UniRef50_A0A420XVL9	46.2	608	281	32	638	644	578	1.49e-169	504
q00016	UniRef50_A0ABR3GBM4	47.6	616	293	42	641	644	1043	2.73e-169	518
q00016	UniRef50_A0A0U1DEG4	52.3	537	281	18	552	644	1272	2.92e-169	525
q00016	UniRef50_A0A6A6VHU1	45.6	618	282	42	640	644	589	6.07e-169	503
q00016	UniRef50_A0AB34G553	50.7	550	279	42	572	644	1163	9.87e-169	520
q00016	UniRef50_A0A1Q9D5H3	48.1	620	298	36	640	644	2327	6.52e-168	538
q00016	UniRef50_A0AAN8R9W7	46.2	626	289	42	640	644	617	1.21e-167	500
q00016	UniRef50_A0A167F8Y7	47.1	614	289	42	641	644	576	5.10e-167	497
q00016	UniRef50_UPI00389AB7C8	53.2	457	243	36	490	644	520	6.33e-167	495
q00016	UniRef50_A0A409Y6W9	45.7	623	285	40	642	644	791	8.39e-167	504
q00016	UniRef50_A0AAF0YA27	45.7	667	305	42	641	644	899	1.19e-166	507
q00016	UniRef50_L0DTH4	51.3	517	265	60	575	644	567	3.04e-166	495
q00016	UniRef50_A0A1E3BEA5	45.8	625	286	42	640	644	648	3.70e-166	498
q00016	UniRef50_A0A2U3E0G0	50.9	550	280	42	572	644	1519	9.03e-166	521
q00016	UniRef50_A0A7X5TSQ9	53.3	495	264	1	488	644	485	1.25e-165	490
q00016	UniRef50_A0A9P8JAT6	46.2	608	281	52	640	644	979	2.96e-165	506
q00016	UniRef50_A0A163LLU8	49.9	549	274	42	571	644	1195	1.47e-164	510
q00016	UniRef50_A0A558CFX3	64.1	396	254	249	644	644	351	3.43e-164	481
q00016	UniRef50_A0A421DCD4	49.5	550	272	42	572	644	1468	1.48e-163	514
q00016	UniRef50_A0AAJ4W8H2	44.4	602	267	41	641	644	557	2.25e-163	487
q00016	UniRef50_A0A444J8V3	58.2	402	234	70	471	644	401	4.05e-163	481
q00016	UniRef50_A0A0C3BHL3	44.2	634	280	39	642	644	632	6.41e-163	489
q00016	UniRef50_A0A378AEF8	57.9	411	238	40	450	644	420	7.87e-163	481
q00016	UniRef50_D8J0Q1	44.7	619	277	42	641	644	575	8.15e-163	486
q00016	UniRef50_A0A8J3SYG9	53.5	454	243	36	488	644	451	3.27e-162	480
q00016	UniRef50_UPI002A8185DE	54.7	428	234	51	478	644	422	3.39e-162	479
q00016	UniRef50_A0A0C3LEW8	47.9	560	268	42	572	644	687	5.10e-162	488
q00016	UniRef50_A0A4S4LIX6	44.0	612	269	55	642	644	607	2.60e-161	484
q00016	UniRef50_A0A841SHR6	53.8	457	246	33	488	644	444	2.92e-161	478
q00016	UniRef50_UPI000C09C9AF	53.8	450	242	42	490	644	512	5.21e-161	479
q00016	UniRef50_A0AAV9P263	44.0	621	273	42	640	644	714	2.62e-160	485
q00016	UniRef50_A0A2N6NE32	45.4	621	282	42	640	644	841	1.37e-159	487
q00016	UniRef50_A0A4U9HGY2	50.9	452	230	42	493	644	498	2.09e-159	475
q00016	UniRef50_A0A5N6YHA4	48.5	550	267	42	572	644	1412	2.39e-159	502
q00016	UniRef50_A0A813GYZ5	55.3	430	238	36	459	644	766	2.48e-159	484
q00016	UniRef50_A0A081CMQ8	46.0	633	291	38	640	644	975	4.75e-159	490
q00016	UniRef50_A0A1M7Z2Z0	46.8	534	250	40	572	644	567	7.29e-159	476
q00017	UniRef50_P9WQB3	100	644	644	1	644	644	644	0.0	1276
q00017	UniRef50_Q7TVV6	91.7	701	643	1	644	644	701	0.0	1246
q00017	UniRef50_A0A655ILE6	96.9	644	624	1	644	644	625	0.0	1229
q00017	UniRef50_UPI00045A63DB	100	614	614	1	614	644	1081	0.0	1224
q00017	UniRef50_UPI00045B6C82	100	614	614	1	614	644	1005	0.0	1224
q00017	UniRef50_UPI00045A7B80	100	614	614	1	614	644	986	0.0	1224
q00017	UniRef50_UPI0039E8FA42	99.8	614	613	1	614	644	910	0.0	1222
q00017	UniRef50_UPI00207A10E2	98.9	620	613	1	614	644	954	0.0	1216
q00017	UniRef50_Q9CB76	80.9	635	514	8	642	644	607	0.0	1000
q00017	UniRef50_K0JTL9	66.9	644	431	1	644	644	597	1.01e-299	835
q00017	UniRef50_I1D7F1	66.5	626	416	19	644	644	594	1.59e-288	807
q00017	UniRef50_P42455	63.7	631	402	19	642	644	616	2.35e-274	772
q00017	UniRef50_A0A097ID93	61.5	642	395	8	642	644	610	1.87e-262	741
q00017	UniRef50_A0A1H0I2J7	62.9	618	389	34	644	644	580	2.27e-258	730
q00017	UniRef50_E2SB27	63.3	610	386	34	642	644	579	1.26e-257	728
q00017	UniRef50_A0A1T3VRR6	85.9	411	353	72	482	644	412	1.97e-255	716
q00017	UniRef50_A1R6V4	60.0	615	369	34	644	644	579	9.19e-248	703
q00017	UniRef50_A6WDF2	61.9	616	381	34	644	644	575	4.57e-247	701
q00017	UniRef50_B0RCQ8	59.5	617	367	36	644	644	588	3.91e-244	694
q00017	UniRef50_A0A2I1PBE8	58.4	646	377	10	643	644	789	5.75e-241	694
q00017	UniRef50_A0ABM8GEE1	64.7	546	353	34	575	644	926	1.30e-236	687
q00017	UniRef50_O31046	58.0	616	357	34	644	644	573	1.43e-235	672
q00017	UniRef50_A0A918UVC4	57.3	611	350	33	642	644	607	5.89e-231	661
q00017	UniRef50_A0A2P8D281	58.3	611	356	36	644	644	570	3.45e-228	653
q00017	UniRef50_A0A1H9N292	57.5	612	352	36	643	644	586	2.45e-227	651
q00017	UniRef50_A0A5C7EW31	56.0	600	336	42	641	644	569	3.12e-221	635
q00017	UniRef50_A0A9Q0C0C2	56.8	604	343	45	641	644	846	4.91e-214	627
q00017	UniRef50_Q2RT17	59.4	537	319	42	575	644	558	1.60e-213	615
q00017	UniRef50_Q8UD63	55.5	530	294	45	572	644	558	1.56e-203	590
q00017	UniRef50_Q886Y1	51.2	600	307	42	641	644	556	2.88e-198	576
q00017	UniRef50_Q9HXK5	50.7	601	305	42	642	644	556	5.35e-196	570
q00017	UniRef50_UPI003C7D08C6	68.8	407	280	34	438	644	408	7.60e-196	564
q00017	UniRef50_A0A7C9QST2	55.3	530	293	43	571	644	550	2.29e-193	563
q00017	UniRef50_A0A7U3UP70	50.4	643	324	16	642	644	650	2.94e-193	567
q00017	UniRef50_A0AAE6NRD6	48.9	626	306	22	644	644	607	5.63e-193	565
q00017	UniRef50_W6JSU5	69.3	394	273	34	427	644	612	3.49e-190	558
q00017	UniRef50_C7QJN7	49.8	615	306	41	641	644	573	1.22e-188	552
q00017	UniRef50_A0A8J3QSB1	52.9	563	298	11	572	644	610	8.50e-188	551
q00017	UniRef50_UPI0036E87355	55.8	500	279	28	527	644	575	2.11e-187	549
q00017	UniRef50_L7VNN4	48.9	601	294	45	643	644	555	2.45e-186	546
q00017	UniRef50_D2ATJ4	50.8	612	311	37	642	644	579	3.90e-186	546
q00017	UniRef50_A0A124IA87	47.9	639	306	11	644	644	586	3.20e-184	541
q00017	UniRef50_Q97MC5	47.8	592	283	56	641	644	558	5.70e-183	537
q00017	UniRef50_A0A0G1YQW5	48.2	608	293	43	644	644	581	6.18e-183	538
q00017	UniRef50_A0A9P1BW36	48.8	611	298	41	640	644	1051	5.17e-182	551
q00017	UniRef50_A0A0M2HRZ6	51.6	558	288	18	572	644	585	7.38e-180	530
q00017	UniRef50_A0A0C7K6X7	51.2	533	273	40	571	644	558	8.46e-180	529
q00017	UniRef50_B5HTY3	57.3	459	263	30	488	644	593	9.64e-180	530
q00017	UniRef50_Q5YVA5	53.5	518	277	18	527	644	580	7.11e-179	528
q00017	UniRef50_A0A8J3HYQ9	45.8	602	276	41	641	644	582	7.60e-179	528
q00017	UniRef50_A0KLS9	53.2	521	277	56	575	644	552	7.87e-179	526
q00017	UniRef50_A0A378QAC5	50.3	541	272	45	575	644	576	3.54e-178	526
q00017	UniRef50_A0LBW3	50.7	537	272	40	575	644	559	4.56e-177	522
q00017	UniRef50_A0A2D3E326	54.0	489	264	25	513	644	566	8.17e-177	522
q00017	UniRef50_A0A1I1XBG5	48.1	539	259	42	572	644	565	2.55e-175	518
q00017	UniRef50_A0ABW7Z7C0	51.0	561	286	41	597	644	515	3.78e-175	516
q00017	UniRef50_A0A5N0E3V2	56.4	473	267	18	490	644	475	3.84e-175	514
q00017	UniRef50_UPI00286E6641	59.4	483	287	177	644	644	440	1.29e-174	511
q00017	UniRef50_A0A8J3SRZ1	57.6	455	262	34	488	644	449	2.51e-174	511
q00017	UniRef50_A0A0L0M8U3	60.2	410	247	42	451	644	413	2.85e-174	509
q00017	UniRef50_A0A1T4L0E3	46.9	597	280	54	641	644	578	7.20e-173	512
q00017	UniRef50_O59736	47.7	616	294	42	644	644	584	2.00e-171	509
q00017	UniRef50_A0A5M8PTI6	46.3	620	287	42	640	644	632	1.92e-170	508
q00017	UniRef50_A0A420XVL9	46.2	608	281	32	638	644	578	1.49e-169	504
q00017	UniRef50_A0ABR3GBM4	47.6	616	293	42	641	644	1043	2.73e-169	518
q00017	UniRef50_A0A0U1DEG4	52.3	537	281	18	552	644	1272	2.92e-169	525
q00017	UniRef50_A0A6A6VHU1	45.6	618	282	42	640	644	589	6.07e-169	503
q00017	UniRef50_A0AB34G553	50.7	550	279	42	572	644	1163	9.87e-169	520
q00017	UniRef50_A0A1Q9D5H3	48.1	620	298	36	640	644	2327	6.52e-168	538
q00017	UniRef50_A0AAN8R9W7	46.2	626	289	42	640	644	617	1.21e-167	500
q00017	UniRef50_A0A167F8Y7	47.1	614	289	42	641	644	576	5.10e-167	497
q00017	UniRef50_UPI00389AB7C8	53.2	457	243	36	490	644	520	6.33e-167	495
q00017	UniRef50_A0A409Y6W9	45.7	623	285	40	642	644	791	8.39e-167	504
q00017	UniRef50_A0AAF0YA27	45.7	667	305	42	641	644	899	1.19e-166	507
q00017	UniRef50_L0DTH4	51.3	517	265	60	575	644	567	3.04e-166	495
q00017	UniRef50_A0A1E3BEA5	45.8	625	286	42	640	644	648	3.70e-166	498
q00017	UniRef50_A0A2U3E0G0	50.9	550	280	42	572	644	1519	9.03e-166	521
q00017	UniRef50_A0A7X5TSQ9	53.3	495	264	1	488	644	485	1.25e-165	490
q00017	UniRef50_A0A9P8JAT6	46.2	608	281	52	640	644	979	2.96e-165	506
q00017	UniRef50_A0A163LLU8	49.9	549	274	42	571	644	1195	1.47e-164	510
q00017	UniRef50_A0A558CFX3	64.1	396	254	249	644	644	351	3.43e-164	481
q00017	UniRef50_A0A421DCD4	49.5	550	272	42	572	644	1468	1.48e-163	514
q00017	UniRef50_A0AAJ4W8H2	44.4	602	267	41	641	644	557	2.25e-163	487
q00017	UniRef50_A0A444J8V3	58.2	402	234	70	471	644	401	4.05e-163	481
q00017	UniRef50_A0A0C3BHL3	44.2	634	280	39	642	644	632	6.41e-163	489
q00017	UniRef50_A0A378AEF8	57.9	411	238	40	450	644	420	7.87e-163	481
q00017	UniRef50_D8J0Q1	44.7	619	277	42	641	644	575	8.15e-163	486
q00017	UniRef50_A0A8J3SYG9	53.5	454	243	36	488	644	451	3.27e-162	480
q00017	UniRef50_UPI002A8185DE	54.7	428	234	51	478	644	422	3.39e-162	479
q00017	UniRef50_A0A0C3LEW8	47.9	560	268	42	572	644	687	5.10e-162	488
q00017	UniRef50_A0A4S4LIX6	44.0	612	269	55	642	644	607	2.60e-161	484
q00017	UniRef50_A0A841SHR6	53.8	457	246	33	488	644	444	2.92e-161	478
q00017	UniRef50_UPI000C09C9AF	53.8	450	242	42	490	644	512	5.21e-161	479
q00017	UniRef50_A0AAV9P263	44.0	621	273	42	640	644	714	2.62e-160	485
q00017	UniRef50_A0A2N6NE32	45.4	621	282	42	640	644	841	1.37e-159	487
q00017	UniRef50_A0A4U9HGY2	50.9	452	230	42	493	644	498	2.09e-159	475
q00017	UniRef50_A0A5N6YHA4	48.5	550	267	42	572	644	1412	2.39e-159	502
q00017	UniRef50_A0A813GYZ5	55.3	430	238	36	459	644	766	2.48e-159	484
q00017	UniRef50_A0A081CMQ8	46.0	633	291	38	640	644	975	4.75e-159	490
q00017	UniRef50_A0A1M7Z2Z0	46.8	534	250	40	572	644	567	7.29e-159	476
q00018	UniRef50_V4LGF7	87.9	710	624	1	700	700	687	0.0	1219
q00018	UniRef50_A0A803PYV9	68.8	596	410	1	568	700	596	6.65e-264	747
q00018	UniRef50_F6HDP8	56.4	782	441	1	699	700	731	7.90e-257	734
q00018	UniRef50_A0AAV9DWN0	68.3	546	373	1	538	700	549	4.45e-250	710
q00018	UniRef50_Q2V338	69.4	539	374	1	533	700	492	1.05e-248	704
q00018	UniRef50_A0A6A3CND4	65.2	597	389	1	568	700	557	1.29e-246	701
q00018	UniRef50_A0A1S3BGQ9	51.5	780	402	8	699	700	740	3.48e-232	672
q00018	UniRef50_A0A2U1LHK2	55.6	703	391	12	700	700	1004	3.68e-230	676
q00018	UniRef50_A0ABQ7M6Y1	69.0	536	370	1	532	700	1497	2.08e-227	684
q00018	UniRef50_I1GT70	65.6	529	347	10	537	700	680	9.42e-225	650
q00018	UniRef50_Q0D598	65.1	524	341	10	533	700	704	6.90e-223	647
q00018	UniRef50_C0PE74	65.5	521	341	13	533	700	703	7.02e-220	639
q00018	UniRef50_A0A804KNP2	62.4	535	334	1	531	700	536	7.54e-218	627
q00018	UniRef50_A0ABD1RLM4	65.4	541	354	1	532	700	1155	1.22e-215	644
q00018	UniRef50_A0AAD8KGP7	51.9	703	365	1	699	700	588	6.37e-207	602
q00018	UniRef50_A0A9D5CZE0	61.9	512	317	25	534	700	803	9.87e-205	604
q00018	UniRef50_A0A8S9PL72	50.9	703	358	1	700	700	401	3.31e-204	587
q00018	UniRef50_A0AAP0DDP6	51.2	703	360	1	699	700	957	3.14e-199	595
q00018	UniRef50_A0A2I0A2V5	58.6	527	309	8	531	700	564	3.71e-197	576
q00018	UniRef50_A0A5N6PNQ9	50.4	703	354	4	699	700	577	5.81e-197	576
q00018	UniRef50_A0AA38CSM4	58.3	554	323	1	533	700	773	2.90e-196	581
q00018	UniRef50_Q8S8Y9	47.6	704	335	1	699	700	568	2.54e-193	566
q00018	UniRef50_A0A078HLT9	56.4	544	307	1	533	700	560	3.88e-193	565
q00018	UniRef50_A0A2I0B0Q6	56.9	552	314	3	533	700	665	9.37e-192	566
q00018	UniRef50_A0A178UMR0	65.9	454	299	86	533	700	406	7.14e-187	543
q00018	UniRef50_A0ABQ7X2I5	69.5	453	315	226	675	700	409	7.95e-187	543
q00018	UniRef50_A0ABP0UME1	59.8	513	307	10	505	700	670	2.07e-186	552
q00018	UniRef50_D8SWL2	60.8	464	282	12	474	700	418	5.05e-185	539
q00018	UniRef50_D8SU99	61.3	462	283	8	468	700	401	1.75e-178	522
q00018	UniRef50_A0ABP0XD50	60.9	481	293	8	474	700	856	3.83e-177	535
q00018	UniRef50_A0A176W792	60.6	495	300	11	474	700	1073	4.64e-177	541
q00018	UniRef50_W1Q0D2	60.7	468	284	10	476	700	715	1.48e-175	526
q00018	UniRef50_A0ACC2B216	60.6	490	297	4	476	700	1172	2.25e-175	540
q00018	UniRef50_A0A453B8C3	63.7	424	270	3	417	700	427	1.85e-174	513
q00018	UniRef50_A0A835QPZ7	55.5	510	283	30	534	700	643	3.80e-174	520
q00018	UniRef50_A0A2P2KP78	52.5	638	335	124	699	700	601	5.46e-174	518
q00018	UniRef50_UPI000D1CFEED	54.2	544	295	2	539	700	682	6.65e-174	521
q00018	UniRef50_A0A7I4D629	54.5	556	303	8	532	700	846	1.76e-172	523
q00018	UniRef50_K3ZRZ1	53.3	550	293	7	533	700	566	8.79e-172	511
q00018	UniRef50_A0A6A4KK70	45.0	751	338	1	699	700	556	1.01e-170	508
q00018	UniRef50_D8T299	58.7	462	271	8	468	700	406	2.11e-170	501
q00018	UniRef50_A0ACC2CB89	58.4	486	284	8	477	700	913	1.17e-168	515
q00018	UniRef50_UPI0025AC2C31	59.0	485	286	12	474	700	1049	4.10e-168	518
q00018	UniRef50_Q0D847	50.9	558	284	14	533	700	601	5.71e-168	503
q00018	UniRef50_A0A2G5E7A0	59.7	466	278	10	474	700	743	3.17e-167	506
q00018	UniRef50_A0A8T2QA52	58.4	488	285	5	474	700	1215	9.16e-166	516
q00018	UniRef50_A0A1D1XFU4	58.6	464	272	12	474	700	810	1.04e-164	501
q00018	UniRef50_A0A6P9ESH4	57.9	461	267	7	466	700	634	2.38e-164	494
q00018	UniRef50_B9RAT5	57.6	467	269	5	468	700	614	9.99e-164	492
q00018	UniRef50_A0A8M8UWX0	56.6	472	267	2	468	700	653	1.74e-163	493
q00018	UniRef50_A0AB40BDB7	56.2	470	264	1	468	700	495	7.98e-162	483
q00018	UniRef50_A0ABY9DMA3	57.7	466	269	8	471	700	1046	1.97e-160	498
q00018	UniRef50_A0A0A0LU68	56.2	461	259	7	466	700	601	5.30e-160	482
q00018	UniRef50_A0ACC2AXN0	56.2	484	272	13	474	700	1149	2.39e-159	498
q00018	UniRef50_A0A9Q1RFF2	55.9	472	264	2	468	700	715	3.33e-159	484
q00018	UniRef50_A0A8T2RIZ1	55.9	467	261	8	474	700	795	6.42e-159	486
q00018	UniRef50_A0AAW2C6M1	90.1	243	219	23	265	700	260	1.23e-158	466
q00018	UniRef50_A0A3Q7FP82	52.0	513	267	2	468	700	748	5.04e-158	482
q00018	UniRef50_A0ACC2D2A5	55.3	497	275	5	477	700	1143	1.22e-157	493
q00018	UniRef50_Q9STK6	55.9	458	256	13	468	700	516	1.87e-157	473
q00018	UniRef50_A0A388K239	59.1	465	275	13	471	700	1335	5.22e-157	496
q00018	UniRef50_Q65X23	56.4	459	259	13	466	700	621	7.15e-157	475
q00018	UniRef50_A0AA38G659	55.1	472	260	9	474	700	1096	3.35e-156	488
q00018	UniRef50_A0A9R0HR44	54.0	467	252	7	468	700	728	4.87e-156	476
q00018	UniRef50_A0A1S4CEQ4	52.7	507	267	2	468	700	753	5.14e-156	477
q00018	UniRef50_A0A1Y1HVH5	54.7	536	293	8	467	700	1599	5.56e-156	499
q00018	UniRef50_UPI002408AC53	55.0	496	273	1	474	700	1039	9.08e-156	485
q00018	UniRef50_A0A8J6CUL9	57.0	465	265	13	476	700	1084	7.54e-155	484
q00018	UniRef50_K3Z4H0	55.4	455	252	13	466	700	647	1.02e-154	470
q00018	UniRef50_A0A699JEV8	61.5	413	254	1	413	700	333	1.26e-154	458
q00018	UniRef50_A0AAV3S0J0	56.0	473	265	1	468	700	990	1.59e-154	481
q00018	UniRef50_A0A0K9NSZ8	52.4	540	283	7	531	700	641	1.69e-154	469
q00018	UniRef50_A0A9D4V558	55.6	471	262	12	476	700	1104	2.39e-154	483
q00018	UniRef50_A0AA88D4X3	54.6	460	251	12	468	700	668	4.36e-153	467
q00018	UniRef50_A0A2I0B2P9	53.5	465	249	12	474	700	639	9.98e-153	465
q00018	UniRef50_A0A1Q3BB56	55.8	471	263	2	468	700	1020	3.99e-152	475
q00018	UniRef50_A0A498JKS3	54.8	471	258	13	469	700	643	3.56e-151	461
q00018	UniRef50_A0A9D4UKI4	56.0	475	266	8	476	700	927	6.26e-151	469
q00018	UniRef50_A0A6L2M8H8	55.1	468	258	8	474	700	1420	3.37e-150	480
q00018	UniRef50_M1CZS2	53.5	473	253	2	473	700	635	2.75e-148	453
q00018	UniRef50_B0FX62	52.8	466	246	10	473	700	634	7.50e-148	452
q00018	UniRef50_A0A8T2U1Q6	54.0	478	258	8	474	700	720	9.02e-148	455
q00018	UniRef50_A0AB40D4D6	51.3	476	244	1	474	700	601	5.98e-147	449
q00018	UniRef50_A0A8S9HAD6	90.3	227	205	1	227	700	408	1.04e-146	441
q00018	UniRef50_A0A1U8PL15	53.2	466	248	5	468	700	609	3.05e-146	447
q00018	UniRef50_A0A833UX02	75.7	280	212	7	285	700	360	8.93e-146	437
q00018	UniRef50_A0A061F1C3	50.1	595	298	193	700	700	552	1.12e-145	444
q00018	UniRef50_A0A8M8VBA3	52.8	464	245	9	468	700	681	1.39e-145	448
q00018	UniRef50_A0A8T2UJH5	53.5	477	255	7	474	700	904	1.49e-145	455
q00018	UniRef50_A0ACC2BWR1	52.4	483	253	13	476	700	730	2.96e-145	449
q00018	UniRef50_A0A804L960	51.4	463	238	14	467	700	655	3.54e-145	446
q00018	UniRef50_A0A9Q0JFE3	53.4	466	249	5	468	700	793	4.51e-145	450
q00018	UniRef50_A0A2P2M6M6	53.0	453	240	14	465	700	456	6.03e-145	438
q00018	UniRef50_A0A059DDL1	53.8	459	247	11	467	700	627	8.41e-145	444
q00018	UniRef50_A0A5D3E1C3	63.3	373	236	106	474	700	502	3.93e-144	438
q00018	UniRef50_A0A1U7ZGK8	50.4	488	246	8	468	700	677	1.52e-143	442
q00018	UniRef50_V4LRS1	52.5	457	240	13	467	700	572	5.30e-143	437
q00018	UniRef50_A0A2G2V4T7	53.6	472	253	3	473	700	1244	6.58e-143	457
q00018	UniRef50_A0A9E7I6S2	53.6	478	256	8	473	700	1137	7.60e-143	454
q00018	UniRef50_A0ACC2E0A5	50.6	510	258	7	477	700	917	1.36e-142	447
q00019	UniRef50_R1CW23	81.2	308	250	56	363	383	341	1.99e-190	537
q00019	UniRef50_A0A7S0ZW40	58.3	271	158	79	349	383	629	7.76e-111	345
q00019	UniRef50_A0A7S0DXU7	58.5	275	161	83	349	383	301	3.50e-109	330
q00019	UniRef50_A0ABN8Q6F7	57.2	269	154	83	349	383	278	1.21e-106	322
q00019	UniRef50_A0AB34IPS1	56.9	267	152	83	349	383	659	2.07e-105	332
q00019	UniRef50_A0ABN9UFB5	56.4	257	145	84	338	383	418	5.54e-100	310
q00019	UniRef50_P0DN22	51.6	285	147	65	348	383	301	5.01e-96	296
q00019	UniRef50_A0A7S4VPB9	50.7	280	142	70	349	383	715	9.45e-96	308
q00019	UniRef50_A0A812PTR1	51.5	274	141	75	348	383	828	1.59e-93	305
q00019	UniRef50_A0A9P1GG19	54.3	267	145	82	348	383	1427	7.87e-92	309
q00019	UniRef50_A0ABP0HKL9	51.1	276	141	75	349	383	566	4.21e-91	292
q00019	UniRef50_A0A1Q9EEQ9	53.0	264	140	86	348	383	646	1.03e-87	286
q00019	UniRef50_A0ABP0QRA7	53.5	254	136	74	327	383	2014	6.64e-87	296
q00019	UniRef50_A0A9N8F2Q5	52.9	261	138	81	338	383	563	8.13e-87	281
q00019	UniRef50_UPI003DA11D64	54.4	252	137	63	312	383	261	3.49e-86	270
q00019	UniRef50_A0A6C0AHA1	48.5	266	129	83	348	383	321	2.44e-85	270
q00019	UniRef50_A0A812LZ63	54.5	242	132	84	325	383	459	9.56e-85	273
q00019	UniRef50_UPI00273EFA92	48.9	266	130	82	346	383	274	9.79e-84	264
q00019	UniRef50_UPI003F528E17	48.2	274	132	82	349	383	296	5.64e-83	263
q00019	UniRef50_A0A7S1WEC6	52.9	227	120	95	321	383	225	1.15e-80	254
q00019	UniRef50_A0ABP0JXJ6	49.5	275	136	84	355	383	1758	3.11e-80	277
q00019	UniRef50_UPI003F52575B	44.7	273	122	82	349	383	301	1.91e-79	254
q00019	UniRef50_A0AAD9D896	45.1	266	120	82	346	383	370	3.97e-76	248
q00019	UniRef50_A0ABP0JXP3	53.7	242	130	67	308	383	743	1.63e-74	253
q00019	UniRef50_A0A0D3IH89	46.8	267	125	81	346	383	417	5.26e-73	241
q00019	UniRef50_A0A9P1CDK1	45.8	275	126	69	301	383	431	8.50e-72	238
q00019	UniRef50_A0ABP0HFM7	55.3	215	119	75	289	383	408	7.07e-71	235
q00019	UniRef50_A0A0G4HSL6	45.2	272	123	72	338	383	892	4.15e-69	241
q00019	UniRef50_A0AAE0GZ12	48.8	244	119	79	317	383	3730	2.25e-67	240
q00019	UniRef50_A0AAE0BGX0	43.0	286	123	79	353	383	5227	1.69e-65	234
q00019	UniRef50_UPI0034E44062	56.0	182	102	84	263	383	194	4.22e-64	211
q00019	UniRef50_A0A7S3AVA8	45.4	240	109	82	319	383	425	2.31e-62	214
q00019	UniRef50_R1ERP2	46.3	242	112	82	319	383	532	5.86e-60	210
q00019	UniRef50_A0A7S2D6G9	36.1	319	115	82	364	383	320	1.97e-59	203
q00019	UniRef50_A0A7S3W2X3	47.7	195	93	155	349	383	300	1.72e-58	200
q00019	UniRef50_A0A0G4G1J6	48.0	223	107	84	304	383	615	4.20e-58	207
q00019	UniRef50_A0A7S0NG25	51.3	193	99	159	350	383	287	2.58e-57	196
q00019	UniRef50_A0A7S0NFX5	52.5	181	95	159	338	383	191	3.36e-56	190
q00019	UniRef50_A0A812S2Q1	43.2	243	105	84	322	383	584	4.99e-56	201
q00019	UniRef50_UPI003F524D7C	50.0	184	92	82	259	383	224	5.27e-55	188
q00019	UniRef50_UPI003F528034	46.9	209	98	73	276	383	227	1.27e-53	185
q00019	UniRef50_A0A812R4G0	45.1	195	88	144	338	383	527	7.25e-53	191
q00019	UniRef50_A0A7S0NWA4	42.7	246	105	61	304	383	671	1.04e-52	194
q00019	UniRef50_A0AAD7UD40	39.3	244	96	74	316	383	268	4.74e-52	182
q00019	UniRef50_A0A9P1C9S6	42.7	227	97	84	304	383	1343	7.96e-51	192
q00019	UniRef50_A0A7S1RDV0	45.1	173	78	176	348	383	171	6.63e-50	173
q00019	UniRef50_A0A7S3SCJ3	68.1	116	79	122	237	383	117	6.68e-50	171
q00019	UniRef50_A0A7S1PXR6	47.2	161	76	130	290	383	157	1.46e-47	167
q00019	UniRef50_A0AAE0GEG9	40.6	254	103	83	310	383	596	6.56e-47	177
q00019	UniRef50_A0A0D3KID2	50.0	160	80	187	346	383	249	9.13e-46	165
q00019	UniRef50_A0A812RB19	41.3	223	92	83	302	383	1404	3.36e-44	172
q00019	UniRef50_A0A9P1BXF1	37.8	233	88	80	310	383	652	8.14e-43	166
q00019	UniRef50_A0AB34JSS3	40.2	251	101	84	314	383	763	5.00e-42	165
q00019	UniRef50_A0A7S0J449	51.3	158	81	122	277	383	154	1.62e-41	151
q00019	UniRef50_A0A7S2K182	35.8	212	76	110	321	383	223	4.54e-41	152
q00019	UniRef50_UPI003DA1AE38	62.3	114	71	84	196	383	150	1.20e-39	146
q00019	UniRef50_UPI00315CFA09	40.3	221	89	83	301	383	244	1.94e-37	143
q00019	UniRef50_A0A812Z9J1	37.5	224	84	84	304	383	1112	3.03e-37	152
q00019	UniRef50_A0A812W127	36.0	236	85	82	311	383	733	5.24e-36	148
q00019	UniRef50_A0A1Q9CZ11	36.6	224	82	84	304	383	689	5.79e-36	147
q00019	UniRef50_UPI0034E488E1	46.8	156	73	128	281	383	154	1.09e-32	128
q00019	UniRef50_A0A7S1X019	57.0	114	65	66	178	383	121	1.13e-32	127
q00019	UniRef50_UPI0034E4E87D	54.0	113	61	207	318	383	109	1.17e-31	124
q00019	UniRef50_A0A644YLT0	31.1	241	75	78	317	383	253	1.71e-28	120
q00019	UniRef50_D9QPM1	33.3	240	80	83	317	383	259	3.82e-28	119
q00019	UniRef50_A0A923LLJ7	32.2	239	77	83	317	383	253	2.40e-27	117
q00019	UniRef50_A0A1L7GXG7	32.3	254	82	69	317	383	254	2.46e-27	117
q00019	UniRef50_UPI00044CE547	31.4	229	72	83	309	383	245	2.77e-27	116
q00019	UniRef50_W4Q226	32.6	221	72	83	301	383	242	6.92e-27	115
q00019	UniRef50_A0A6V2X8Y5	29.8	258	77	74	319	383	379	7.41e-27	118
q00019	UniRef50_A0ABM9MPI2	33.6	223	75	83	304	383	237	1.19e-26	114
q00019	UniRef50_UPI0016480077	32.3	226	73	78	301	383	242	3.59e-26	113
q00019	UniRef50_A0A1H3VXD2	34.2	234	80	84	311	383	242	4.98e-26	113
q00019	UniRef50_A0A7S2FPX5	56.6	83	47	75	157	383	102	6.19e-26	108
q00019	UniRef50_A0A931F7J2	33.8	234	79	84	311	383	248	7.94e-26	112
q00019	UniRef50_UPI0034E5A140	30.9	256	79	84	336	383	196	1.62e-25	110
q00019	UniRef50_A0A7X5VIH4	32.1	243	78	84	324	383	246	2.82e-25	111
q00019	UniRef50_UPI00141E6CC0	34.2	222	76	84	301	383	245	3.82e-25	110
q00019	UniRef50_A0AA35CI72	36.2	218	79	84	298	383	250	5.93e-25	110
q00019	UniRef50_F4LWD3	31.3	230	72	84	310	383	242	6.86e-25	110
q00019	UniRef50_K4P0Z3	30.7	238	73	83	317	383	261	1.05e-24	110
q00019	UniRef50_A0A0P1JCI3	31.5	241	76	83	320	383	242	3.52e-24	108
q00019	UniRef50_A0A1M5SHS1	30.5	239	73	83	317	383	243	3.60e-24	108
q00019	UniRef50_A0A9Q7EYK5	31.9	229	73	84	310	383	234	4.07e-24	107
q00019	UniRef50_A0A2R6AHC3	31.2	237	74	83	310	383	218	5.38e-24	107
q00019	UniRef50_UPI002FB99D4F	29.3	229	67	84	310	383	238	8.56e-24	107
q00019	UniRef50_A0A6L6IUG3	33.6	238	80	83	317	383	244	9.79e-24	107
q00019	UniRef50_A0A1M7LLS8	35.0	220	77	84	298	383	247	1.05e-23	107
q00019	UniRef50_UPI003D1386B0	32.1	240	77	82	317	383	349	1.40e-23	108
q00019	UniRef50_UPI00102F940C	32.8	238	78	84	317	383	263	1.47e-23	107
q00019	UniRef50_A0A498D2K7	32.1	218	70	84	301	383	237	2.23e-23	105
q00019	UniRef50_UPI00147B4C2C	31.5	241	76	83	318	383	354	2.85e-23	108
q00019	UniRef50_UPI003448291A	34.1	223	76	84	301	383	249	5.55e-23	105
q00019	UniRef50_A0A812XFE8	66.7	66	44	79	144	383	217	7.17e-23	103
q00019	UniRef50_UPI0015A06317	31.4	226	71	83	304	383	249	1.06e-22	104
q00019	UniRef50_A0A1G5ZAA0	31.6	228	72	84	307	383	241	1.24e-22	103
q00019	UniRef50_A0A1H1WQD8	29.2	240	70	74	311	383	249	1.47e-22	103
q00019	UniRef50_UPI0026706D94	31.0	229	71	84	310	383	238	2.22e-22	103
q00019	UniRef50_UPI000E5B4C00	32.3	229	74	84	306	383	239	2.27e-22	103
q00019	UniRef50_W4LB01	31.4	229	72	84	310	383	233	2.75e-22	102
q00020	UniRef50_Q13554	100	666	666	1	666	666	666	0.0	1321
q00020	UniRef50_F7CW72	99.1	666	660	1	666	666	666	0.0	1311
q00020	UniRef50_A0A2K6F0A6	97.9	666	652	1	666	666	665	0.0	1289
q00020	UniRef50_Q5SVJ0	97.0	666	646	1	666	666	666	0.0	1284
q00020	UniRef50_A0A2K6F0C9	95.6	666	637	1	666	666	663	0.0	1253
q00020	UniRef50_A0A6J3F424	93.1	666	620	1	666	666	627	0.0	1217
q00020	UniRef50_A0A6J3F3T4	93.1	666	620	1	666	666	627	0.0	1214
q00020	UniRef50_UPI0007DC7754	90.5	666	603	1	666	666	603	0.0	1174
q00020	UniRef50_A0A7J8D4H8	88.3	666	588	1	666	666	607	0.0	1135
q00020	UniRef50_A0A8B8TD91	88.1	666	587	1	666	666	605	0.0	1134
q00020	UniRef50_UPI0010A7D02F	85.7	673	577	1	666	666	648	0.0	1119
q00020	UniRef50_A0A8C2MYM1	86.3	666	575	1	666	666	589	0.0	1111
q00020	UniRef50_A0A6P9DKQ1	77.6	751	583	1	666	666	750	0.0	1087
q00020	UniRef50_W5NDW9	79.7	704	561	1	666	666	692	0.0	1025
q00020	UniRef50_P08413	80.6	666	537	1	666	666	542	0.0	1022
q00020	UniRef50_A0A287AGQ9	80.6	666	537	1	666	666	542	0.0	1022
q00020	UniRef50_Q3MHJ9	80.5	666	536	1	666	666	542	0.0	1019
q00020	UniRef50_A0A8J0SHQ6	80.3	669	537	5	666	666	624	0.0	1013
q00020	UniRef50_A0A8D0EA64	72.9	757	552	1	666	666	718	0.0	1010
q00020	UniRef50_A0A7J7TL33	79.0	666	526	1	666	666	540	0.0	994
q00020	UniRef50_F6PJW4	80.6	645	520	22	666	666	529	0.0	988
q00020	UniRef50_A0A8M9Q3H8	77.1	702	541	1	666	666	693	0.0	986
q00020	UniRef50_A0A8D1TE63	78.1	666	520	1	666	666	524	0.0	981
q00020	UniRef50_A0A2D4HKJ1	71.4	740	528	6	666	666	712	0.0	977
q00020	UniRef50_A0A341BMC7	80.6	650	524	23	666	666	808	0.0	974
q00020	UniRef50_A0AAJ8BDC4	75.8	689	522	1	666	666	632	0.0	967
q00020	UniRef50_F6QEM9	76.9	666	512	1	666	666	517	0.0	966
q00020	UniRef50_A0A4W6EZ85	75.5	666	503	1	666	666	539	0.0	949
q00020	UniRef50_A0A674MK62	75.2	666	501	1	666	666	539	0.0	949
q00020	UniRef50_A0AAJ7Q8N0	75.4	667	503	1	666	666	540	0.0	945
q00020	UniRef50_A0A3B5R6J8	75.2	666	501	1	666	666	707	0.0	944
q00020	UniRef50_A0A3P9L662	75.1	666	500	1	666	666	539	0.0	943
q00020	UniRef50_A0AA88J3S6	75.3	667	502	1	666	666	540	0.0	943
q00020	UniRef50_A0A668SLA4	75.3	667	502	1	666	666	540	0.0	942
q00020	UniRef50_A0A6P7IY59	74.6	674	503	1	666	666	547	0.0	937
q00020	UniRef50_A0A673XY54	73.3	696	510	6	666	666	650	0.0	934
q00020	UniRef50_A0A2I4CQ19	74.5	667	497	1	666	666	540	0.0	934
q00020	UniRef50_A0A6J2UUL3	73.9	683	505	1	666	666	557	0.0	934
q00020	UniRef50_A0A8M3AS35	73.8	691	510	1	666	666	643	0.0	933
q00020	UniRef50_A0A979F9Y5	74.4	681	507	1	666	666	580	0.0	932
q00020	UniRef50_A0A6P6QAQ3	74.5	667	497	1	666	666	539	0.0	929
q00020	UniRef50_A0AA35LG03	67.6	760	514	1	628	666	730	0.0	929
q00020	UniRef50_A0A8C2K441	74.0	669	495	1	666	666	542	0.0	925
q00020	UniRef50_A0AAR2JFE6	72.9	682	497	1	666	666	556	0.0	924
q00020	UniRef50_A0A8D3AI51	73.6	666	490	1	666	666	539	0.0	923
q00020	UniRef50_A0A9R0A8R2	73.2	679	497	1	666	666	553	0.0	923
q00020	UniRef50_A4IIZ8	73.7	662	488	5	666	666	516	0.0	922
q00020	UniRef50_A0A8J0SG47	73.7	662	488	5	666	666	515	0.0	922
q00020	UniRef50_A0ABD2EDJ8	74.2	666	494	1	666	666	495	0.0	918
q00020	UniRef50_A0A8M9QLC5	72.7	667	485	1	666	666	536	0.0	917
q00020	UniRef50_A0A8C9RL68	73.5	672	494	1	666	666	530	0.0	914
q00020	UniRef50_A0A2D0SQC6	73.6	670	493	1	666	666	528	0.0	914
q00020	UniRef50_A0A979F9Z4	73.2	676	495	1	666	666	551	0.0	913
q00020	UniRef50_A0A6P7NYN2	72.9	667	486	1	666	666	540	0.0	912
q00020	UniRef50_UPI0011CF21C2	73.6	666	490	1	666	666	502	0.0	912
q00020	UniRef50_A0A8M9PKD4	73.0	674	492	1	666	666	547	0.0	910
q00020	UniRef50_A0A669EVR6	73.9	678	501	1	666	666	594	0.0	910
q00020	UniRef50_A0AAJ7VEG2	73.3	666	488	1	666	666	524	0.0	910
q00020	UniRef50_W5UQH7	73.1	666	487	1	666	666	514	0.0	909
q00020	UniRef50_A0AAV6GBI9	75.5	673	508	1	623	666	740	0.0	908
q00020	UniRef50_A0A6P6PE17	73.0	674	492	1	666	666	547	0.0	908
q00020	UniRef50_A0A8C3Y8L2	74.2	678	503	1	666	666	613	0.0	908
q00020	UniRef50_A0A979DZV3	72.8	666	485	1	666	666	515	0.0	908
q00020	UniRef50_H3DDV8	73.0	677	494	1	666	666	548	0.0	908
q00020	UniRef50_A0AAJ7QHK8	72.7	673	489	1	666	666	531	0.0	906
q00020	UniRef50_A0AAJ8BDR0	71.9	673	484	1	666	666	523	0.0	904
q00020	UniRef50_A0A9F7RTG1	73.6	671	494	1	666	666	554	0.0	904
q00020	UniRef50_A0A9F7TEV4	72.8	674	491	1	666	666	532	0.0	903
q00020	UniRef50_A0A3Q1HLD4	72.4	673	487	1	666	666	531	0.0	903
q00020	UniRef50_A0A3P9D3Q4	72.7	666	484	1	666	666	545	0.0	902
q00020	UniRef50_A0A4W5M1I3	72.3	671	485	6	666	666	548	0.0	902
q00020	UniRef50_A0A6P7IYA0	72.6	674	489	1	666	666	532	0.0	900
q00020	UniRef50_A0A6P6KXT8	71.9	666	479	1	666	666	515	0.0	900
q00020	UniRef50_A0A8M9Q8T4	72.1	684	493	1	666	666	623	0.0	899
q00020	UniRef50_E9QDQ2	72.4	673	487	1	666	666	531	0.0	899
q00020	UniRef50_A0A8M9QE54	72.2	666	481	1	666	666	515	0.0	897
q00020	UniRef50_A0A6I8S152	72.9	671	489	1	666	666	618	0.0	897
q00020	UniRef50_A0A6P6PGU1	72.4	673	487	1	666	666	531	0.0	896
q00020	UniRef50_A0A6J3G3U3	71.2	667	475	1	666	666	577	0.0	890
q00020	UniRef50_A0A8M2B2E6	70.8	682	483	1	666	666	627	0.0	887
q00020	UniRef50_A0AAY4A2H2	71.9	675	485	1	666	666	624	0.0	887
q00020	UniRef50_A0A2D0PK18	71.7	674	483	1	666	666	532	0.0	886
q00020	UniRef50_A0AAZ3R818	68.7	700	481	6	666	666	643	0.0	884
q00020	UniRef50_A0A8C5ERE2	71.2	666	474	1	666	666	537	0.0	884
q00020	UniRef50_Q13555-6	69.9	678	474	1	666	666	588	0.0	883
q00020	UniRef50_A0A8V0ZB33	71.3	668	476	1	666	666	597	0.0	883
q00020	UniRef50_A0A8M1PUN4	70.3	667	469	1	666	666	517	0.0	883
q00020	UniRef50_A0A8M9QMM9	70.7	672	475	1	666	666	578	0.0	880
q00020	UniRef50_A0A8M9Q8U4	71.0	666	473	1	666	666	515	0.0	880
q00020	UniRef50_A0A8C7LC60	72.2	663	479	6	666	666	535	0.0	880
q00020	UniRef50_A0A3Q0FMR7	72.9	646	471	21	666	666	558	0.0	880
q00020	UniRef50_A0A2D0PLQ8	70.5	684	482	1	666	666	543	0.0	879
q00020	UniRef50_A0A8C1R553	71.0	668	474	1	666	666	511	0.0	879
q00020	UniRef50_A0A8I3RWB4	70.6	666	470	1	666	666	566	0.0	879
q00020	UniRef50_A0A4W6EXD5	70.6	666	470	1	666	666	501	0.0	879
q00020	UniRef50_A0A9Q9YJM9	70.9	669	474	1	666	666	515	0.0	877
q00020	UniRef50_A0A6I8NES4	69.5	678	471	1	666	666	577	1.48e-316	878
q00020	UniRef50_A0A4W5M0W2	70.8	664	470	6	666	666	517	3.30e-316	875
q00020	UniRef50_A0A6J3G2I7	70.3	666	468	1	666	666	565	7.56e-316	876
q00020	UniRef50_A0A8C9U225	69.9	672	470	1	666	666	507	2.86e-315	872
q00021	UniRef50_P19385	100	342	342	1	342	342	342	5.72e-253	694
q00021	UniRef50_A0A8S5MS54	81.2	234	190	2	235	342	234	6.63e-141	406
q00021	UniRef50_P15057	85.1	194	165	1	194	342	339	1.80e-115	345
q00021	UniRef50_UPI0009948E0A	97.9	144	141	199	342	342	145	4.32e-94	284
q00021	UniRef50_A0A239RD86	50.6	241	122	2	235	342	334	2.59e-68	225
q00021	UniRef50_A0ABT3EAV0	51.7	242	125	2	233	342	317	7.82e-66	218
q00021	UniRef50_UPI0022EAED26	53.3	197	105	2	191	342	371	1.09e-60	206
q00021	UniRef50_Q8HA43	53.3	197	105	2	191	342	443	9.55e-60	206
q00021	UniRef50_G5KEL2	51.0	196	100	2	190	342	290	8.53e-58	196
q00021	UniRef50_UPI000A482310	79.6	108	86	85	192	342	162	4.11e-57	190
q00021	UniRef50_UPI0005349696	77.7	112	87	2	113	342	114	1.40e-56	187
q00021	UniRef50_A0A8S5Q947	61.5	156	96	196	342	342	346	8.96e-56	193
q00021	UniRef50_A0A3G8FD48	41.5	248	103	2	231	342	299	2.99e-54	187
q00021	UniRef50_UPI001D0A3A28	47.1	208	98	2	197	342	466	6.42e-54	191
q00021	UniRef50_A0A3S7W8F5	41.5	248	103	2	231	342	461	9.11e-52	186
q00021	UniRef50_A0AB38VRC8	55.4	166	92	33	191	342	699	7.60e-48	179
q00021	UniRef50_UPI002A910D15	50.6	170	86	56	219	342	221	2.75e-46	164
q00021	UniRef50_A0A1V1I0L5	38.2	301	115	55	341	342	465	9.40e-46	170
q00021	UniRef50_UPI0025BC7D27	32.6	377	123	9	341	342	360	6.77e-42	157
q00021	UniRef50_UPI003D6AC9A2	52.3	149	78	201	341	342	222	2.07e-38	144
q00021	UniRef50_A0AAE9XP30	49.7	147	73	202	341	342	341	3.88e-38	147
q00021	UniRef50_UPI0022EB9BB7	56.7	127	72	72	191	342	225	6.23e-38	143
q00021	UniRef50_A0A372KMM9	38.1	210	80	2	187	342	222	1.59e-37	142
q00021	UniRef50_UPI00376F44C2	42.9	191	82	58	191	342	296	7.73e-37	142
q00021	UniRef50_UPI001E5C6D77	48.4	153	74	197	341	342	162	6.56e-36	135
q00021	UniRef50_UPI00200136A4	38.7	222	86	58	260	342	243	1.17e-35	137
q00021	UniRef50_UPI001105AA62	51.4	142	73	203	341	342	275	1.01e-34	136
q00021	UniRef50_A0A8S5NT81	34.0	306	104	57	341	342	342	1.70e-34	137
q00021	UniRef50_UPI0038535393	32.7	355	116	1	333	342	653	4.94e-34	140
q00021	UniRef50_UPI001FAFD26D	47.8	161	77	203	341	342	402	7.47e-34	137
q00021	UniRef50_UPI00242E3D83	48.7	152	74	193	341	342	503	8.99e-34	138
q00021	UniRef50_UPI003BF8D1A6	45.5	145	66	203	342	342	417	9.64e-34	137
q00021	UniRef50_A0A8S5S684	48.9	141	69	202	341	342	520	2.09e-33	137
q00021	UniRef50_UPI0022E892A8	38.5	195	75	16	189	342	304	2.93e-33	133
q00021	UniRef50_UPI0024B8D69F	40.4	188	76	2	179	342	1130	8.75e-30	129
q00021	UniRef50_UPI003F9A47A6	50.0	124	62	2	124	342	273	2.32e-29	122
q00021	UniRef50_A0A2I1M1Q4	46.7	152	71	197	341	342	334	5.93e-29	122
q00021	UniRef50_UPI0036F435A7	49.0	147	72	203	342	342	421	6.68e-29	124
q00021	UniRef50_UPI003D2BE82C	44.1	186	82	3	178	342	368	2.09e-28	121
q00021	UniRef50_A0A0R2JTA2	38.8	183	71	9	179	342	293	7.11e-28	118
q00021	UniRef50_UPI0038BA8B53	46.4	140	65	202	341	342	359	9.21e-28	119
q00021	UniRef50_A0A4Q7P2S9	44.4	144	64	201	341	342	519	9.56e-28	122
q00021	UniRef50_A0A0R2FQJ2	36.3	193	70	1	179	342	349	1.08e-27	119
q00021	UniRef50_A0A415ETT6	44.8	154	69	202	341	342	325	1.86e-27	118
q00021	UniRef50_A0A5S4VM40	31.2	301	94	55	339	342	400	2.41e-27	119
q00021	UniRef50_I7IVF7	38.9	198	77	9	188	342	447	3.19e-27	119
q00021	UniRef50_A0A1L6R916	36.7	199	73	8	189	342	335	5.98e-27	117
q00021	UniRef50_A0A6N4TKW0	39.9	168	67	185	341	342	319	8.59e-27	116
q00021	UniRef50_A0A0X8H0L8	34.8	256	89	55	293	342	312	1.45e-26	115
q00021	UniRef50_C2BG03	38.8	178	69	168	341	342	500	4.88e-26	117
q00021	UniRef50_A0A414A6C7	40.6	180	73	177	341	342	309	5.09e-26	114
q00021	UniRef50_UPI000ED7A7AE	57.1	91	52	2	92	342	91	6.20e-26	107
q00021	UniRef50_A0ABT2TU80	44.1	143	63	203	341	342	463	6.60e-26	116
q00021	UniRef50_A0A5N5RGV4	30.1	379	114	9	342	342	416	1.02e-25	115
q00021	UniRef50_A0A6H0UL77	57.0	93	53	249	341	342	107	1.93e-25	106
q00021	UniRef50_A0A0R2KH96	46.6	116	54	227	341	342	124	2.25e-25	107
q00021	UniRef50_H4GKH9	37.2	199	74	9	189	342	477	3.63e-25	114
q00021	UniRef50_C2EWH1	39.3	183	72	13	188	342	364	9.08e-25	111
q00021	UniRef50_UPI00336ADBC0	33.5	215	72	2	195	342	367	1.31e-24	111
q00021	UniRef50_D0R3Q8	35.1	208	73	2	189	342	313	1.44e-24	110
q00021	UniRef50_A0AAE8BHR8	48.8	123	60	61	178	342	419	2.56e-24	111
q00021	UniRef50_A0A3R7CKT3	43.7	135	59	49	178	342	350	2.67e-24	110
q00021	UniRef50_UPI000CD4576F	34.3	143	49	49	188	342	291	3.53e-24	108
q00021	UniRef50_UPI000B12DAE6	33.2	223	74	6	214	342	225	4.48e-24	106
q00021	UniRef50_UPI0019E4B675	34.0	206	70	1	189	342	228	6.69e-24	106
q00021	UniRef50_A0AB37INK4	40.4	171	69	11	178	342	420	9.21e-24	109
q00021	UniRef50_A0A4V0ABU4	49.6	123	61	61	178	342	434	1.07e-23	109
q00021	UniRef50_A0A5M9PTH2	42.6	136	58	46	178	342	252	1.14e-23	106
q00021	UniRef50_K1MFE1	35.2	193	68	2	179	342	316	1.48e-23	107
q00021	UniRef50_H4GJ96	33.9	192	65	2	179	342	211	1.68e-23	104
q00021	UniRef50_Q6J1W8	42.4	158	67	48	188	342	393	1.75e-23	108
q00021	UniRef50_UPI000665C80D	44.8	145	65	59	188	342	309	1.81e-23	107
q00021	UniRef50_A0A256LBB7	28.9	294	85	9	279	342	829	2.02e-23	110
q00021	UniRef50_A0A0R1M7B5	34.2	199	68	9	189	342	299	2.09e-23	106
q00021	UniRef50_A0A6G7BA57	36.6	186	68	9	179	342	366	2.33e-23	107
q00021	UniRef50_A0A135ZFB2	32.6	193	63	1	179	342	294	2.64e-23	106
q00021	UniRef50_UPI0021AA1F10	49.6	113	56	69	178	342	130	2.87e-23	101
q00021	UniRef50_A0A8S5N0Y2	30.4	319	97	9	293	342	306	3.29e-23	106
q00021	UniRef50_UPI000343552C	45.0	131	59	65	188	342	293	3.59e-23	105
q00021	UniRef50_UPI002F353953	29.2	332	97	9	323	342	335	3.86e-23	106
q00021	UniRef50_A0A8S5MV10	38.3	167	64	202	341	342	362	5.75e-23	106
q00021	UniRef50_UPI003F1F4D68	47.2	123	58	61	178	342	431	6.85e-23	107
q00021	UniRef50_A0AB33BIL1	31.1	196	61	4	187	342	371	1.23e-22	105
q00021	UniRef50_A0A368UDM9	34.4	253	87	39	258	342	327	1.70e-22	104
q00021	UniRef50_A0AAW6XNK1	33.7	208	70	2	189	342	315	1.94e-22	104
q00021	UniRef50_A0A9D2NQP8	28.9	332	96	9	312	342	358	1.96e-22	105
q00021	UniRef50_UPI0024B8D038	39.4	180	71	9	176	342	492	2.06e-22	106
q00021	UniRef50_UPI0006C4A854	33.0	191	63	9	185	342	304	2.22e-22	103
q00021	UniRef50_A0A1L6RBJ6	37.0	173	64	8	167	342	185	3.38e-22	100
q00021	UniRef50_A0A1I9SDN2	41.0	144	59	203	338	342	289	4.50e-22	102
q00021	UniRef50_UPI0026F15DD2	36.6	172	63	13	177	342	192	7.77e-22	99.8
q00021	UniRef50_UPI0021E8F37A	44.1	136	60	65	193	342	335	9.61e-22	102
q00021	UniRef50_Q74LM7	31.0	239	74	9	229	342	515	1.09e-21	104
q00021	UniRef50_A0A9X0LY22	33.5	191	64	9	185	342	465	1.10e-21	104
q00021	UniRef50_A0ABS8REF6	41.8	134	56	48	177	342	402	1.63e-21	103
q00021	UniRef50_Q03G04	38.9	180	70	9	178	342	438	2.28e-21	103
q00021	UniRef50_A0A9X6XHE7	44.1	136	60	65	193	342	405	2.30e-21	102
q00021	UniRef50_A0A380K7T7	34.2	257	88	39	262	342	427	2.83e-21	102
q00021	UniRef50_A0A9X6RWV9	33.0	191	63	9	185	342	838	3.31e-21	103
q00021	UniRef50_UPI0036F3E796	53.3	92	49	203	293	342	173	3.50e-21	97.4
q00022	UniRef50_A0A9E8G339	85.3	441	376	1	441	441	393	1.21e-274	755
q00022	UniRef50_A0A9Q1RQN0	83.9	440	369	1	440	441	407	1.04e-267	738
q00022	UniRef50_A7PRJ6	83.4	440	367	1	440	441	393	5.04e-267	736
q00022	UniRef50_P43280	83.9	440	369	1	440	441	393	1.02e-266	735
q00022	UniRef50_P17562	81.9	441	361	1	441	441	393	4.81e-265	731
q00022	UniRef50_A0A8S9J1N5	86.4	441	381	1	441	441	1697	5.86e-265	776
q00022	UniRef50_P23686	82.3	441	363	1	441	441	393	5.61e-264	728
q00022	UniRef50_A0AAP0LPJ4	83.3	438	365	1	438	441	598	4.52e-262	731
q00022	UniRef50_A0ABD1PKM4	83.2	441	367	1	441	441	750	4.70e-260	732
q00022	UniRef50_A0AAN8ZKE7	83.0	441	366	1	441	441	1089	1.77e-256	735
q00022	UniRef50_A0A5J5BMJ4	83.8	438	367	1	438	441	1155	2.30e-256	737
q00022	UniRef50_A0A835D169	83.8	438	367	1	438	441	1226	1.69e-253	732
q00022	UniRef50_Q94FA5	79.3	435	345	1	435	441	390	2.68e-252	698
q00022	UniRef50_A9PHC5	79.5	435	346	1	435	441	390	7.68e-252	697
q00022	UniRef50_A0ABR0D237	82.8	441	365	1	441	441	1968	9.30e-247	735
q00022	UniRef50_A0AAU9LZ22	82.9	439	364	1	439	441	1953	2.04e-245	731
q00022	UniRef50_A0A8S9JLA4	80.9	435	352	1	435	441	1072	2.19e-245	706
q00022	UniRef50_A0AA38SBU7	79.5	435	346	1	435	441	824	5.11e-245	697
q00022	UniRef50_A0A8S9PCC1	89.8	372	334	1	372	441	673	4.70e-244	689
q00022	UniRef50_A0ABD1RRX7	83.1	433	360	8	440	441	1927	2.93e-242	723
q00022	UniRef50_A0A4D6KUP9	94.2	364	343	2	365	441	1231	1.48e-241	702
q00022	UniRef50_A0A835K1R4	79.5	435	346	1	435	441	1108	5.37e-241	696
q00022	UniRef50_A8HYU5	72.6	435	316	1	435	441	390	1.85e-229	640
q00022	UniRef50_A0A453ACI4	89.0	346	308	27	372	441	356	2.62e-223	624
q00022	UniRef50_A0A0Y0DEL6	92.3	323	298	27	349	441	326	2.23e-219	612
q00022	UniRef50_A0AAE2BK59	74.0	438	324	1	438	441	672	2.46e-219	626
q00022	UniRef50_A0AAW1R8F2	71.7	434	311	2	435	441	794	5.93e-214	617
q00022	UniRef50_A0A444YF48	69.4	435	302	1	435	441	353	1.06e-212	597
q00022	UniRef50_A4S779	78.6	369	290	4	372	441	387	7.43e-212	596
q00022	UniRef50_A0A8S0RJ08	70.3	441	310	1	441	441	340	1.53e-211	593
q00022	UniRef50_A0A9D4TY27	77.2	404	312	4	406	441	1308	2.11e-210	624
q00022	UniRef50_A0ABR2Z0K2	78.4	385	302	1	385	441	829	4.36e-209	605
q00022	UniRef50_A0A2G2UVA4	93.0	301	280	1	301	441	309	1.39e-204	574
q00022	UniRef50_A0AAD5DS01	78.7	376	296	3	378	441	987	5.39e-204	598
q00022	UniRef50_A0A9R1QFS5	68.4	440	301	2	441	441	336	1.08e-203	573
q00022	UniRef50_A0A022R6Q5	63.9	435	278	1	434	441	380	1.62e-197	559
q00022	UniRef50_UPI000D1CFC89	77.4	385	298	57	441	441	1107	1.98e-197	585
q00022	UniRef50_A0A6V7PD66	68.3	441	301	1	441	441	897	9.58e-192	563
q00022	UniRef50_A0A7J0FUK0	64.8	435	282	1	435	441	370	1.93e-191	543
q00022	UniRef50_A0AAV6YB23	79.2	360	285	81	438	441	1663	1.02e-183	563
q00022	UniRef50_A0A2P5BJT4	78.9	337	266	1	336	441	333	1.64e-183	522
q00022	UniRef50_A0A1D6FUY2	62.1	441	274	1	441	441	302	7.13e-182	516
q00022	UniRef50_A0A804RHB6	92.2	268	247	1	268	441	317	8.69e-182	517
q00022	UniRef50_A0A5B6YXD4	80.6	320	258	121	440	441	273	1.16e-180	512
q00022	UniRef50_A0A8X8ZWG0	62.2	431	268	3	432	441	357	4.70e-177	506
q00022	UniRef50_A0A8I6Y5T9	75.4	333	251	109	441	441	299	4.45e-175	499
q00022	UniRef50_A0A5B6YXG9	81.3	310	252	131	440	441	312	1.44e-174	498
q00022	UniRef50_F0WA18	61.8	437	270	3	437	441	707	2.38e-174	513
q00022	UniRef50_P31153	66.4	375	249	3	377	441	395	1.32e-171	494
q00022	UniRef50_U3JBF5	66.1	375	248	3	377	441	395	2.67e-171	493
q00022	UniRef50_A0A7M4FP63	65.3	375	245	3	377	441	395	6.20e-170	490
q00022	UniRef50_Q8W531	90.5	253	229	11	263	441	253	9.49e-168	479
q00022	UniRef50_F1QYU7	64.1	376	241	2	377	441	395	4.74e-167	483
q00022	UniRef50_A0A1X7V0J4	64.6	376	243	2	377	441	527	2.71e-166	486
q00022	UniRef50_A0A8D0E3K8	61.8	403	249	3	403	441	661	9.11e-166	489
q00022	UniRef50_A0A6A2ZS07	67.2	375	252	67	441	441	284	7.93e-165	473
q00022	UniRef50_A0AAX6HBY5	86.6	261	226	1	261	441	262	1.94e-162	466
q00022	UniRef50_P13444	62.1	375	233	4	377	441	397	4.21e-161	468
q00022	UniRef50_A0A7J6LAX1	60.4	439	265	4	441	441	3310	7.66e-161	511
q00022	UniRef50_A0A1V9ZYA8	65.5	380	249	3	380	441	1496	2.43e-160	498
q00022	UniRef50_A0A6G0HXD9	64.3	375	241	3	377	441	806	4.13e-160	479
q00022	UniRef50_A0A4S4KMU6	63.5	370	235	4	372	441	905	5.81e-160	482
q00022	UniRef50_A0AAD1Z7U4	57.5	435	250	1	435	441	321	4.40e-159	459
q00022	UniRef50_A0A2C9KBX6	62.7	370	232	3	372	441	412	4.70e-159	463
q00022	UniRef50_A0A8T2S342	88.8	250	222	1	250	441	255	1.35e-158	456
q00022	UniRef50_A0AAW1SQW2	80.4	270	217	2	271	441	272	1.76e-158	456
q00022	UniRef50_O43938	64.7	374	242	3	372	441	392	1.90e-158	461
q00022	UniRef50_A0SE31	92.0	238	219	7	244	441	238	2.94e-158	454
q00022	UniRef50_A0A669EPW5	64.2	358	230	15	372	441	389	6.93e-158	459
q00022	UniRef50_A0AAE0UQX5	64.1	376	241	2	377	441	1150	1.82e-157	483
q00022	UniRef50_A0A067XH96	60.9	376	229	10	385	441	745	3.21e-156	468
q00022	UniRef50_A0A1D1Z9G4	60.9	376	229	2	377	441	389	4.58e-156	454
q00022	UniRef50_UPI0033133924	62.4	375	234	3	376	441	1167	8.73e-155	476
q00022	UniRef50_Q586G3	62.9	372	234	5	372	441	397	5.66e-154	449
q00022	UniRef50_A0A1V2LGP4	60.7	374	227	4	377	441	987	5.89e-154	469
q00022	UniRef50_A0A507FFG9	61.9	378	234	2	376	441	641	1.63e-153	457
q00022	UniRef50_A0A1I7XZH5	55.3	434	240	3	435	441	552	2.22e-153	454
q00022	UniRef50_A0A9N7UPQ3	59.4	397	236	3	377	441	524	5.09e-153	452
q00022	UniRef50_A0A8H5B3B7	61.6	370	228	4	372	441	963	7.06e-153	466
q00022	UniRef50_A0A8B7PM27	58.1	384	223	2	385	441	413	9.20e-152	444
q00022	UniRef50_A0A261Y4P3	62.5	371	232	2	372	441	1017	2.11e-151	463
q00022	UniRef50_A0A6A4RZ37	64.7	346	224	3	348	441	584	2.84e-151	449
q00022	UniRef50_A0A409XR43	60.5	387	234	4	372	441	1264	8.35e-151	468
q00022	UniRef50_A0A1J3GCR9	73.4	282	207	3	284	441	295	3.17e-150	436
q00022	UniRef50_A0A0K0EMW7	59.1	381	225	4	384	441	428	1.43e-149	439
q00022	UniRef50_C4M272	53.7	432	232	4	435	441	397	2.00e-149	438
q00022	UniRef50_P19358	59.9	369	221	3	371	441	384	7.30e-149	436
q00022	UniRef50_A0A9R0YQZ3	88.1	235	207	2	236	441	262	1.84e-148	430
q00022	UniRef50_A0A7R8URN9	53.8	416	224	3	385	441	447	2.21e-148	437
q00022	UniRef50_P40320	58.4	370	216	3	372	441	408	2.37e-148	436
q00022	UniRef50_A0A507CDA7	61.6	370	228	2	371	441	1002	3.86e-148	454
q00022	UniRef50_A0A8C9L054	59.1	369	218	9	377	441	530	1.21e-147	438
q00022	UniRef50_A0A6P6YHU9	57.3	382	219	4	385	441	427	1.83e-147	434
q00022	UniRef50_A0A9W8B5U7	62.1	343	213	35	377	441	363	1.88e-146	429
q00022	UniRef50_A0A915D170	58.0	386	224	2	377	441	411	3.47e-146	430
q00022	UniRef50_A0A4Z0A6S7	59.5	370	220	4	372	441	718	4.86e-146	441
q00022	UniRef50_A0ABQ9V7N9	62.7	375	235	3	377	441	1140	4.97e-146	452
q00022	UniRef50_A0A8J7NFP0	59.2	375	222	3	377	441	684	2.02e-145	438
q00022	UniRef50_B7QIU5	54.9	384	211	2	385	441	408	2.54e-145	428
q00022	UniRef50_UPI000A2174E4	54.0	437	236	3	438	441	1016	2.54e-145	447
q00023	UniRef50_Q96EQ9	89.5	793	710	5	796	796	843	0.0	1467
q00023	UniRef50_A0AAV0A5J7	81.7	794	649	5	796	796	874	0.0	1350
q00023	UniRef50_UPI00167F7A20	82.6	763	630	37	796	796	893	0.0	1313
q00023	UniRef50_A0A8D2JJG2	71.9	821	590	14	796	796	865	0.0	1182
q00023	UniRef50_A0AAW0HVB8	78.7	719	566	28	743	796	705	0.0	1166
q00023	UniRef50_Q9NQV7	69.2	802	555	5	796	796	894	0.0	1126
q00023	UniRef50_A0A1S3EXY4	68.9	792	546	12	795	796	1250	0.0	1120
q00023	UniRef50_A0ABM3WWJ9	67.1	802	538	5	796	796	950	0.0	1108
q00023	UniRef50_UPI003D77F1B3	67.0	809	542	4	796	796	1307	0.0	1097
q00023	UniRef50_A0A9B0G3T5	69.3	779	540	5	772	796	787	0.0	1091
q00023	UniRef50_A0A7J8FJJ9	66.9	803	537	5	796	796	839	0.0	1071
q00023	UniRef50_A0A9L0SKN6	68.8	768	528	12	768	796	850	0.0	1059
q00023	UniRef50_UPI00265DAF06	66.8	772	516	28	790	796	1502	0.0	1057
q00023	UniRef50_K9J2Z2	65.5	804	527	5	796	796	838	0.0	1043
q00023	UniRef50_A0ABN8ZT74	63.9	803	513	10	796	796	1590	0.0	1021
q00023	UniRef50_A0ACB1KDI6	64.7	773	500	5	772	796	2533	0.0	1000
q00023	UniRef50_A0A5N3VW23	64.0	778	498	5	775	796	779	0.0	994
q00023	UniRef50_A0A4W2ICL9	59.4	835	496	5	796	796	1151	0.0	977
q00023	UniRef50_A0A3Q0DPA6	64.6	742	479	5	736	796	765	0.0	962
q00023	UniRef50_A0A833Z7T9	68.8	663	456	144	796	796	970	0.0	941
q00023	UniRef50_UPI001E6854ED	66.6	682	454	126	796	796	963	0.0	928
q00023	UniRef50_A0A834AEP2	66.6	664	442	144	796	796	927	0.0	913
q00023	UniRef50_A0A7E6DPS2	66.8	665	444	144	796	796	702	0.0	906
q00023	UniRef50_A0A833ZPG7	68.6	628	431	180	796	796	661	0.0	905
q00023	UniRef50_A0A3Q1MPX3	64.2	717	460	5	711	796	726	0.0	900
q00023	UniRef50_UPI002110D663	57.9	784	454	32	796	796	894	6.40e-312	884
q00023	UniRef50_A0AAA9SSU7	57.9	770	446	69	796	796	834	5.97e-310	877
q00023	UniRef50_A0A7E6DHJ9	67.9	610	414	175	773	796	616	3.96e-302	848
q00023	UniRef50_H0XHP5	57.3	773	443	4	764	796	768	1.45e-301	853
q00023	UniRef50_A0A5E4CHJ1	72.7	565	411	185	743	796	544	3.55e-294	825
q00023	UniRef50_UPI00330760F6	63.5	693	440	5	686	796	1352	1.43e-293	854
q00023	UniRef50_UPI000D533EA2	61.9	685	424	124	796	796	1268	1.15e-291	846
q00023	UniRef50_G7MUQ1	69.0	574	396	212	769	796	575	2.81e-289	814
q00023	UniRef50_A0A673VTM1	65.8	632	416	21	642	796	635	4.13e-287	811
q00023	UniRef50_H0XJF3	58.3	756	441	4	737	796	746	1.09e-280	799
q00023	UniRef50_A0A6P3GYZ3	63.5	625	397	47	662	796	625	1.19e-271	771
q00023	UniRef50_M3Y652	66.3	612	406	10	610	796	633	1.29e-270	769
q00023	UniRef50_A0A1A6GFD5	72.5	535	388	1	532	796	477	3.29e-265	749
q00023	UniRef50_Q96EQ9-3	92.2	383	353	5	387	796	418	1.99e-258	729
q00023	UniRef50_K7F2W1	47.7	790	377	28	796	796	891	9.89e-251	728
q00023	UniRef50_UPI00244EED26	59.7	616	368	5	606	796	669	8.85e-245	705
q00023	UniRef50_A0A9B0UBC3	60.0	607	364	28	630	796	691	9.48e-245	706
q00023	UniRef50_A0AA35KML3	45.6	833	380	25	796	796	1074	3.00e-243	716
q00023	UniRef50_UPI002A370367	61.1	601	367	5	598	796	900	2.37e-240	702
q00023	UniRef50_A0A8C0J4E0	46.7	801	374	16	792	796	736	2.67e-240	696
q00023	UniRef50_A0A833ZG51	66.1	510	337	299	796	796	694	1.66e-238	690
q00023	UniRef50_UPI00255CF95D	55.4	673	373	11	631	796	889	1.77e-234	687
q00023	UniRef50_A0A6P8P4D2	46.8	784	367	26	796	796	1595	2.12e-234	709
q00023	UniRef50_UPI003F5A4CAF	41.8	886	370	15	795	796	842	4.52e-231	676
q00023	UniRef50_A0A6P7Z186	43.6	822	358	26	789	796	809	4.50e-228	667
q00023	UniRef50_UPI003F4DE809	43.8	815	357	28	796	796	1244	2.01e-226	678
q00023	UniRef50_A0A4W2D682	54.2	671	364	5	663	796	639	5.60e-225	653
q00023	UniRef50_UPI000767380B	57.1	606	346	123	718	796	788	1.06e-223	655
q00023	UniRef50_A0A452FA02	55.9	692	387	10	688	796	647	6.79e-223	648
q00023	UniRef50_A0A8C2P406	55.2	696	384	10	687	796	650	4.28e-222	646
q00023	UniRef50_A0A833YHA2	62.7	515	323	320	796	796	719	8.93e-221	645
q00023	UniRef50_A0A670ILQ3	43.5	780	339	28	796	796	762	8.49e-219	642
q00023	UniRef50_UPI003B5A5B73	44.3	821	364	14	796	796	1703	7.74e-218	668
q00023	UniRef50_UPI0034627166	50.5	649	328	176	796	796	1539	2.30e-217	663
q00023	UniRef50_UPI0035A37E11	42.5	781	332	34	796	796	839	4.14e-217	640
q00023	UniRef50_UPI00398E8069	43.1	806	347	32	796	796	1179	4.77e-217	652
q00023	UniRef50_UPI003B63D66F	43.4	811	352	27	796	796	872	8.34e-217	641
q00023	UniRef50_UPI003F4DAA3A	42.8	804	344	28	796	796	982	1.11e-216	644
q00023	UniRef50_UPI001E1B2E9B	79.6	383	305	5	385	796	396	4.77e-216	621
q00023	UniRef50_UPI0037225D83	40.2	864	347	30	796	796	881	1.12e-213	633
q00023	UniRef50_UPI003F596028	62.2	508	316	299	796	796	817	1.89e-212	628
q00023	UniRef50_A0A833RWU4	55.7	589	328	47	627	796	520	5.10e-210	610
q00023	UniRef50_A0A5N3UMN0	62.0	487	302	208	687	796	498	6.62e-210	609
q00023	UniRef50_A0AAV6GVP0	40.8	791	323	30	796	796	822	1.13e-209	621
q00023	UniRef50_A0A2Y9I9R1	71.0	417	296	5	421	796	490	2.29e-208	605
q00023	UniRef50_A0A8J5ZW84	60.4	553	334	2	509	796	1199	1.14e-206	625
q00023	UniRef50_A0A8M1G054	74.9	382	286	4	385	796	521	1.65e-203	594
q00023	UniRef50_UPI00286FC23F	41.5	769	319	27	788	796	757	9.44e-200	593
q00023	UniRef50_A0A6J2VYL6	41.5	772	320	30	796	796	910	1.24e-199	598
q00023	UniRef50_UPI003F597A80	48.5	612	297	185	796	796	1761	4.93e-199	620
q00023	UniRef50_UPI001E68565A	61.9	515	319	69	571	796	981	1.02e-198	598
q00023	UniRef50_A0ACB1KH41	58.5	540	316	5	531	796	559	1.19e-197	580
q00023	UniRef50_A0A6G1ADY4	65.3	449	293	321	757	796	449	1.60e-197	576
q00023	UniRef50_A0A6P6DSI6	46.1	723	333	30	739	796	819	1.91e-195	584
q00023	UniRef50_A0A6P3V942	50.7	562	285	176	736	796	485	5.27e-195	571
q00023	UniRef50_UPI003B631988	47.4	625	296	181	796	796	933	5.44e-195	587
q00023	UniRef50_Q9NQW5	74.5	368	274	5	372	796	492	3.83e-194	569
q00023	UniRef50_UPI003F5A191B	49.3	554	273	195	739	796	507	2.61e-193	567
q00023	UniRef50_UPI001FDA7B34	73.9	383	283	3	384	796	934	2.18e-191	578
q00023	UniRef50_V5N1Y0	87.3	284	248	513	796	796	340	6.23e-191	555
q00023	UniRef50_M9P7T2	65.9	419	276	388	796	796	421	1.03e-190	557
q00023	UniRef50_UPI003B283C2F	41.6	829	345	32	796	796	2921	3.00e-190	611
q00023	UniRef50_G3HNU2	73.5	385	283	1	385	796	708	1.29e-189	565
q00023	UniRef50_Q9NQW5-1	70.6	405	286	212	606	796	407	8.11e-189	552
q00023	UniRef50_M9P6S9	65.9	419	276	388	796	796	505	8.12e-189	556
q00023	UniRef50_V5MZF1	85.2	284	242	513	796	796	284	5.43e-187	542
q00023	UniRef50_A0A667IEL2	76.4	348	266	27	374	796	467	7.83e-187	549
q00023	UniRef50_V5MZI7	85.2	284	242	513	796	796	368	2.07e-186	544
q00023	UniRef50_A0A6P3R8Z0	71.4	385	275	10	385	796	414	2.71e-186	546
q00023	UniRef50_A0A7N4UXH7	43.7	725	317	32	747	796	698	2.13e-185	554
q00023	UniRef50_UPI0038F5E2B1	73.6	363	267	27	389	796	726	2.61e-185	555
q00023	UniRef50_A0A340Y5M7	71.2	371	264	5	375	796	460	2.79e-185	545
q00023	UniRef50_A0A7E6DXP1	66.1	419	277	201	608	796	420	3.82e-185	543
q00023	UniRef50_G1PF70	63.3	458	290	69	518	796	465	6.66e-185	544
q00023	UniRef50_A0A4D6YUZ3	85.5	276	236	521	796	796	308	8.53e-185	538
q00024	UniRef50_Q96EQ9	89.5	793	710	5	796	796	843	0.0	1467
q00024	UniRef50_A0AAV0A5J7	81.7	794	649	5	796	796	874	0.0	1350
q00024	UniRef50_UPI00167F7A20	82.6	763	630	37	796	796	893	0.0	1313
q00024	UniRef50_A0A8D2JJG2	71.9	821	590	14	796	796	865	0.0	1182
q00024	UniRef50_A0AAW0HVB8	78.7	719	566	28	743	796	705	0.0	1166
q00024	UniRef50_Q9NQV7	69.2	802	555	5	796	796	894	0.0	1126
q00024	UniRef50_A0A1S3EXY4	68.9	792	546	12	795	796	1250	0.0	1120
q00024	UniRef50_A0ABM3WWJ9	67.1	802	538	5	796	796	950	0.0	1108
q00024	UniRef50_UPI003D77F1B3	67.0	809	542	4	796	796	1307	0.0	1097
q00024	UniRef50_A0A9B0G3T5	69.3	779	540	5	772	796	787	0.0	1091
q00024	UniRef50_A0A7J8FJJ9	66.9	803	537	5	796	796	839	0.0	1071
q00024	UniRef50_A0A9L0SKN6	68.8	768	528	12	768	796	850	0.0	1059
q00024	UniRef50_UPI00265DAF06	66.8	772	516	28	790	796	1502	0.0	1057
q00024	UniRef50_K9J2Z2	65.5	804	527	5	796	796	838	0.0	1043
q00024	UniRef50_A0ABN8ZT74	63.9	803	513	10	796	796	1590	0.0	1021
q00024	UniRef50_A0ACB1KDI6	64.7	773	500	5	772	796	2533	0.0	1000
q00024	UniRef50_A0A5N3VW23	64.0	778	498	5	775	796	779	0.0	994
q00024	UniRef50_A0A4W2ICL9	59.4	835	496	5	796	796	1151	0.0	977
q00024	UniRef50_A0A3Q0DPA6	64.6	742	479	5	736	796	765	0.0	962
q00024	UniRef50_A0A833Z7T9	68.8	663	456	144	796	796	970	0.0	941
q00024	UniRef50_UPI001E6854ED	66.6	682	454	126	796	796	963	0.0	928
q00024	UniRef50_A0A834AEP2	66.6	664	442	144	796	796	927	0.0	913
q00024	UniRef50_A0A7E6DPS2	66.8	665	444	144	796	796	702	0.0	906
q00024	UniRef50_A0A833ZPG7	68.6	628	431	180	796	796	661	0.0	905
q00024	UniRef50_A0A3Q1MPX3	64.2	717	460	5	711	796	726	0.0	900
q00024	UniRef50_UPI002110D663	57.9	784	454	32	796	796	894	6.40e-312	884
q00024	UniRef50_A0AAA9SSU7	57.9	770	446	69	796	796	834	5.97e-310	877
q00024	UniRef50_A0A7E6DHJ9	67.9	610	414	175	773	796	616	3.96e-302	848
q00024	UniRef50_H0XHP5	57.3	773	443	4	764	796	768	1.45e-301	853
q00024	UniRef50_A0A5E4CHJ1	72.7	565	411	185	743	796	544	3.55e-294	825
q00024	UniRef50_UPI00330760F6	63.5	693	440	5	686	796	1352	1.43e-293	854
q00024	UniRef50_UPI000D533EA2	61.9	685	424	124	796	796	1268	1.15e-291	846
q00024	UniRef50_G7MUQ1	69.0	574	396	212	769	796	575	2.81e-289	814
q00024	UniRef50_A0A673VTM1	65.8	632	416	21	642	796	635	4.13e-287	811
q00024	UniRef50_H0XJF3	58.3	756	441	4	737	796	746	1.09e-280	799
q00024	UniRef50_A0A6P3GYZ3	63.5	625	397	47	662	796	625	1.19e-271	771
q00024	UniRef50_M3Y652	66.3	612	406	10	610	796	633	1.29e-270	769
q00024	UniRef50_A0A1A6GFD5	72.5	535	388	1	532	796	477	3.29e-265	749
q00024	UniRef50_Q96EQ9-3	92.2	383	353	5	387	796	418	1.99e-258	729
q00024	UniRef50_K7F2W1	47.7	790	377	28	796	796	891	9.89e-251	728
q00024	UniRef50_UPI00244EED26	59.7	616	368	5	606	796	669	8.85e-245	705
q00024	UniRef50_A0A9B0UBC3	60.0	607	364	28	630	796	691	9.48e-245	706
q00024	UniRef50_A0AA35KML3	45.6	833	380	25	796	796	1074	3.00e-243	716
q00024	UniRef50_UPI002A370367	61.1	601	367	5	598	796	900	2.37e-240	702
q00024	UniRef50_A0A8C0J4E0	46.7	801	374	16	792	796	736	2.67e-240	696
q00024	UniRef50_A0A833ZG51	66.1	510	337	299	796	796	694	1.66e-238	690
q00024	UniRef50_UPI00255CF95D	55.4	673	373	11	631	796	889	1.77e-234	687
q00024	UniRef50_A0A6P8P4D2	46.8	784	367	26	796	796	1595	2.12e-234	709
q00024	UniRef50_UPI003F5A4CAF	41.8	886	370	15	795	796	842	4.52e-231	676
q00024	UniRef50_A0A6P7Z186	43.6	822	358	26	789	796	809	4.50e-228	667
q00024	UniRef50_UPI003F4DE809	43.8	815	357	28	796	796	1244	2.01e-226	678
q00024	UniRef50_A0A4W2D682	54.2	671	364	5	663	796	639	5.60e-225	653
q00024	UniRef50_UPI000767380B	57.1	606	346	123	718	796	788	1.06e-223	655
q00024	UniRef50_A0A452FA02	55.9	692	387	10	688	796	647	6.79e-223	648
q00024	UniRef50_A0A8C2P406	55.2	696	384	10	687	796	650	4.28e-222	646
q00024	UniRef50_A0A833YHA2	62.7	515	323	320	796	796	719	8.93e-221	645
q00024	UniRef50_A0A670ILQ3	43.5	780	339	28	796	796	762	8.49e-219	642
q00024	UniRef50_UPI003B5A5B73	44.3	821	364	14	796	796	1703	7.74e-218	668
q00024	UniRef50_UPI0034627166	50.5	649	328	176	796	796	1539	2.30e-217	663
q00024	UniRef50_UPI0035A37E11	42.5	781	332	34	796	796	839	4.14e-217	640
q00024	UniRef50_UPI00398E8069	43.1	806	347	32	796	796	1179	4.77e-217	652
q00024	UniRef50_UPI003B63D66F	43.4	811	352	27	796	796	872	8.34e-217	641
q00024	UniRef50_UPI003F4DAA3A	42.8	804	344	28	796	796	982	1.11e-216	644
q00024	UniRef50_UPI001E1B2E9B	79.6	383	305	5	385	796	396	4.77e-216	621
q00024	UniRef50_UPI0037225D83	40.2	864	347	30	796	796	881	1.12e-213	633
q00024	UniRef50_UPI003F596028	62.2	508	316	299	796	796	817	1.89e-212	628
q00024	UniRef50_A0A833RWU4	55.7	589	328	47	627	796	520	5.10e-210	610
q00024	UniRef50_A0A5N3UMN0	62.0	487	302	208	687	796	498	6.62e-210	609
q00024	UniRef50_A0AAV6GVP0	40.8	791	323	30	796	796	822	1.13e-209	621
q00024	UniRef50_A0A2Y9I9R1	71.0	417	296	5	421	796	490	2.29e-208	605
q00024	UniRef50_A0A8J5ZW84	60.4	553	334	2	509	796	1199	1.14e-206	625
q00024	UniRef50_A0A8M1G054	74.9	382	286	4	385	796	521	1.65e-203	594
q00024	UniRef50_UPI00286FC23F	41.5	769	319	27	788	796	757	9.44e-200	593
q00024	UniRef50_A0A6J2VYL6	41.5	772	320	30	796	796	910	1.24e-199	598
q00024	UniRef50_UPI003F597A80	48.5	612	297	185	796	796	1761	4.93e-199	620
q00024	UniRef50_UPI001E68565A	61.9	515	319	69	571	796	981	1.02e-198	598
q00024	UniRef50_A0ACB1KH41	58.5	540	316	5	531	796	559	1.19e-197	580
q00024	UniRef50_A0A6G1ADY4	65.3	449	293	321	757	796	449	1.60e-197	576
q00024	UniRef50_A0A6P6DSI6	46.1	723	333	30	739	796	819	1.91e-195	584
q00024	UniRef50_A0A6P3V942	50.7	562	285	176	736	796	485	5.27e-195	571
q00024	UniRef50_UPI003B631988	47.4	625	296	181	796	796	933	5.44e-195	587
q00024	UniRef50_Q9NQW5	74.5	368	274	5	372	796	492	3.83e-194	569
q00024	UniRef50_UPI003F5A191B	49.3	554	273	195	739	796	507	2.61e-193	567
q00024	UniRef50_UPI001FDA7B34	73.9	383	283	3	384	796	934	2.18e-191	578
q00024	UniRef50_V5N1Y0	87.3	284	248	513	796	796	340	6.23e-191	555
q00024	UniRef50_M9P7T2	65.9	419	276	388	796	796	421	1.03e-190	557
q00024	UniRef50_UPI003B283C2F	41.6	829	345	32	796	796	2921	3.00e-190	611
q00024	UniRef50_G3HNU2	73.5	385	283	1	385	796	708	1.29e-189	565
q00024	UniRef50_Q9NQW5-1	70.6	405	286	212	606	796	407	8.11e-189	552
q00024	UniRef50_M9P6S9	65.9	419	276	388	796	796	505	8.12e-189	556
q00024	UniRef50_V5MZF1	85.2	284	242	513	796	796	284	5.43e-187	542
q00024	UniRef50_A0A667IEL2	76.4	348	266	27	374	796	467	7.83e-187	549
q00024	UniRef50_V5MZI7	85.2	284	242	513	796	796	368	2.07e-186	544
q00024	UniRef50_A0A6P3R8Z0	71.4	385	275	10	385	796	414	2.71e-186	546
q00024	UniRef50_A0A7N4UXH7	43.7	725	317	32	747	796	698	2.13e-185	554
q00024	UniRef50_UPI0038F5E2B1	73.6	363	267	27	389	796	726	2.61e-185	555
q00024	UniRef50_A0A340Y5M7	71.2	371	264	5	375	796	460	2.79e-185	545
q00024	UniRef50_A0A7E6DXP1	66.1	419	277	201	608	796	420	3.82e-185	543
q00024	UniRef50_G1PF70	63.3	458	290	69	518	796	465	6.66e-185	544
q00024	UniRef50_A0A4D6YUZ3	85.5	276	236	521	796	796	308	8.53e-185	538
q00025	UniRef50_Q96EQ9	89.5	793	710	5	796	796	843	0.0	1467
q00025	UniRef50_A0AAV0A5J7	81.7	794	649	5	796	796	874	0.0	1350
q00025	UniRef50_UPI00167F7A20	82.6	763	630	37	796	796	893	0.0	1313
q00025	UniRef50_A0A8D2JJG2	71.9	821	590	14	796	796	865	0.0	1182
q00025	UniRef50_A0AAW0HVB8	78.7	719	566	28	743	796	705	0.0	1166
q00025	UniRef50_Q9NQV7	69.2	802	555	5	796	796	894	0.0	1126
q00025	UniRef50_A0A1S3EXY4	68.9	792	546	12	795	796	1250	0.0	1120
q00025	UniRef50_A0ABM3WWJ9	67.1	802	538	5	796	796	950	0.0	1108
q00025	UniRef50_UPI003D77F1B3	67.0	809	542	4	796	796	1307	0.0	1097
q00025	UniRef50_A0A9B0G3T5	69.3	779	540	5	772	796	787	0.0	1091
q00025	UniRef50_A0A7J8FJJ9	66.9	803	537	5	796	796	839	0.0	1071
q00025	UniRef50_A0A9L0SKN6	68.8	768	528	12	768	796	850	0.0	1059
q00025	UniRef50_UPI00265DAF06	66.8	772	516	28	790	796	1502	0.0	1057
q00025	UniRef50_K9J2Z2	65.5	804	527	5	796	796	838	0.0	1043
q00025	UniRef50_A0ABN8ZT74	63.9	803	513	10	796	796	1590	0.0	1021
q00025	UniRef50_A0ACB1KDI6	64.7	773	500	5	772	796	2533	0.0	1000
q00025	UniRef50_A0A5N3VW23	64.0	778	498	5	775	796	779	0.0	994
q00025	UniRef50_A0A4W2ICL9	59.4	835	496	5	796	796	1151	0.0	977
q00025	UniRef50_A0A3Q0DPA6	64.6	742	479	5	736	796	765	0.0	962
q00025	UniRef50_A0A833Z7T9	68.8	663	456	144	796	796	970	0.0	941
q00025	UniRef50_UPI001E6854ED	66.6	682	454	126	796	796	963	0.0	928
q00025	UniRef50_A0A834AEP2	66.6	664	442	144	796	796	927	0.0	913
q00025	UniRef50_A0A7E6DPS2	66.8	665	444	144	796	796	702	0.0	906
q00025	UniRef50_A0A833ZPG7	68.6	628	431	180	796	796	661	0.0	905
q00025	UniRef50_A0A3Q1MPX3	64.2	717	460	5	711	796	726	0.0	900
q00025	UniRef50_UPI002110D663	57.9	784	454	32	796	796	894	6.40e-312	884
q00025	UniRef50_A0AAA9SSU7	57.9	770	446	69	796	796	834	5.97e-310	877
q00025	UniRef50_A0A7E6DHJ9	67.9	610	414	175	773	796	616	3.96e-302	848
q00025	UniRef50_H0XHP5	57.3	773	443	4	764	796	768	1.45e-301	853
q00025	UniRef50_A0A5E4CHJ1	72.7	565	411	185	743	796	544	3.55e-294	825
q00025	UniRef50_UPI00330760F6	63.5	693	440	5	686	796	1352	1.43e-293	854
q00025	UniRef50_UPI000D533EA2	61.9	685	424	124	796	796	1268	1.15e-291	846
q00025	UniRef50_G7MUQ1	69.0	574	396	212	769	796	575	2.81e-289	814
q00025	UniRef50_A0A673VTM1	65.8	632	416	21	642	796	635	4.13e-287	811
q00025	UniRef50_H0XJF3	58.3	756	441	4	737	796	746	1.09e-280	799
q00025	UniRef50_A0A6P3GYZ3	63.5	625	397	47	662	796	625	1.19e-271	771
q00025	UniRef50_M3Y652	66.3	612	406	10	610	796	633	1.29e-270	769
q00025	UniRef50_A0A1A6GFD5	72.5	535	388	1	532	796	477	3.29e-265	749
q00025	UniRef50_Q96EQ9-3	92.2	383	353	5	387	796	418	1.99e-258	729
q00025	UniRef50_K7F2W1	47.7	790	377	28	796	796	891	9.89e-251	728
q00025	UniRef50_UPI00244EED26	59.7	616	368	5	606	796	669	8.85e-245	705
q00025	UniRef50_A0A9B0UBC3	60.0	607	364	28	630	796	691	9.48e-245	706
q00025	UniRef50_A0AA35KML3	45.6	833	380	25	796	796	1074	3.00e-243	716
q00025	UniRef50_UPI002A370367	61.1	601	367	5	598	796	900	2.37e-240	702
q00025	UniRef50_A0A8C0J4E0	46.7	801	374	16	792	796	736	2.67e-240	696
q00025	UniRef50_A0A833ZG51	66.1	510	337	299	796	796	694	1.66e-238	690
q00025	UniRef50_UPI00255CF95D	55.4	673	373	11	631	796	889	1.77e-234	687
q00025	UniRef50_A0A6P8P4D2	46.8	784	367	26	796	796	1595	2.12e-234	709
q00025	UniRef50_UPI003F5A4CAF	41.8	886	370	15	795	796	842	4.52e-231	676
q00025	UniRef50_A0A6P7Z186	43.6	822	358	26	789	796	809	4.50e-228	667
q00025	UniRef50_UPI003F4DE809	43.8	815	357	28	796	796	1244	2.01e-226	678
q00025	UniRef50_A0A4W2D682	54.2	671	364	5	663	796	639	5.60e-225	653
q00025	UniRef50_UPI000767380B	57.1	606	346	123	718	796	788	1.06e-223	655
q00025	UniRef50_A0A452FA02	55.9	692	387	10	688	796	647	6.79e-223	648
q00025	UniRef50_A0A8C2P406	55.2	696	384	10	687	796	650	4.28e-222	646
q00025	UniRef50_A0A833YHA2	62.7	515	323	320	796	796	719	8.93e-221	645
q00025	UniRef50_A0A670ILQ3	43.5	780	339	28	796	796	762	8.49e-219	642
q00025	UniRef50_UPI003B5A5B73	44.3	821	364	14	796	796	1703	7.74e-218	668
q00025	UniRef50_UPI0034627166	50.5	649	328	176	796	796	1539	2.30e-217	663
q00025	UniRef50_UPI0035A37E11	42.5	781	332	34	796	796	839	4.14e-217	640
q00025	UniRef50_UPI00398E8069	43.1	806	347	32	796	796	1179	4.77e-217	652
q00025	UniRef50_UPI003B63D66F	43.4	811	352	27	796	796	872	8.34e-217	641
q00025	UniRef50_UPI003F4DAA3A	42.8	804	344	28	796	796	982	1.11e-216	644
q00025	UniRef50_UPI001E1B2E9B	79.6	383	305	5	385	796	396	4.77e-216	621
q00025	UniRef50_UPI0037225D83	40.2	864	347	30	796	796	881	1.12e-213	633
q00025	UniRef50_UPI003F596028	62.2	508	316	299	796	796	817	1.89e-212	628
q00025	UniRef50_A0A833RWU4	55.7	589	328	47	627	796	520	5.10e-210	610
q00025	UniRef50_A0A5N3UMN0	62.0	487	302	208	687	796	498	6.62e-210	609
q00025	UniRef50_A0AAV6GVP0	40.8	791	323	30	796	796	822	1.13e-209	621
q00025	UniRef50_A0A2Y9I9R1	71.0	417	296	5	421	796	490	2.29e-208	605
q00025	UniRef50_A0A8J5ZW84	60.4	553	334	2	509	796	1199	1.14e-206	625
q00025	UniRef50_A0A8M1G054	74.9	382	286	4	385	796	521	1.65e-203	594
q00025	UniRef50_UPI00286FC23F	41.5	769	319	27	788	796	757	9.44e-200	593
q00025	UniRef50_A0A6J2VYL6	41.5	772	320	30	796	796	910	1.24e-199	598
q00025	UniRef50_UPI003F597A80	48.5	612	297	185	796	796	1761	4.93e-199	620
q00025	UniRef50_UPI001E68565A	61.9	515	319	69	571	796	981	1.02e-198	598
q00025	UniRef50_A0ACB1KH41	58.5	540	316	5	531	796	559	1.19e-197	580
q00025	UniRef50_A0A6G1ADY4	65.3	449	293	321	757	796	449	1.60e-197	576
q00025	UniRef50_A0A6P6DSI6	46.1	723	333	30	739	796	819	1.91e-195	584
q00025	UniRef50_A0A6P3V942	50.7	562	285	176	736	796	485	5.27e-195	571
q00025	UniRef50_UPI003B631988	47.4	625	296	181	796	796	933	5.44e-195	587
q00025	UniRef50_Q9NQW5	74.5	368	274	5	372	796	492	3.83e-194	569
q00025	UniRef50_UPI003F5A191B	49.3	554	273	195	739	796	507	2.61e-193	567
q00025	UniRef50_UPI001FDA7B34	73.9	383	283	3	384	796	934	2.18e-191	578
q00025	UniRef50_V5N1Y0	87.3	284	248	513	796	796	340	6.23e-191	555
q00025	UniRef50_M9P7T2	65.9	419	276	388	796	796	421	1.03e-190	557
q00025	UniRef50_UPI003B283C2F	41.6	829	345	32	796	796	2921	3.00e-190	611
q00025	UniRef50_G3HNU2	73.5	385	283	1	385	796	708	1.29e-189	565
q00025	UniRef50_Q9NQW5-1	70.6	405	286	212	606	796	407	8.11e-189	552
q00025	UniRef50_M9P6S9	65.9	419	276	388	796	796	505	8.12e-189	556
q00025	UniRef50_V5MZF1	85.2	284	242	513	796	796	284	5.43e-187	542
q00025	UniRef50_A0A667IEL2	76.4	348	266	27	374	796	467	7.83e-187	549
q00025	UniRef50_V5MZI7	85.2	284	242	513	796	796	368	2.07e-186	544
q00025	UniRef50_A0A6P3R8Z0	71.4	385	275	10	385	796	414	2.71e-186	546
q00025	UniRef50_A0A7N4UXH7	43.7	725	317	32	747	796	698	2.13e-185	554
q00025	UniRef50_UPI0038F5E2B1	73.6	363	267	27	389	796	726	2.61e-185	555
q00025	UniRef50_A0A340Y5M7	71.2	371	264	5	375	796	460	2.79e-185	545
q00025	UniRef50_A0A7E6DXP1	66.1	419	277	201	608	796	420	3.82e-185	543
q00025	UniRef50_G1PF70	63.3	458	290	69	518	796	465	6.66e-185	544
q00025	UniRef50_A0A4D6YUZ3	85.5	276	236	521	796	796	308	8.53e-185	538
q00026	UniRef50_Q96EQ9	89.5	793	710	5	796	796	843	0.0	1467
q00026	UniRef50_A0AAV0A5J7	81.7	794	649	5	796	796	874	0.0	1350
q00026	UniRef50_UPI00167F7A20	82.6	763	630	37	796	796	893	0.0	1313
q00026	UniRef50_A0A8D2JJG2	71.9	821	590	14	796	796	865	0.0	1182
q00026	UniRef50_A0AAW0HVB8	78.7	719	566	28	743	796	705	0.0	1166
q00026	UniRef50_Q9NQV7	69.2	802	555	5	796	796	894	0.0	1126
q00026	UniRef50_A0A1S3EXY4	68.9	792	546	12	795	796	1250	0.0	1120
q00026	UniRef50_A0ABM3WWJ9	67.1	802	538	5	796	796	950	0.0	1108
q00026	UniRef50_UPI003D77F1B3	67.0	809	542	4	796	796	1307	0.0	1097
q00026	UniRef50_A0A9B0G3T5	69.3	779	540	5	772	796	787	0.0	1091
q00026	UniRef50_A0A7J8FJJ9	66.9	803	537	5	796	796	839	0.0	1071
q00026	UniRef50_A0A9L0SKN6	68.8	768	528	12	768	796	850	0.0	1059
q00026	UniRef50_UPI00265DAF06	66.8	772	516	28	790	796	1502	0.0	1057
q00026	UniRef50_K9J2Z2	65.5	804	527	5	796	796	838	0.0	1043
q00026	UniRef50_A0ABN8ZT74	63.9	803	513	10	796	796	1590	0.0	1021
q00026	UniRef50_A0ACB1KDI6	64.7	773	500	5	772	796	2533	0.0	1000
q00026	UniRef50_A0A5N3VW23	64.0	778	498	5	775	796	779	0.0	994
q00026	UniRef50_A0A4W2ICL9	59.4	835	496	5	796	796	1151	0.0	977
q00026	UniRef50_A0A3Q0DPA6	64.6	742	479	5	736	796	765	0.0	962
q00026	UniRef50_A0A833Z7T9	68.8	663	456	144	796	796	970	0.0	941
q00026	UniRef50_UPI001E6854ED	66.6	682	454	126	796	796	963	0.0	928
q00026	UniRef50_A0A834AEP2	66.6	664	442	144	796	796	927	0.0	913
q00026	UniRef50_A0A7E6DPS2	66.8	665	444	144	796	796	702	0.0	906
q00026	UniRef50_A0A833ZPG7	68.6	628	431	180	796	796	661	0.0	905
q00026	UniRef50_A0A3Q1MPX3	64.2	717	460	5	711	796	726	0.0	900
q00026	UniRef50_UPI002110D663	57.9	784	454	32	796	796	894	6.40e-312	884
q00026	UniRef50_A0AAA9SSU7	57.9	770	446	69	796	796	834	5.97e-310	877
q00026	UniRef50_A0A7E6DHJ9	67.9	610	414	175	773	796	616	3.96e-302	848
q00026	UniRef50_H0XHP5	57.3	773	443	4	764	796	768	1.45e-301	853
q00026	UniRef50_A0A5E4CHJ1	72.7	565	411	185	743	796	544	3.55e-294	825
q00026	UniRef50_UPI00330760F6	63.5	693	440	5	686	796	1352	1.43e-293	854
q00026	UniRef50_UPI000D533EA2	61.9	685	424	124	796	796	1268	1.15e-291	846
q00026	UniRef50_G7MUQ1	69.0	574	396	212	769	796	575	2.81e-289	814
q00026	UniRef50_A0A673VTM1	65.8	632	416	21	642	796	635	4.13e-287	811
q00026	UniRef50_H0XJF3	58.3	756	441	4	737	796	746	1.09e-280	799
q00026	UniRef50_A0A6P3GYZ3	63.5	625	397	47	662	796	625	1.19e-271	771
q00026	UniRef50_M3Y652	66.3	612	406	10	610	796	633	1.29e-270	769
q00026	UniRef50_A0A1A6GFD5	72.5	535	388	1	532	796	477	3.29e-265	749
q00026	UniRef50_Q96EQ9-3	92.2	383	353	5	387	796	418	1.99e-258	729
q00026	UniRef50_K7F2W1	47.7	790	377	28	796	796	891	9.89e-251	728
q00026	UniRef50_UPI00244EED26	59.7	616	368	5	606	796	669	8.85e-245	705
q00026	UniRef50_A0A9B0UBC3	60.0	607	364	28	630	796	691	9.48e-245	706
q00026	UniRef50_A0AA35KML3	45.6	833	380	25	796	796	1074	3.00e-243	716
q00026	UniRef50_UPI002A370367	61.1	601	367	5	598	796	900	2.37e-240	702
q00026	UniRef50_A0A8C0J4E0	46.7	801	374	16	792	796	736	2.67e-240	696
q00026	UniRef50_A0A833ZG51	66.1	510	337	299	796	796	694	1.66e-238	690
q00026	UniRef50_UPI00255CF95D	55.4	673	373	11	631	796	889	1.77e-234	687
q00026	UniRef50_A0A6P8P4D2	46.8	784	367	26	796	796	1595	2.12e-234	709
q00026	UniRef50_UPI003F5A4CAF	41.8	886	370	15	795	796	842	4.52e-231	676
q00026	UniRef50_A0A6P7Z186	43.6	822	358	26	789	796	809	4.50e-228	667
q00026	UniRef50_UPI003F4DE809	43.8	815	357	28	796	796	1244	2.01e-226	678
q00026	UniRef50_A0A4W2D682	54.2	671	364	5	663	796	639	5.60e-225	653
q00026	UniRef50_UPI000767380B	57.1	606	346	123	718	796	788	1.06e-223	655
q00026	UniRef50_A0A452FA02	55.9	692	387	10	688	796	647	6.79e-223	648
q00026	UniRef50_A0A8C2P406	55.2	696	384	10	687	796	650	4.28e-222	646
q00026	UniRef50_A0A833YHA2	62.7	515	323	320	796	796	719	8.93e-221	645
q00026	UniRef50_A0A670ILQ3	43.5	780	339	28	796	796	762	8.49e-219	642
q00026	UniRef50_UPI003B5A5B73	44.3	821	364	14	796	796	1703	7.74e-218	668
q00026	UniRef50_UPI0034627166	50.5	649	328	176	796	796	1539	2.30e-217	663
q00026	UniRef50_UPI0035A37E11	42.5	781	332	34	796	796	839	4.14e-217	640
q00026	UniRef50_UPI00398E8069	43.1	806	347	32	796	796	1179	4.77e-217	652
q00026	UniRef50_UPI003B63D66F	43.4	811	352	27	796	796	872	8.34e-217	641
q00026	UniRef50_UPI003F4DAA3A	42.8	804	344	28	796	796	982	1.11e-216	644
q00026	UniRef50_UPI001E1B2E9B	79.6	383	305	5	385	796	396	4.77e-216	621
q00026	UniRef50_UPI0037225D83	40.2	864	347	30	796	796	881	1.12e-213	633
q00026	UniRef50_UPI003F596028	62.2	508	316	299	796	796	817	1.89e-212	628
q00026	UniRef50_A0A833RWU4	55.7	589	328	47	627	796	520	5.10e-210	610
q00026	UniRef50_A0A5N3UMN0	62.0	487	302	208	687	796	498	6.62e-210	609
q00026	UniRef50_A0AAV6GVP0	40.8	791	323	30	796	796	822	1.13e-209	621
q00026	UniRef50_A0A2Y9I9R1	71.0	417	296	5	421	796	490	2.29e-208	605
q00026	UniRef50_A0A8J5ZW84	60.4	553	334	2	509	796	1199	1.14e-206	625
q00026	UniRef50_A0A8M1G054	74.9	382	286	4	385	796	521	1.65e-203	594
q00026	UniRef50_UPI00286FC23F	41.5	769	319	27	788	796	757	9.44e-200	593
q00026	UniRef50_A0A6J2VYL6	41.5	772	320	30	796	796	910	1.24e-199	598
q00026	UniRef50_UPI003F597A80	48.5	612	297	185	796	796	1761	4.93e-199	620
q00026	UniRef50_UPI001E68565A	61.9	515	319	69	571	796	981	1.02e-198	598
q00026	UniRef50_A0ACB1KH41	58.5	540	316	5	531	796	559	1.19e-197	580
q00026	UniRef50_A0A6G1ADY4	65.3	449	293	321	757	796	449	1.60e-197	576
q00026	UniRef50_A0A6P6DSI6	46.1	723	333	30	739	796	819	1.91e-195	584
q00026	UniRef50_A0A6P3V942	50.7	562	285	176	736	796	485	5.27e-195	571
q00026	UniRef50_UPI003B631988	47.4	625	296	181	796	796	933	5.44e-195	587
q00026	UniRef50_Q9NQW5	74.5	368	274	5	372	796	492	3.83e-194	569
q00026	UniRef50_UPI003F5A191B	49.3	554	273	195	739	796	507	2.61e-193	567
q00026	UniRef50_UPI001FDA7B34	73.9	383	283	3	384	796	934	2.18e-191	578
q00026	UniRef50_V5N1Y0	87.3	284	248	513	796	796	340	6.23e-191	555
q00026	UniRef50_M9P7T2	65.9	419	276	388	796	796	421	1.03e-190	557
q00026	UniRef50_UPI003B283C2F	41.6	829	345	32	796	796	2921	3.00e-190	611
q00026	UniRef50_G3HNU2	73.5	385	283	1	385	796	708	1.29e-189	565
q00026	UniRef50_Q9NQW5-1	70.6	405	286	212	606	796	407	8.11e-189	552
q00026	UniRef50_M9P6S9	65.9	419	276	388	796	796	505	8.12e-189	556
q00026	UniRef50_V5MZF1	85.2	284	242	513	796	796	284	5.43e-187	542
q00026	UniRef50_A0A667IEL2	76.4	348	266	27	374	796	467	7.83e-187	549
q00026	UniRef50_V5MZI7	85.2	284	242	513	796	796	368	2.07e-186	544
q00026	UniRef50_A0A6P3R8Z0	71.4	385	275	10	385	796	414	2.71e-186	546
q00026	UniRef50_A0A7N4UXH7	43.7	725	317	32	747	796	698	2.13e-185	554
q00026	UniRef50_UPI0038F5E2B1	73.6	363	267	27	389	796	726	2.61e-185	555
q00026	UniRef50_A0A340Y5M7	71.2	371	264	5	375	796	460	2.79e-185	545
q00026	UniRef50_A0A7E6DXP1	66.1	419	277	201	608	796	420	3.82e-185	543
q00026	UniRef50_G1PF70	63.3	458	290	69	518	796	465	6.66e-185	544
q00026	UniRef50_A0A4D6YUZ3	85.5	276	236	521	796	796	308	8.53e-185	538
q00027	UniRef50_Q96EQ9	89.5	793	710	5	796	796	843	0.0	1467
q00027	UniRef50_A0AAV0A5J7	81.7	794	649	5	796	796	874	0.0	1350
q00027	UniRef50_UPI00167F7A20	82.6	763	630	37	796	796	893	0.0	1313
q00027	UniRef50_A0A8D2JJG2	71.9	821	590	14	796	796	865	0.0	1182
q00027	UniRef50_A0AAW0HVB8	78.7	719	566	28	743	796	705	0.0	1166
q00027	UniRef50_Q9NQV7	69.2	802	555	5	796	796	894	0.0	1126
q00027	UniRef50_A0A1S3EXY4	68.9	792	546	12	795	796	1250	0.0	1120
q00027	UniRef50_A0ABM3WWJ9	67.1	802	538	5	796	796	950	0.0	1108
q00027	UniRef50_UPI003D77F1B3	67.0	809	542	4	796	796	1307	0.0	1097
q00027	UniRef50_A0A9B0G3T5	69.3	779	540	5	772	796	787	0.0	1091
q00027	UniRef50_A0A7J8FJJ9	66.9	803	537	5	796	796	839	0.0	1071
q00027	UniRef50_A0A9L0SKN6	68.8	768	528	12	768	796	850	0.0	1059
q00027	UniRef50_UPI00265DAF06	66.8	772	516	28	790	796	1502	0.0	1057
q00027	UniRef50_K9J2Z2	65.5	804	527	5	796	796	838	0.0	1043
q00027	UniRef50_A0ABN8ZT74	63.9	803	513	10	796	796	1590	0.0	1021
q00027	UniRef50_A0ACB1KDI6	64.7	773	500	5	772	796	2533	0.0	1000
q00027	UniRef50_A0A5N3VW23	64.0	778	498	5	775	796	779	0.0	994
q00027	UniRef50_A0A4W2ICL9	59.4	835	496	5	796	796	1151	0.0	977
q00027	UniRef50_A0A3Q0DPA6	64.6	742	479	5	736	796	765	0.0	962
q00027	UniRef50_A0A833Z7T9	68.8	663	456	144	796	796	970	0.0	941
q00027	UniRef50_UPI001E6854ED	66.6	682	454	126	796	796	963	0.0	928
q00027	UniRef50_A0A834AEP2	66.6	664	442	144	796	796	927	0.0	913
q00027	UniRef50_A0A7E6DPS2	66.8	665	444	144	796	796	702	0.0	906
q00027	UniRef50_A0A833ZPG7	68.6	628	431	180	796	796	661	0.0	905
q00027	UniRef50_A0A3Q1MPX3	64.2	717	460	5	711	796	726	0.0	900
q00027	UniRef50_UPI002110D663	57.9	784	454	32	796	796	894	6.40e-312	884
q00027	UniRef50_A0AAA9SSU7	57.9	770	446	69	796	796	834	5.97e-310	877
q00027	UniRef50_A0A7E6DHJ9	67.9	610	414	175	773	796	616	3.96e-302	848
q00027	UniRef50_H0XHP5	57.3	773	443	4	764	796	768	1.45e-301	853
q00027	UniRef50_A0A5E4CHJ1	72.7	565	411	185	743	796	544	3.55e-294	825
q00027	UniRef50_UPI00330760F6	63.5	693	440	5	686	796	1352	1.43e-293	854
q00027	UniRef50_UPI000D533EA2	61.9	685	424	124	796	796	1268	1.15e-291	846
q00027	UniRef50_G7MUQ1	69.0	574	396	212	769	796	575	2.81e-289	814
q00027	UniRef50_A0A673VTM1	65.8	632	416	21	642	796	635	4.13e-287	811
q00027	UniRef50_H0XJF3	58.3	756	441	4	737	796	746	1.09e-280	799
q00027	UniRef50_A0A6P3GYZ3	63.5	625	397	47	662	796	625	1.19e-271	771
q00027	UniRef50_M3Y652	66.3	612	406	10	610	796	633	1.29e-270	769
q00027	UniRef50_A0A1A6GFD5	72.5	535	388	1	532	796	477	3.29e-265	749
q00027	UniRef50_Q96EQ9-3	92.2	383	353	5	387	796	418	1.99e-258	729
q00027	UniRef50_K7F2W1	47.7	790	377	28	796	796	891	9.89e-251	728
q00027	UniRef50_UPI00244EED26	59.7	616	368	5	606	796	669	8.85e-245	705
q00027	UniRef50_A0A9B0UBC3	60.0	607	364	28	630	796	691	9.48e-245	706
q00027	UniRef50_A0AA35KML3	45.6	833	380	25	796	796	1074	3.00e-243	716
q00027	UniRef50_UPI002A370367	61.1	601	367	5	598	796	900	2.37e-240	702
q00027	UniRef50_A0A8C0J4E0	46.7	801	374	16	792	796	736	2.67e-240	696
q00027	UniRef50_A0A833ZG51	66.1	510	337	299	796	796	694	1.66e-238	690
q00027	UniRef50_UPI00255CF95D	55.4	673	373	11	631	796	889	1.77e-234	687
q00027	UniRef50_A0A6P8P4D2	46.8	784	367	26	796	796	1595	2.12e-234	709
q00027	UniRef50_UPI003F5A4CAF	41.8	886	370	15	795	796	842	4.52e-231	676
q00027	UniRef50_A0A6P7Z186	43.6	822	358	26	789	796	809	4.50e-228	667
q00027	UniRef50_UPI003F4DE809	43.8	815	357	28	796	796	1244	2.01e-226	678
q00027	UniRef50_A0A4W2D682	54.2	671	364	5	663	796	639	5.60e-225	653
q00027	UniRef50_UPI000767380B	57.1	606	346	123	718	796	788	1.06e-223	655
q00027	UniRef50_A0A452FA02	55.9	692	387	10	688	796	647	6.79e-223	648
q00027	UniRef50_A0A8C2P406	55.2	696	384	10	687	796	650	4.28e-222	646
q00027	UniRef50_A0A833YHA2	62.7	515	323	320	796	796	719	8.93e-221	645
q00027	UniRef50_A0A670ILQ3	43.5	780	339	28	796	796	762	8.49e-219	642
q00027	UniRef50_UPI003B5A5B73	44.3	821	364	14	796	796	1703	7.74e-218	668
q00027	UniRef50_UPI0034627166	50.5	649	328	176	796	796	1539	2.30e-217	663
q00027	UniRef50_UPI0035A37E11	42.5	781	332	34	796	796	839	4.14e-217	640
q00027	UniRef50_UPI00398E8069	43.1	806	347	32	796	796	1179	4.77e-217	652
q00027	UniRef50_UPI003B63D66F	43.4	811	352	27	796	796	872	8.34e-217	641
q00027	UniRef50_UPI003F4DAA3A	42.8	804	344	28	796	796	982	1.11e-216	644
q00027	UniRef50_UPI001E1B2E9B	79.6	383	305	5	385	796	396	4.77e-216	621
q00027	UniRef50_UPI0037225D83	40.2	864	347	30	796	796	881	1.12e-213	633
q00027	UniRef50_UPI003F596028	62.2	508	316	299	796	796	817	1.89e-212	628
q00027	UniRef50_A0A833RWU4	55.7	589	328	47	627	796	520	5.10e-210	610
q00027	UniRef50_A0A5N3UMN0	62.0	487	302	208	687	796	498	6.62e-210	609
q00027	UniRef50_A0AAV6GVP0	40.8	791	323	30	796	796	822	1.13e-209	621
q00027	UniRef50_A0A2Y9I9R1	71.0	417	296	5	421	796	490	2.29e-208	605
q00027	UniRef50_A0A8J5ZW84	60.4	553	334	2	509	796	1199	1.14e-206	625
q00027	UniRef50_A0A8M1G054	74.9	382	286	4	385	796	521	1.65e-203	594
q00027	UniRef50_UPI00286FC23F	41.5	769	319	27	788	796	757	9.44e-200	593
q00027	UniRef50_A0A6J2VYL6	41.5	772	320	30	796	796	910	1.24e-199	598
q00027	UniRef50_UPI003F597A80	48.5	612	297	185	796	796	1761	4.93e-199	620
q00027	UniRef50_UPI001E68565A	61.9	515	319	69	571	796	981	1.02e-198	598
q00027	UniRef50_A0ACB1KH41	58.5	540	316	5	531	796	559	1.19e-197	580
q00027	UniRef50_A0A6G1ADY4	65.3	449	293	321	757	796	449	1.60e-197	576
q00027	UniRef50_A0A6P6DSI6	46.1	723	333	30	739	796	819	1.91e-195	584
q00027	UniRef50_A0A6P3V942	50.7	562	285	176	736	796	485	5.27e-195	571
q00027	UniRef50_UPI003B631988	47.4	625	296	181	796	796	933	5.44e-195	587
q00027	UniRef50_Q9NQW5	74.5	368	274	5	372	796	492	3.83e-194	569
q00027	UniRef50_UPI003F5A191B	49.3	554	273	195	739	796	507	2.61e-193	567
q00027	UniRef50_UPI001FDA7B34	73.9	383	283	3	384	796	934	2.18e-191	578
q00027	UniRef50_V5N1Y0	87.3	284	248	513	796	796	340	6.23e-191	555
q00027	UniRef50_M9P7T2	65.9	419	276	388	796	796	421	1.03e-190	557
q00027	UniRef50_UPI003B283C2F	41.6	829	345	32	796	796	2921	3.00e-190	611
q00027	UniRef50_G3HNU2	73.5	385	283	1	385	796	708	1.29e-189	565
q00027	UniRef50_Q9NQW5-1	70.6	405	286	212	606	796	407	8.11e-189	552
q00027	UniRef50_M9P6S9	65.9	419	276	388	796	796	505	8.12e-189	556
q00027	UniRef50_V5MZF1	85.2	284	242	513	796	796	284	5.43e-187	542
q00027	UniRef50_A0A667IEL2	76.4	348	266	27	374	796	467	7.83e-187	549
q00027	UniRef50_V5MZI7	85.2	284	242	513	796	796	368	2.07e-186	544
q00027	UniRef50_A0A6P3R8Z0	71.4	385	275	10	385	796	414	2.71e-186	546
q00027	UniRef50_A0A7N4UXH7	43.7	725	317	32	747	796	698	2.13e-185	554
q00027	UniRef50_UPI0038F5E2B1	73.6	363	267	27	389	796	726	2.61e-185	555
q00027	UniRef50_A0A340Y5M7	71.2	371	264	5	375	796	460	2.79e-185	545
q00027	UniRef50_A0A7E6DXP1	66.1	419	277	201	608	796	420	3.82e-185	543
q00027	UniRef50_G1PF70	63.3	458	290	69	518	796	465	6.66e-185	544
q00027	UniRef50_A0A4D6YUZ3	85.5	276	236	521	796	796	308	8.53e-185	538
q00028	UniRef50_Q8VAK2	100	641	641	1	641	641	641	0.0	1253
q00028	UniRef50_A0A8E7BZ09	99.8	427	426	1	427	641	428	0.0	888
q00028	UniRef50_A0A6B9MHW4	40.4	389	157	24	406	641	783	7.52e-79	274
q00028	UniRef50_Q77J49	29.1	398	116	18	401	641	844	1.93e-44	179
q00028	UniRef50_A0A2U9G9P0	36.6	257	94	156	406	641	504	2.05e-39	160
q00028	UniRef50_A0A2I6SBN5	98.8	81	80	488	568	641	84	9.91e-37	140
q00028	UniRef50_A0A9C7BP61	26.0	361	94	46	386	641	922	1.76e-34	149
q00028	UniRef50_A0A2U9GE20	31.8	211	67	22	229	641	227	2.48e-25	113
q00028	UniRef50_A0A2I6SBN0	85.5	55	47	569	623	641	54	5.57e-17	84.0
q00028	UniRef50_A0A2I6SCI0	37.0	119	44	294	406	641	173	3.98e-16	85.5
q00028	UniRef50_A0A2I6SBN2	37.9	116	44	33	143	641	121	6.08e-13	74.7
q00029	UniRef50_Q9SKC2	100	542	542	1	542	542	542	0.0	1105
q00029	UniRef50_A0A7G2EGH3	99.8	531	530	1	531	542	778	0.0	1084
q00029	UniRef50_A0A178VZH0	91.5	515	471	1	515	542	1017	0.0	933
q00029	UniRef50_A0A8S2AAI3	81.8	523	428	19	535	542	1443	1.33e-302	869
q00029	UniRef50_A0A8T2AIC2	81.5	523	426	19	535	542	2399	3.89e-290	863
q00029	UniRef50_A0A6J0MY47	65.4	520	340	26	534	542	523	5.98e-235	664
q00029	UniRef50_A0A078JNK7	66.9	493	330	26	515	542	498	3.76e-232	656
q00029	UniRef50_A0ABM1Q6Z9	49.8	709	353	51	538	542	746	2.58e-224	645
q00029	UniRef50_A0A078FAU8	56.6	541	306	28	536	542	555	1.44e-209	601
q00029	UniRef50_Q84RR0	57.2	523	299	10	515	542	562	2.61e-209	600
q00029	UniRef50_Q8L829	59.4	495	294	56	536	542	552	3.99e-206	592
q00029	UniRef50_A0A8S1ZE25	57.8	545	315	25	536	542	1034	3.29e-205	607
q00029	UniRef50_Q8W468	54.0	535	289	19	536	542	567	3.35e-201	580
q00029	UniRef50_I1MD76	54.2	535	290	6	522	542	589	4.69e-199	575
q00029	UniRef50_A0A1U7ZXQ9	55.0	507	279	26	515	542	580	4.88e-199	575
q00029	UniRef50_A0A804IDD1	54.3	527	286	10	522	542	587	6.20e-199	575
q00029	UniRef50_P0C8K8	58.4	474	277	56	515	542	552	7.52e-199	573
q00029	UniRef50_A0A565C1K5	59.4	502	298	37	532	542	468	9.17e-199	570
q00029	UniRef50_A0A5S9X2Z9	88.4	327	289	162	444	542	1890	1.51e-196	606
q00029	UniRef50_A0ABQ7LX77	56.6	542	307	10	535	542	989	1.04e-195	581
q00029	UniRef50_A0A1D6E7J6	55.3	517	286	12	515	542	589	6.59e-194	562
q00029	UniRef50_G7IHR6	53.6	535	287	6	518	542	597	3.99e-192	558
q00029	UniRef50_A0A0A0KCB8	57.0	474	270	55	515	542	591	4.62e-192	558
q00029	UniRef50_B9RM26	57.6	451	260	79	515	542	513	1.04e-191	554
q00029	UniRef50_A0A6I9SWQ1	55.2	487	269	42	515	542	608	2.33e-191	556
q00029	UniRef50_A0A1U8KWS0	52.0	538	280	12	515	542	583	4.63e-190	552
q00029	UniRef50_A0A5N6N878	55.0	471	259	58	515	542	543	1.93e-189	549
q00029	UniRef50_G7J9C7	53.7	523	281	6	518	542	599	4.20e-187	545
q00029	UniRef50_A0A7G2E2L5	54.0	535	289	19	536	542	1904	9.37e-187	580
q00029	UniRef50_A0A178W7Q7	59.5	449	267	102	536	542	468	1.24e-186	539
q00029	UniRef50_V4LBT5	53.6	526	282	32	515	542	531	1.57e-185	539
q00029	UniRef50_A0A9R1WMA1	52.3	524	274	6	515	542	584	1.66e-185	541
q00029	UniRef50_A0AAV0Q6K7	52.2	540	282	10	522	542	1241	3.37e-185	561
q00029	UniRef50_A0A078JAX4	51.6	554	286	18	540	542	540	2.27e-182	531
q00029	UniRef50_A0A1S3WZU4	55.3	476	263	55	515	542	699	2.65e-181	534
q00029	UniRef50_D8SK64	50.7	501	254	57	541	542	583	3.81e-176	517
q00029	UniRef50_A0A6A6KTP1	52.8	506	267	55	515	542	1519	4.67e-175	541
q00029	UniRef50_D8SCF5	48.7	526	256	4	515	542	576	1.12e-173	510
q00029	UniRef50_M1B7L6	49.2	532	262	25	538	542	875	1.43e-173	520
q00029	UniRef50_A0AAV1C738	53.5	445	238	25	441	542	465	4.48e-171	499
q00029	UniRef50_A0A2G3AIF0	52.5	501	263	20	515	542	813	2.66e-170	510
q00029	UniRef50_A0A8T2HGR8	55.1	486	268	56	515	542	3134	2.02e-169	541
q00029	UniRef50_A0A9K3I6X6	49.9	515	257	19	519	542	584	2.48e-169	499
q00029	UniRef50_A0A2R6X9H0	51.3	478	245	60	515	542	538	1.24e-168	496
q00029	UniRef50_A0AAD7LC32	50.3	485	244	43	515	542	549	4.08e-167	493
q00029	UniRef50_A0A2I4DM90	49.2	518	255	15	523	542	525	4.20e-166	489
q00029	UniRef50_A0A251T6K6	50.7	495	251	34	513	542	603	4.82e-166	492
q00029	UniRef50_A0A3B6KLI1	48.8	518	253	32	530	542	560	5.41e-165	488
q00029	UniRef50_A0A6L2N5K5	49.4	518	256	9	515	542	932	2.41e-164	498
q00029	UniRef50_A0AAD4TDS7	49.2	531	261	15	515	542	634	4.20e-164	488
q00029	UniRef50_A0A2P6PLK1	48.9	517	253	30	516	542	590	4.66e-163	484
q00029	UniRef50_A0A2K2BI53	49.2	484	238	45	521	542	608	1.52e-160	478
q00029	UniRef50_A0AAV5KY20	51.0	459	234	59	515	542	610	1.30e-159	476
q00029	UniRef50_A0AAW0LUP6	50.8	459	233	58	515	542	1061	5.04e-159	488
q00029	UniRef50_C0PG32	59.1	372	220	137	495	542	406	6.02e-159	466
q00029	UniRef50_A0AAV3PS25	48.3	493	238	50	534	542	544	1.41e-158	471
q00029	UniRef50_A0A7J7DL96	48.1	474	228	51	523	542	528	1.66e-158	470
q00029	UniRef50_A0AAD4XK53	49.0	478	234	62	525	542	548	9.11e-158	469
q00029	UniRef50_A0A835I8Y7	47.5	467	222	59	512	542	530	1.01e-157	468
q00029	UniRef50_M7YQH0	49.8	524	261	12	521	542	900	4.23e-157	479
q00029	UniRef50_A0A251R9V0	51.3	472	242	61	516	542	565	4.50e-157	468
q00029	UniRef50_UPI003D788430	48.7	511	249	37	526	542	578	4.84e-157	468
q00029	UniRef50_A0A6P6S9S4	46.1	521	240	16	515	542	523	9.13e-157	465
q00029	UniRef50_UPI00202DB905	48.6	504	245	29	515	542	551	7.40e-155	461
q00029	UniRef50_A0AAE1Y8U0	46.2	515	238	11	515	542	494	1.29e-154	459
q00029	UniRef50_A0AAW0LU51	50.7	458	232	58	515	542	1511	5.37e-154	486
q00029	UniRef50_A0A835N7B2	48.8	490	239	45	521	542	1138	1.70e-153	476
q00029	UniRef50_A0AAD6REB2	47.9	470	225	52	515	542	938	6.85e-152	466
q00029	UniRef50_A0A654EXY9	68.9	341	235	1	341	542	235	1.91e-151	441
q00029	UniRef50_A0A498J6G6	49.3	471	232	59	515	542	1888	2.02e-151	484
q00029	UniRef50_A0A9Q0Z1S2	59.1	362	214	167	515	542	443	2.76e-151	448
q00029	UniRef50_A0AA39A5M1	59.7	362	216	167	515	542	438	9.38e-151	447
q00029	UniRef50_A0ABQ7CD64	65.1	347	226	191	534	542	408	2.71e-150	444
q00029	UniRef50_A0A835M0G8	48.4	463	224	58	514	542	603	1.83e-149	449
q00029	UniRef50_A0AAV2FER6	46.5	469	218	52	515	542	540	5.57e-149	446
q00029	UniRef50_A0A9R0JNX5	47.1	490	231	59	515	542	619	1.71e-148	447
q00029	UniRef50_A0A1S3YIL5	47.2	470	222	55	515	542	533	5.05e-148	443
q00029	UniRef50_A0AAD4TGH8	49.0	500	245	51	537	542	1360	2.00e-147	465
q00029	UniRef50_A0A166AMB6	44.1	494	218	60	542	542	502	7.64e-145	434
q00029	UniRef50_A0AAW1N6B6	46.9	495	232	42	515	542	576	2.91e-144	435
q00029	UniRef50_UPI001FB13CA8	45.5	492	224	53	515	542	536	4.61e-144	433
q00029	UniRef50_A0A2C9VX09	44.9	486	218	42	515	542	566	6.00e-144	434
q00029	UniRef50_A0A816I166	68.2	302	206	26	317	542	327	4.74e-143	423
q00029	UniRef50_A0AA88RNU6	45.0	482	217	53	515	542	521	6.45e-143	430
q00029	UniRef50_A0A2N9EJ03	53.1	382	203	154	522	542	393	1.17e-142	424
q00029	UniRef50_A0A164UUE6	45.5	508	231	33	515	542	518	1.17e-142	429
q00029	UniRef50_A0AAV3PIK6	45.9	471	216	57	515	542	552	1.23e-142	430
q00029	UniRef50_A0A4Y7K7K4	45.6	504	230	33	515	542	828	2.04e-142	439
q00029	UniRef50_UPI0024146ECF	44.6	509	227	44	514	542	521	5.17e-142	427
q00029	UniRef50_A0AAW2BTX7	48.7	419	204	56	458	542	486	9.39e-142	426
q00029	UniRef50_A0A2G5EC52	44.7	503	225	26	515	542	541	2.78e-141	426
q00029	UniRef50_A0A803NMV6	47.3	471	223	68	518	542	512	3.10e-141	425
q00029	UniRef50_A0A059DAA3	54.1	368	199	28	373	542	382	2.97e-140	418
q00029	UniRef50_A0A9E7FF09	47.9	486	233	44	522	542	1751	7.04e-140	451
q00029	UniRef50_A0A2U1KPH0	45.7	477	218	55	522	542	576	5.35e-139	422
q00029	UniRef50_A0A2Z7AQY0	45.9	473	217	58	516	542	514	8.50e-139	419
q00029	UniRef50_UPI002590B830	45.5	514	234	30	515	542	518	3.87e-138	417
q00029	UniRef50_A0A2G9G2Q5	55.4	336	186	51	373	542	417	1.02e-136	410
q00029	UniRef50_A0AA88UE72	46.4	457	212	60	515	542	533	1.60e-135	411
q00029	UniRef50_A0A803L435	51.5	390	201	139	515	542	417	6.61e-135	405
q00030	UniRef50_Q59M69	100	377	377	1	377	377	377	1.61e-263	723
q00030	UniRef50_A0A1D2VFK3	44.5	375	167	2	372	377	352	4.29e-95	295
q00030	UniRef50_A0A1E4SA71	44.4	369	164	4	372	377	333	4.86e-92	287
q00030	UniRef50_C4R8S6	43.5	370	161	1	367	377	333	1.95e-91	285
q00030	UniRef50_A0AAV5QDU3	40.6	367	149	2	367	377	332	1.84e-80	257
q00030	UniRef50_A0A0J9X4X9	40.1	372	149	6	377	377	328	3.26e-80	256
q00030	UniRef50_K2S5T0	38.2	374	143	4	377	377	326	1.55e-77	249
q00030	UniRef50_Q7SHU9	38.1	365	139	8	369	377	353	5.54e-73	239
q00030	UniRef50_A0A2T4BCV0	37.6	362	136	8	369	377	337	3.85e-72	236
q00030	UniRef50_C7YKN8	37.9	364	138	8	369	377	349	8.65e-71	233
q00030	UniRef50_A0A9W6YZP8	47.5	278	132	2	270	377	270	1.24e-70	230
q00030	UniRef50_Q0UVK8	35.7	364	130	6	369	377	325	2.38e-70	231
q00030	UniRef50_A0A1E3QTC5	36.1	388	140	9	369	377	385	6.82e-70	232
q00030	UniRef50_A0A0L1J3B4	38.7	372	144	6	369	377	350	1.98e-69	229
q00030	UniRef50_P36059	40.3	382	154	1	368	377	337	2.13e-68	226
q00030	UniRef50_A0A1Y2APH1	36.9	358	132	10	367	377	347	2.24e-67	224
q00030	UniRef50_A0A9N9YRZ2	36.2	365	132	8	369	377	349	3.35e-67	224
q00030	UniRef50_Q5B0D6	36.6	374	137	8	369	377	369	8.33e-67	223
q00030	UniRef50_A0AAV5RK44	37.5	355	133	15	367	377	318	3.34e-65	218
q00030	UniRef50_A0A1E3PMI0	35.7	364	130	8	367	377	324	6.24e-64	214
q00030	UniRef50_A0AAW0FDL8	47.9	238	114	130	367	377	219	7.92e-64	211
q00030	UniRef50_UPI0014476435	35.5	372	132	8	376	377	747	2.60e-63	223
q00030	UniRef50_A0A1Y1W7C9	38.1	352	134	16	367	377	325	7.12e-63	212
q00030	UniRef50_A0A1Y2FFB2	35.7	353	126	15	367	377	342	8.20e-63	212
q00030	UniRef50_A0A8H3EMP6	35.8	363	130	8	369	377	1228	1.58e-62	225
q00030	UniRef50_A0A261Y078	35.0	363	127	6	367	377	324	2.73e-62	210
q00030	UniRef50_A0A0L0SMU8	36.0	364	131	9	369	377	353	1.23e-61	209
q00030	UniRef50_A0A9W4MSB6	34.8	379	132	6	369	377	769	1.31e-61	219
q00030	UniRef50_A0A8H3QX94	36.4	343	125	25	367	377	662	1.38e-61	217
q00030	UniRef50_A0A9P6U4J4	37.1	353	131	15	367	377	345	2.75e-61	208
q00030	UniRef50_A0A167E876	39.6	313	124	55	367	377	274	7.71e-61	205
q00030	UniRef50_A0A9W8DWX2	35.9	340	122	29	368	377	349	4.77e-60	205
q00030	UniRef50_L0P9H4	35.9	368	132	4	371	377	1155	2.35e-59	216
q00030	UniRef50_A0A061SPJ0	37.0	346	128	6	351	377	327	2.84e-59	202
q00030	UniRef50_A0A507CF71	33.9	366	124	6	371	377	331	6.31e-59	202
q00030	UniRef50_O94347	33.7	362	122	10	371	377	327	7.94e-59	201
q00030	UniRef50_A0ACD0P3D9	35.7	367	131	6	369	377	349	1.04e-58	202
q00030	UniRef50_A0A1X2GDY7	35.8	352	126	15	366	377	311	1.99e-58	200
q00030	UniRef50_A0A7I4EJU8	34.8	368	128	8	367	377	438	3.66e-58	203
q00030	UniRef50_A0AAV5GFB1	35.9	354	127	15	368	377	521	4.35e-58	205
q00030	UniRef50_A0A6P5II41	34.4	363	125	5	367	377	350	8.29e-58	199
q00030	UniRef50_Q94AF2	35.8	341	122	26	366	377	365	1.24e-57	199
q00030	UniRef50_A9RY03	34.7	366	127	8	364	377	342	1.32e-57	199
q00030	UniRef50_E3L9T1	35.0	360	126	8	366	377	346	2.07e-57	198
q00030	UniRef50_A0A6V8R0P4	35.3	331	117	6	336	377	742	2.36e-57	207
q00030	UniRef50_A0A2K6RF68	35.2	366	129	5	367	377	329	2.58e-57	197
q00030	UniRef50_A0A151STR1	34.9	352	123	15	366	377	371	2.87e-57	199
q00030	UniRef50_Q8IW45	35.5	366	130	5	367	377	347	5.94e-57	197
q00030	UniRef50_Q9CZ42	35.0	363	127	5	367	377	343	7.50e-57	197
q00030	UniRef50_A0A4X2LZE2	35.0	363	127	5	367	377	524	1.33e-56	201
q00030	UniRef50_A0A9P6QGB2	36.2	356	129	15	370	377	1213	1.65e-56	208
q00030	UniRef50_A0A1Y2GB15	37.3	346	129	15	355	377	348	3.37e-56	195
q00030	UniRef50_A0A137P6B1	36.0	347	125	10	355	377	323	3.37e-56	194
q00030	UniRef50_A0A2C9M341	34.4	363	125	6	367	377	341	3.92e-56	195
q00030	UniRef50_UPI002E13C57D	36.0	364	131	4	367	377	341	3.92e-56	195
q00030	UniRef50_M7PCM3	33.6	363	122	15	363	377	329	3.98e-56	194
q00030	UniRef50_T1FN31	34.5	354	122	7	359	377	367	5.57e-56	195
q00030	UniRef50_A0A9P6UZA1	36.4	341	124	15	355	377	1006	9.40e-56	205
q00030	UniRef50_Q5R824	35.4	364	129	5	367	377	329	1.11e-55	193
q00030	UniRef50_A0A803J9P2	36.0	364	131	5	367	377	520	1.29e-55	198
q00030	UniRef50_A0A670JBD6	35.8	363	130	5	367	377	656	1.38e-55	201
q00030	UniRef50_A0A2T9Y286	35.9	337	121	10	346	377	292	3.06e-55	191
q00030	UniRef50_A7RRZ8	34.6	370	128	4	368	377	358	4.78e-55	192
q00030	UniRef50_A0A8H4PE05	35.2	366	129	8	369	377	685	5.60e-55	200
q00030	UniRef50_A0A078JME5	35.2	358	126	15	366	377	366	5.89e-55	192
q00030	UniRef50_Q6CS26	35.6	376	134	8	370	377	330	8.85e-55	191
q00030	UniRef50_UPI00265F2637	34.1	352	120	15	366	377	720	8.85e-55	200
q00030	UniRef50_A0A2C9M3E4	34.4	363	125	6	367	377	468	8.89e-55	195
q00030	UniRef50_A0A6A4X2W2	34.7	363	126	9	371	377	311	1.04e-54	190
q00030	UniRef50_F6QZG8	36.0	364	131	5	367	377	641	1.10e-54	198
q00030	UniRef50_A0A8C3FET2	35.3	363	128	5	367	377	703	1.37e-54	199
q00030	UniRef50_F6HDM2	33.7	341	115	26	366	377	354	1.68e-54	191
q00030	UniRef50_A0A673XS08	35.0	360	126	9	367	377	596	2.80e-54	196
q00030	UniRef50_A0A9D4TY02	36.2	351	127	6	355	377	329	3.38e-54	189
q00030	UniRef50_A0A2R6WRQ3	33.6	366	123	5	367	377	549	4.60e-54	195
q00030	UniRef50_F6RCC2	34.7	363	126	5	367	377	359	5.33e-54	190
q00030	UniRef50_A0A4T0MLN2	36.5	345	126	11	355	377	417	5.80e-54	191
q00030	UniRef50_M5G0C2	34.2	365	125	6	369	377	327	6.33e-54	189
q00030	UniRef50_A0A6P4YJ11	32.0	359	115	9	367	377	367	6.55e-54	190
q00030	UniRef50_A0AAV2HK79	34.0	365	124	4	367	377	507	7.76e-54	193
q00030	UniRef50_A0A226EWA0	35.0	366	128	10	368	377	456	1.01e-53	192
q00030	UniRef50_A0A3Q7EHY1	34.0	353	120	15	366	377	322	1.09e-53	188
q00030	UniRef50_A0A9P8CYI6	35.8	346	124	15	357	377	1772	1.17e-53	200
q00030	UniRef50_A0A899FZ20	34.1	361	123	8	363	377	1605	1.55e-53	199
q00030	UniRef50_A0A411DES3	33.4	359	120	9	367	377	451	1.78e-53	191
q00030	UniRef50_F4NZ38	33.3	357	119	15	371	377	318	1.94e-53	187
q00030	UniRef50_A0A8C2VCV1	34.9	361	126	8	367	377	298	2.20e-53	186
q00030	UniRef50_A0A671WA51	35.0	360	126	9	367	377	625	2.34e-53	194
q00030	UniRef50_Q6C9G9	34.8	313	109	55	367	377	267	3.56e-53	185
q00030	UniRef50_I0ZA12	35.6	351	125	17	367	377	326	4.77e-53	186
q00030	UniRef50_A0A8C5L5Z4	34.2	363	124	5	367	377	327	4.90e-53	186
q00030	UniRef50_A0A1A7XBT3	35.9	359	129	9	367	377	666	5.90e-53	194
q00030	UniRef50_A0A8C1UWJ8	35.4	359	127	10	367	377	476	6.00e-53	190
q00030	UniRef50_UPI00193A8C37	32.9	362	119	6	367	377	351	6.59e-53	187
q00030	UniRef50_A0A9Q9YFK3	35.4	359	127	10	367	377	486	1.03e-52	190
q00030	UniRef50_A0A376BAE3	35.8	388	139	6	367	377	330	1.05e-52	186
q00030	UniRef50_A0A1A7ZHB5	35.1	359	126	9	367	377	624	1.66e-52	192
q00030	UniRef50_A0A2T9Z798	36.8	353	130	15	367	377	325	1.82e-52	185
q00030	UniRef50_A0A8D0A7V5	34.5	359	124	9	367	377	637	2.02e-52	192
q00030	UniRef50_E1BNQ4	33.9	363	123	5	367	377	329	2.84e-52	184
q00031	UniRef50_Q9Y0Y2	87.2	506	441	1	506	506	447	0.0	874
q00031	UniRef50_A0A9J6BPL6	67.4	487	328	17	503	506	666	5.05e-235	668
q00031	UniRef50_B0W9B4	65.7	495	325	11	505	506	458	6.79e-235	660
q00031	UniRef50_A0A8J5MUD3	55.1	499	275	7	505	506	450	6.01e-198	566
q00031	UniRef50_A0A310SQU0	59.7	466	278	24	489	506	741	6.70e-198	577
q00031	UniRef50_V9KKL2	55.1	483	266	24	505	506	451	1.20e-190	547
q00031	UniRef50_P28650	56.1	483	271	24	505	506	457	2.11e-190	547
q00031	UniRef50_B5X2Z0	55.4	484	268	24	505	506	449	4.53e-190	546
q00031	UniRef50_P28650-2	56.6	486	275	24	505	506	480	1.92e-189	545
q00031	UniRef50_A0A1U7Q4F0	56.3	483	272	24	505	506	457	2.43e-189	544
q00031	UniRef50_Q8N142	55.5	483	268	24	505	506	457	2.43e-189	544
q00031	UniRef50_H2RQH1	55.1	486	268	24	505	506	469	7.46e-189	543
q00031	UniRef50_P46664	55.5	492	273	18	505	506	456	1.35e-188	542
q00031	UniRef50_A0A6P5PKW7	55.5	492	273	18	505	506	456	2.71e-188	541
q00031	UniRef50_P30520	56.0	486	272	24	505	506	456	2.71e-188	541
q00031	UniRef50_A0AAY4DJ35	54.7	486	266	24	505	506	451	4.56e-188	541
q00031	UniRef50_A0A8I3MVB5	56.0	486	272	24	505	506	655	5.83e-186	543
q00031	UniRef50_A0A8J6GYS0	59.8	470	281	23	490	506	760	2.43e-181	535
q00031	UniRef50_A0A8T0BAN0	55.9	483	270	24	505	506	1722	9.62e-180	556
q00031	UniRef50_A0A6I8P4V9	54.5	466	254	24	488	506	587	9.10e-179	522
q00031	UniRef50_A0A8C3BB35	53.7	477	256	14	489	506	667	8.75e-178	523
q00031	UniRef50_A0A287BAF3	55.7	458	255	24	480	506	480	1.28e-177	515
q00031	UniRef50_A9UTP3	53.2	485	258	21	505	506	431	7.59e-177	511
q00031	UniRef50_H0XR41	54.5	488	266	24	505	506	462	7.88e-177	513
q00031	UniRef50_A0A2U9CLP7	55.1	483	266	24	505	506	1537	1.68e-176	544
q00031	UniRef50_A0A0L0HJX2	54.5	481	262	25	504	506	432	3.18e-176	510
q00031	UniRef50_A0A671XFX0	54.6	469	256	24	489	506	590	3.02e-175	513
q00031	UniRef50_A0A4Z2JA15	54.5	483	263	24	505	506	1848	5.32e-175	546
q00031	UniRef50_A0A6P6XUU8	54.0	480	259	26	505	506	760	1.66e-173	515
q00031	UniRef50_A0A8J6DM17	53.3	516	275	24	505	506	1540	4.32e-172	533
q00031	UniRef50_A0A815WEE3	54.2	476	258	24	497	506	971	3.57e-171	516
q00031	UniRef50_A0A2U9B8T6	55.5	472	262	23	490	506	999	3.32e-169	511
q00031	UniRef50_A0A553R272	50.9	483	246	24	505	506	654	4.65e-169	500
q00031	UniRef50_P80210	50.5	483	244	26	504	506	433	1.25e-168	491
q00031	UniRef50_A0A814YYN5	53.2	485	258	24	506	506	1026	1.05e-167	508
q00031	UniRef50_A0A093BHN7	53.0	449	238	58	505	506	393	4.06e-167	485
q00031	UniRef50_A0A0A0A6W4	52.8	449	237	58	505	506	393	9.40e-166	482
q00031	UniRef50_A8NDT2	50.4	482	243	26	503	506	428	2.26e-165	482
q00031	UniRef50_A0A5A9PCI5	54.0	472	255	23	490	506	670	3.64e-164	488
q00031	UniRef50_A0A3M7PHY9	50.5	481	243	24	502	506	942	9.74e-164	496
q00031	UniRef50_Q02787	49.8	478	238	26	503	506	434	1.83e-163	478
q00031	UniRef50_A0A0E9NH83	50.6	478	242	26	503	506	650	3.13e-163	485
q00031	UniRef50_A0A814CK25	53.8	483	260	24	504	506	1518	3.22e-163	509
q00031	UniRef50_A0A7E5WS57	66.7	330	220	177	506	506	335	7.39e-163	472
q00031	UniRef50_A0A9W8M674	50.7	485	246	21	505	506	993	1.64e-161	491
q00031	UniRef50_A0A2K6Q5V1	51.2	486	249	24	505	506	421	2.18e-161	472
q00031	UniRef50_A0A8I6AT75	51.0	486	248	24	505	506	452	6.36e-161	472
q00031	UniRef50_A0A9N9AQY7	50.8	480	244	26	505	506	1016	1.64e-160	489
q00031	UniRef50_P0CH96	49.1	481	236	27	503	506	428	6.41e-160	468
q00031	UniRef50_A0A5J5CRK3	51.4	502	258	24	489	506	2156	2.09e-159	508
q00031	UniRef50_A0A7R8GZA7	51.0	471	240	24	494	506	708	3.86e-159	476
q00031	UniRef50_A0A1R1Y9W2	41.4	587	243	23	505	506	589	6.89e-158	469
q00031	UniRef50_A0A9P7VA54	48.7	485	236	23	503	506	619	8.94e-158	470
q00031	UniRef50_A0A8C8ITR4	50.5	471	238	24	492	506	436	1.58e-157	462
q00031	UniRef50_A0A674C0A0	51.9	499	259	18	505	506	899	2.56e-156	475
q00031	UniRef50_A0A914D5G5	50.6	510	258	1	503	506	878	4.08e-156	474
q00031	UniRef50_A0A6B0RDK9	54.3	449	244	58	505	506	1508	5.05e-156	489
q00031	UniRef50_A0A2V1AKF5	50.4	468	236	27	490	506	850	9.33e-154	467
q00031	UniRef50_A0A8S1CDG0	66.7	312	208	194	505	506	313	6.89e-153	446
q00031	UniRef50_A0A0V1FSA3	47.0	511	240	23	504	506	464	9.99e-153	451
q00031	UniRef50_P91134	47.9	482	231	26	503	506	457	1.28e-151	448
q00031	UniRef50_A0A8C7L045	52.4	429	225	24	448	506	381	6.16e-151	444
q00031	UniRef50_A0A0D2VXQ8	52.7	461	243	28	487	506	899	1.71e-150	460
q00031	UniRef50_C4QCD2	47.2	487	230	19	503	506	426	2.05e-150	444
q00031	UniRef50_P0CQ34	46.5	480	223	26	500	506	430	2.35e-150	444
q00031	UniRef50_A0A8J7P2K4	53.4	438	234	58	491	506	943	5.35e-150	460
q00031	UniRef50_V9ICX8	61.8	353	218	24	376	506	327	6.06e-150	439
q00031	UniRef50_A0A7R8W793	47.4	483	229	23	503	506	829	8.10e-150	456
q00031	UniRef50_A0A4Y9YIT1	50.7	485	246	25	503	506	901	2.81e-149	457
q00031	UniRef50_A0AAF0F097	47.0	470	221	41	504	506	595	1.31e-148	446
q00031	UniRef50_A0A0V1B0C0	47.5	495	235	26	504	506	580	4.64e-148	444
q00031	UniRef50_B2VXY5	48.2	479	231	26	503	506	422	4.71e-148	438
q00031	UniRef50_A0A8H7A586	48.5	480	233	28	503	506	1035	5.65e-148	457
q00031	UniRef50_A0A9Q9DNA3	48.2	479	231	26	503	506	636	6.64e-148	445
q00031	UniRef50_B8M3A8	46.7	480	224	26	503	506	422	1.34e-147	437
q00031	UniRef50_A0A0L6VFC8	48.4	477	231	18	479	506	701	4.69e-147	445
q00031	UniRef50_Q0TXG3	46.9	480	225	26	504	506	425	8.47e-147	435
q00031	UniRef50_A0A8S1HBY4	49.0	488	239	23	506	506	1686	2.86e-146	466
q00031	UniRef50_A4RYD2	45.4	476	216	29	503	506	428	3.77e-146	433
q00031	UniRef50_M1VDU1	47.6	485	231	28	503	506	441	5.86e-146	433
q00031	UniRef50_A0A0L0D4W7	46.4	504	234	19	503	506	470	7.73e-146	434
q00031	UniRef50_A0A384A5B0	56.2	386	217	24	405	506	395	9.87e-146	431
q00031	UniRef50_A0ACC2XL65	48.0	487	234	25	505	506	1064	3.66e-145	451
q00031	UniRef50_A0A1A8NE14	55.2	386	213	24	405	506	402	7.16e-145	429
q00031	UniRef50_A0A183BSU7	48.0	488	234	26	503	506	733	1.06e-144	440
q00031	UniRef50_Q5BEY7	45.4	480	218	26	503	506	424	3.04e-144	428
q00031	UniRef50_A0AAD1VVD6	61.3	336	206	172	503	506	351	5.66e-144	425
q00031	UniRef50_A0A8S1E854	48.9	483	236	26	504	506	1090	1.40e-143	447
q00031	UniRef50_C4JYB4	45.2	480	217	26	503	506	420	1.51e-143	426
q00031	UniRef50_Q96529	46.3	484	224	24	503	506	490	1.95e-143	429
q00031	UniRef50_B7FUM7	46.1	482	222	26	504	506	526	3.13e-143	429
q00031	UniRef50_A0ABD3NTJ8	45.8	511	234	2	504	506	545	1.15e-142	429
q00031	UniRef50_M2TI68	48.2	479	231	26	503	506	923	1.26e-142	441
q00031	UniRef50_A0A1J8QFE5	47.2	502	237	26	504	506	1291	1.54e-142	449
q00031	UniRef50_A0A8C4J9N6	54.9	386	212	24	405	506	362	1.91e-142	421
q00031	UniRef50_A0A6U4MSH5	44.2	514	227	24	503	506	461	2.42e-142	425
q00031	UniRef50_A0A6G1HB20	45.7	477	218	28	503	506	420	3.47e-142	423
q00031	UniRef50_A0AA88S454	44.8	484	217	24	503	506	672	3.58e-142	432
q00031	UniRef50_O24396	45.7	484	221	24	503	506	476	1.59e-141	423
q00031	UniRef50_Q6T7E8	44.6	484	216	24	503	506	505	2.05e-141	424
q00032	UniRef50_A7KAM5	100	673	673	1	673	673	673	0.0	1355
q00032	UniRef50_A0A1F5LKM1	84.6	460	389	1	460	673	539	1.78e-288	806
q00032	UniRef50_Q5B0L1	66.8	617	412	2	608	673	603	6.57e-288	807
q00032	UniRef50_A1C6D6	69.1	585	404	3	579	673	630	8.22e-286	803
q00032	UniRef50_A0A318Y6T5	69.4	565	392	3	562	673	959	2.25e-277	794
q00032	UniRef50_A0A9W9LRY7	72.4	543	393	61	594	673	545	2.66e-270	760
q00032	UniRef50_A0A401L269	67.9	574	390	16	579	673	1415	2.23e-269	789
q00032	UniRef50_A0A2B7XEB6	58.8	657	386	3	641	673	1073	2.04e-244	714
q00032	UniRef50_A6REI4	59.6	572	341	42	607	673	585	1.26e-234	671
q00032	UniRef50_A0A093XRA0	64.1	474	304	133	603	673	477	2.69e-216	620
q00032	UniRef50_Q7RYY1	51.3	614	315	9	608	673	647	5.84e-200	585
q00032	UniRef50_A0A1G4AXN5	54.9	554	304	15	563	673	1362	2.87e-199	606
q00032	UniRef50_I1RFN8	51.0	608	310	14	611	673	636	2.99e-197	578
q00032	UniRef50_Q0V1P1	55.2	516	285	14	520	673	594	5.88e-189	555
q00032	UniRef50_O13444	52.2	578	302	59	607	673	661	5.46e-188	555
q00032	UniRef50_A0A9W4WHL2	60.5	461	279	133	581	673	494	6.48e-186	543
q00032	UniRef50_G3JIV8	47.3	660	312	14	664	673	721	8.61e-186	551
q00032	UniRef50_A0A9P9AB34	52.1	526	274	112	623	673	511	4.17e-178	524
q00032	UniRef50_Q2H6M8	54.8	465	255	21	483	673	499	1.57e-177	522
q00032	UniRef50_A0A9P4J5Z5	54.9	481	264	58	538	673	541	1.32e-176	521
q00032	UniRef50_A0A8H3GAX2	52.4	494	259	5	486	673	557	4.54e-176	521
q00032	UniRef50_A0A0M9VRL1	55.0	460	253	10	464	673	578	1.04e-174	518
q00032	UniRef50_A0AAJ0DFX0	49.6	577	286	40	575	673	643	4.40e-174	519
q00032	UniRef50_A0A177EY32	58.0	417	242	55	470	673	524	3.10e-173	512
q00032	UniRef50_A0A2A9P4F1	51.5	511	263	3	505	673	618	3.12e-173	516
q00032	UniRef50_A0A5Q4BDA3	54.2	456	247	15	464	673	598	1.30e-172	513
q00032	UniRef50_T0JUZ8	55.9	429	240	15	437	673	520	5.14e-168	499
q00032	UniRef50_A0A9P8SGJ9	57.9	401	232	54	452	673	528	9.52e-168	498
q00032	UniRef50_A0A4S2N1V7	49.3	604	298	15	604	673	626	1.50e-167	501
q00032	UniRef50_A0A370TL09	49.7	590	293	6	576	673	731	7.21e-164	496
q00032	UniRef50_A0A364KWB6	61.6	367	226	37	402	673	468	4.70e-163	484
q00032	UniRef50_A0ABQ9NR43	55.7	429	239	40	463	673	502	4.36e-159	475
q00032	UniRef50_A0A0D9P3T4	53.7	432	232	16	437	673	514	3.34e-156	468
q00032	UniRef50_A0A420HM50	48.0	496	238	41	524	673	569	1.65e-148	451
q00032	UniRef50_A0AAV9V011	45.7	556	254	59	589	673	584	5.33e-148	450
q00032	UniRef50_A7ECX1	46.2	541	250	8	534	673	567	4.92e-147	447
q00032	UniRef50_A0A6G1HCZ9	47.0	494	232	34	526	673	551	2.34e-146	444
q00032	UniRef50_A0A2P8A6B1	53.8	418	225	15	425	673	550	3.21e-146	444
q00032	UniRef50_A0A420J203	45.1	534	241	9	522	673	564	5.64e-145	441
q00032	UniRef50_U4LNG1	46.5	559	260	57	572	673	637	9.67e-142	436
q00032	UniRef50_A0A4U0TVU7	52.2	408	213	58	464	673	1179	1.74e-140	448
q00032	UniRef50_A0A177DAL5	43.8	573	251	3	567	673	567	3.89e-140	429
q00032	UniRef50_A0A8H7AEU4	47.4	502	238	35	526	673	518	4.59e-140	427
q00032	UniRef50_A0A484G2R9	63.5	296	188	142	437	673	354	4.70e-140	421
q00032	UniRef50_W7ME02	54.3	387	210	234	611	673	394	2.64e-139	421
q00032	UniRef50_A0A9N8JW10	56.0	361	202	169	527	673	374	3.76e-139	419
q00032	UniRef50_A0A9P3CAB3	49.3	424	209	43	460	673	453	1.38e-135	413
q00032	UniRef50_A0A3D8QWB5	44.2	475	210	50	522	673	537	2.92e-131	405
q00032	UniRef50_A0A4Y8DCP5	51.3	378	194	9	380	673	387	2.74e-128	392
q00032	UniRef50_A0A8H4TUL9	47.7	409	195	43	451	673	471	9.77e-126	389
q00032	UniRef50_A6XGK7	56.0	384	215	303	670	673	384	4.92e-122	376
q00032	UniRef50_A0A2J6QMS1	44.2	455	201	16	457	673	477	1.14e-119	373
q00032	UniRef50_A0A1L9S7P8	55.5	308	171	154	453	673	301	7.27e-118	362
q00032	UniRef50_A0A6H0XRA3	44.5	443	197	15	453	673	427	7.74e-115	359
q00032	UniRef50_A0AAN7TI00	46.8	402	188	40	437	673	411	1.44e-113	355
q00032	UniRef50_Q0UZ60	43.8	443	194	51	491	673	1074	5.14e-113	373
q00032	UniRef50_U4LAW5	44.8	496	222	120	577	673	466	1.29e-111	352
q00032	UniRef50_A0A0E9NC09	44.9	441	198	15	453	673	945	8.97e-111	364
q00032	UniRef50_A0A2J6RA38	50.0	352	176	106	452	673	372	1.10e-110	346
q00032	UniRef50_A0A6A6SY44	44.7	394	176	61	453	673	374	1.65e-110	346
q00032	UniRef50_A0A1E4RZ95	45.1	415	187	58	453	673	535	2.10e-110	351
q00032	UniRef50_UPI0020C285B8	45.0	427	192	59	481	673	1303	2.41e-107	362
q00032	UniRef50_A0A1E4TY49	38.9	524	204	3	490	673	547	5.52e-107	343
q00032	UniRef50_A0A9P4LL07	42.7	398	170	60	453	673	432	2.25e-105	335
q00032	UniRef50_A0A9P4TLN1	39.8	532	212	46	567	673	522	8.83e-105	336
q00032	UniRef50_A0ABR3PM79	43.3	432	187	59	453	673	469	9.96e-105	334
q00032	UniRef50_Q6C2N7	42.7	417	178	57	457	673	549	1.38e-104	337
q00032	UniRef50_A0A4S8W2Q4	54.9	273	150	128	400	673	314	1.66e-104	328
q00032	UniRef50_A0A1E3QBF8	43.2	396	171	59	453	673	418	3.16e-104	331
q00032	UniRef50_A0A642UWW4	43.4	429	186	59	483	673	1360	1.49e-103	352
q00032	UniRef50_A0A4V4LES8	47.1	342	161	37	374	673	370	8.27e-103	326
q00032	UniRef50_P25641	40.6	465	189	59	487	673	520	8.35e-101	326
q00032	UniRef50_A0A364NC49	40.0	537	215	3	527	673	1242	1.28e-100	342
q00032	UniRef50_M7NSB0	41.8	400	167	59	456	673	412	1.37e-100	322
q00032	UniRef50_A0A6A6D1A7	40.0	453	181	7	453	673	423	1.37e-100	322
q00032	UniRef50_UPI000157CF08	47.2	343	162	42	384	673	426	1.51e-100	322
q00032	UniRef50_A0A9Q8Z321	42.4	399	169	52	443	673	779	5.98e-100	331
q00032	UniRef50_Q6FPI6	46.4	349	162	110	453	673	504	1.13e-99	322
q00032	UniRef50_A0A5E8B5I1	40.6	456	185	31	457	673	602	1.16e-99	325
q00032	UniRef50_A7KAJ9	40.6	419	170	59	464	673	536	1.44e-99	323
q00032	UniRef50_I2H944	47.1	346	163	117	453	673	502	2.10e-99	322
q00032	UniRef50_O13934	40.4	411	166	47	453	673	424	2.18e-99	319
q00032	UniRef50_R0JZS2	56.7	321	182	291	584	673	572	5.54e-99	323
q00032	UniRef50_A0A1E4TG06	40.7	413	168	52	453	673	477	7.77e-99	319
q00032	UniRef50_R4XD93	42.6	406	173	59	451	673	426	1.53e-96	311
q00032	UniRef50_L0PA32	48.9	311	152	146	454	673	619	2.25e-96	317
q00032	UniRef50_UPI0020C41D38	39.6	455	180	43	493	673	1814	2.39e-95	332
q00032	UniRef50_G8B5F1	42.0	431	181	61	453	673	488	2.72e-95	310
q00032	UniRef50_A0A9P6RW62	44.9	325	146	134	453	673	354	5.30e-95	305
q00032	UniRef50_Q5A4N0	40.5	459	186	55	460	673	597	4.54e-92	305
q00032	UniRef50_A7TG13	44.8	346	155	115	453	673	565	7.53e-92	304
q00032	UniRef50_A0A0G4KRX9	58.3	283	165	311	590	673	302	1.40e-91	294
q00032	UniRef50_A0A1Y2GEW2	42.6	319	136	137	453	673	314	2.93e-91	294
q00032	UniRef50_A0A9P6FE85	43.1	318	137	141	453	673	313	1.11e-90	292
q00032	UniRef50_C9SCA0	37.3	498	186	4	494	673	468	6.21e-90	296
q00032	UniRef50_Q6BLM0	40.1	449	180	59	457	673	615	1.13e-89	300
q00032	UniRef50_A0A4T0X5B8	37.8	450	170	58	479	673	527	4.60e-89	295
q00032	UniRef50_A0ABR3UDS7	39.3	455	179	78	531	673	889	7.65e-89	304
q00032	UniRef50_A0A9P6VX16	39.6	444	176	44	457	673	746	1.74e-88	300
q00032	UniRef50_UPI0034CF25EE	44.7	304	136	151	453	673	404	2.13e-88	290
q00033	UniRef50_Q8NNJ2	100	675	675	1	675	675	675	0.0	1216
q00033	UniRef50_A0AB36RLI2	70.6	703	496	1	675	675	696	2.87e-303	850
q00033	UniRef50_A0A0B5D3U8	72.0	689	496	1	675	675	676	3.33e-297	833
q00033	UniRef50_A0AAF1BZQ3	69.9	705	493	1	675	675	696	7.91e-296	831
q00033	UniRef50_A0A6B8TA72	67.1	732	491	1	675	675	731	1.14e-289	816
q00033	UniRef50_C4LI06	66.0	735	485	1	675	675	732	1.93e-288	813
q00033	UniRef50_A0A9X1U704	74.6	591	441	118	675	675	578	5.05e-272	766
q00033	UniRef50_A0A2X4ULI8	62.2	717	446	1	675	675	705	3.93e-254	725
q00033	UniRef50_A0A9D1RRE8	70.3	582	409	121	675	675	573	3.48e-249	707
q00033	UniRef50_X5DSZ5	70.8	571	404	121	675	675	566	4.42e-248	704
q00033	UniRef50_A0A9D2QER9	68.0	588	400	121	675	675	586	9.76e-245	697
q00033	UniRef50_UPI0032EEAA27	71.8	546	392	142	675	675	541	1.20e-241	687
q00033	UniRef50_UPI000185C1F8	68.7	562	386	121	675	675	536	4.68e-240	683
q00033	UniRef50_UPI0008A8BC72	68.5	543	372	159	675	675	543	1.14e-217	626
q00033	UniRef50_A0A2A9D0L8	56.3	704	396	1	673	675	696	1.21e-217	632
q00033	UniRef50_A0A849C434	61.6	578	356	121	675	675	574	5.80e-208	603
q00033	UniRef50_A0A1J0VPV0	62.7	579	363	121	675	675	577	3.39e-205	596
q00033	UniRef50_A0A0N9N476	55.6	694	386	1	675	675	592	1.31e-203	592
q00033	UniRef50_A0AAD1M748	61.6	594	366	121	675	675	585	1.17e-202	590
q00033	UniRef50_A0A0H3D348	60.2	598	360	121	675	675	597	1.77e-202	590
q00033	UniRef50_A0A7D6VCV7	59.7	591	353	121	675	675	589	3.83e-202	588
q00033	UniRef50_A0A6H0SA80	60.8	595	362	121	675	675	591	2.34e-201	587
q00033	UniRef50_A0A4Q7IYB0	60.0	583	350	121	675	675	580	1.29e-200	584
q00033	UniRef50_A0A2A9F726	59.8	590	353	121	675	675	578	1.95e-199	581
q00033	UniRef50_C0E4H8	72.3	451	326	239	675	675	453	3.20e-199	576
q00033	UniRef50_D0LAY8	59.0	603	356	121	675	675	604	2.18e-197	577
q00033	UniRef50_A0A024K1E3	60.1	587	353	121	675	675	587	3.47e-197	576
q00033	UniRef50_A0ABP5EYB6	60.9	585	356	124	675	675	587	3.96e-196	573
q00033	UniRef50_A0A178LQ93	59.1	602	356	121	675	675	598	1.06e-193	567
q00033	UniRef50_P9WIS7	60.0	572	343	121	675	675	553	3.40e-191	559
q00033	UniRef50_A0A1I3LS35	57.0	596	340	121	675	675	593	4.69e-191	560
q00033	UniRef50_A0A076N351	56.8	581	330	121	675	675	581	6.25e-191	560
q00033	UniRef50_A0ABW3G9B4	51.0	725	370	1	675	675	656	3.50e-188	555
q00033	UniRef50_A0A917KAY0	58.2	570	332	121	675	675	550	1.30e-187	550
q00033	UniRef50_A0A5N0UW41	56.6	588	333	121	675	675	585	1.71e-186	548
q00033	UniRef50_A0A2G8B102	58.1	583	339	121	675	675	577	1.05e-185	546
q00033	UniRef50_A0A1I6F1W6	56.9	587	334	121	675	675	575	2.79e-185	545
q00033	UniRef50_A0A290Z1U8	58.3	576	336	121	675	675	570	1.34e-184	543
q00033	UniRef50_A0A9W6R0E3	57.4	582	334	121	675	675	582	5.68e-184	542
q00033	UniRef50_A0A328HHH3	58.0	588	341	124	675	675	582	5.68e-184	542
q00033	UniRef50_A0A4Y3WT23	56.5	607	343	121	675	675	603	8.12e-184	542
q00033	UniRef50_A0A5M8QHH9	52.9	656	347	122	670	675	649	8.43e-182	539
q00033	UniRef50_A0A238WHM6	53.6	610	327	126	675	675	616	1.67e-178	529
q00033	UniRef50_A0A5B0EL10	57.2	573	328	124	673	675	577	2.95e-177	525
q00033	UniRef50_A0A7M1SNN3	55.4	598	331	124	675	675	597	4.05e-177	525
q00033	UniRef50_A0A542ZJ02	56.2	596	335	124	675	675	582	6.98e-177	524
q00033	UniRef50_A0A841FLM5	56.5	579	327	124	675	675	580	1.48e-175	520
q00033	UniRef50_A0A916WQI7	55.5	605	336	124	670	675	602	1.40e-173	516
q00033	UniRef50_A0A8J3YRR8	54.9	607	333	124	675	675	607	6.59e-173	514
q00033	UniRef50_A0A0X8JFG3	54.5	595	324	124	675	675	585	1.28e-172	513
q00033	UniRef50_A0A895XRL9	53.3	589	314	122	675	675	586	1.50e-171	510
q00033	UniRef50_A0A6G8KUN1	47.4	747	354	1	675	675	680	2.21e-170	511
q00033	UniRef50_A0A7J5BDC3	55.0	576	317	123	673	675	570	5.67e-170	506
q00033	UniRef50_A0A6I6E222	52.7	600	316	122	673	675	600	7.62e-170	506
q00033	UniRef50_A0A6N8GT93	52.6	616	324	124	675	675	615	1.41e-168	504
q00033	UniRef50_A0A4P6KC82	54.1	586	317	124	673	675	577	2.60e-167	499
q00033	UniRef50_A0A150HDU9	54.6	573	313	122	673	675	570	4.13e-167	498
q00033	UniRef50_A0A6M8BAG6	54.0	572	309	124	675	675	560	3.36e-166	496
q00033	UniRef50_A0A2K9DAC8	54.4	577	314	122	673	675	575	7.79e-166	495
q00033	UniRef50_A0A7K2IMR4	54.6	584	319	122	675	675	565	1.59e-165	494
q00033	UniRef50_A0A1R4KNF0	53.8	593	319	121	673	675	585	2.16e-165	494
q00033	UniRef50_A0A3M9K919	52.5	615	323	124	675	675	613	4.29e-164	492
q00033	UniRef50_A0A507ZYD9	53.7	575	309	124	675	675	566	1.48e-163	489
q00033	UniRef50_K6ULH7	56.6	558	316	124	670	675	549	4.79e-163	487
q00033	UniRef50_A0A563E583	53.6	577	309	124	670	675	576	1.65e-162	487
q00033	UniRef50_I1CZE8	60.3	468	282	237	675	675	464	1.41e-161	480
q00033	UniRef50_A0A345NKQ3	46.5	716	333	1	670	675	651	7.30e-161	485
q00033	UniRef50_A0A495Y1D2	49.2	661	325	124	675	675	660	5.45e-160	483
q00033	UniRef50_E8UYA5	46.4	692	321	1	665	675	661	2.24e-159	482
q00033	UniRef50_A0A7L4YJD9	48.2	678	327	124	673	675	682	1.71e-158	480
q00033	UniRef50_UPI0013012FEF	51.0	594	303	126	673	675	597	1.87e-158	477
q00033	UniRef50_A0AAQ0BXW8	53.2	579	308	121	675	675	555	3.82e-158	475
q00033	UniRef50_A0A3M8K8G3	69.5	377	262	301	675	675	376	1.25e-157	467
q00033	UniRef50_A0AAP4F5H1	65.3	406	265	295	675	675	403	1.47e-155	462
q00033	UniRef50_A0A8B1N910	52.2	581	303	121	675	675	576	6.18e-151	457
q00033	UniRef50_A0A560W7L4	44.4	744	330	1	670	675	705	4.14e-147	452
q00033	UniRef50_UPI001E2DC5E8	42.4	852	361	1	675	675	842	1.43e-145	452
q00033	UniRef50_UPI000A924551	79.6	324	258	1	318	675	328	2.21e-142	426
q00033	UniRef50_A0AAE4QXZ9	57.2	446	255	285	675	675	446	6.51e-138	419
q00033	UniRef50_F9NUD3	56.3	453	255	238	672	675	453	1.85e-136	416
q00033	UniRef50_A0ABX0C090	53.9	449	242	240	673	675	451	1.74e-133	408
q00033	UniRef50_A0A0C5BSH8	52.6	454	239	240	673	675	457	1.88e-131	403
q00033	UniRef50_UPI002B1BDB31	51.4	504	259	240	675	675	511	1.92e-131	405
q00033	UniRef50_A0A3N1CR61	52.1	472	246	240	675	675	476	6.98e-131	402
q00033	UniRef50_A0A365H288	53.1	473	251	240	675	675	474	9.24e-131	402
q00033	UniRef50_A0A939PQ21	51.5	491	253	240	675	675	495	1.29e-130	402
q00033	UniRef50_K7RRQ6	53.6	455	244	238	672	675	452	3.57e-130	399
q00033	UniRef50_D2B4S4	50.7	477	242	240	675	675	479	6.10e-130	400
q00033	UniRef50_A0A4R4YD13	51.7	470	243	245	670	675	469	1.75e-129	398
q00033	UniRef50_UPI003F9D67D0	63.2	408	258	1	384	675	401	8.27e-129	394
q00033	UniRef50_A0A939SAF4	53.4	453	242	240	673	675	455	1.76e-128	395
q00033	UniRef50_A0A5C1YCG9	49.1	556	273	124	673	675	517	9.09e-128	395
q00033	UniRef50_A0A2M9BBL1	48.1	557	268	124	673	675	487	9.85e-128	394
q00033	UniRef50_A0ABP4PC89	55.2	462	255	240	670	675	459	1.12e-127	393
q00033	UniRef50_B0RC06	51.3	483	248	240	673	675	482	4.70e-127	392
q00033	UniRef50_A0A9E8MK97	46.6	573	267	124	673	675	539	2.01e-126	393
q00033	UniRef50_A0A3A4AQT1	49.9	485	242	240	675	675	487	6.16e-126	390
q00033	UniRef50_UPI000A0BF113	58.3	412	240	288	675	675	411	1.63e-125	386
q00033	UniRef50_A0A8H9LGE6	49.5	485	240	240	675	675	488	1.79e-125	389
q00033	UniRef50_A0ABX1JJN6	57.1	457	261	124	548	675	457	5.22e-125	386
q00034	UniRef50_Q80873	100	771	771	1	771	771	771	0.0	1528
q00034	UniRef50_A0A0F7KL09	60.9	514	313	219	725	771	1496	1.35e-200	617
q00034	UniRef50_Q84687	52.4	599	314	199	771	771	1672	4.98e-188	588
q00034	UniRef50_A0A077JM42	57.1	475	271	301	771	771	477	6.20e-188	551
q00034	UniRef50_Q89249	53.8	560	301	219	771	771	1828	4.10e-186	586
q00034	UniRef50_Q9QBU0	52.5	562	295	218	771	771	1812	1.87e-180	571
q00034	UniRef50_O90699	53.5	540	289	233	771	771	1818	4.28e-176	559
q00034	UniRef50_Q9J942	46.9	501	235	268	765	771	1707	7.56e-132	437
q00034	UniRef50_Q84697	47.4	449	213	315	759	771	471	1.83e-126	394
q00034	UniRef50_Q83080	77.6	219	170	524	742	771	239	3.96e-122	374
q00034	UniRef50_A0A2D3FB71	34.0	476	162	285	754	771	1642	1.73e-65	246
q00034	UniRef50_B1A0S8	31.4	554	174	215	754	771	622	2.94e-65	237
q00034	UniRef50_UPI0012996357	32.6	485	158	284	755	771	1598	1.07e-63	241
q00034	UniRef50_A0A5B8PAL2	33.5	451	151	292	728	771	1659	4.82e-63	239
q00034	UniRef50_A0A976RX50	32.4	485	157	280	742	771	2949	3.66e-62	237
q00034	UniRef50_UPI002FF33015	31.9	467	149	279	732	771	2411	4.60e-62	236
q00034	UniRef50_A0A2Z5WLK3	32.4	488	158	284	755	771	1639	1.23e-61	235
q00034	UniRef50_A0AB38ZKF6	32.7	480	157	292	759	771	2477	2.73e-61	234
q00034	UniRef50_A0A6G7PSX1	31.9	523	167	215	723	771	908	1.67e-60	229
q00034	UniRef50_P03587	31.5	486	153	281	754	771	1616	4.43e-59	227
q00034	UniRef50_A0A2P1DMC5	30.7	475	146	292	754	771	474	1.19e-58	215
q00034	UniRef50_A0A0E3DED9	30.2	496	150	271	754	771	1656	1.96e-58	225
q00034	UniRef50_P69514	31.2	484	151	283	754	771	1648	1.53e-57	223
q00034	UniRef50_UPI000B99F5FF	32.7	474	155	274	727	771	2650	1.91e-57	223
q00034	UniRef50_UPI00090C4A2A	30.9	486	150	286	757	771	599	2.38e-57	214
q00034	UniRef50_A0A0H5ATG1	31.4	474	149	269	727	771	698	3.66e-57	216
q00034	UniRef50_A0A9C7GX69	29.1	470	137	280	732	771	2487	4.50e-57	221
q00034	UniRef50_A0A7G9IR74	31.8	469	149	292	738	771	551	4.55e-57	213
q00034	UniRef50_A0A976X7E5	30.8	493	152	280	754	771	2576	4.56e-57	221
q00034	UniRef50_P89202	32.3	461	149	281	727	771	1629	3.82e-56	218
q00034	UniRef50_A0A1L3KK44	30.9	488	151	284	758	771	2705	2.80e-55	216
q00034	UniRef50_UPI0009507CD7	30.4	484	147	271	739	771	2592	2.14e-54	213
q00034	UniRef50_A0A5Q0V0H3	30.8	467	144	272	729	771	2436	6.75e-54	212
q00034	UniRef50_A0A6B9KNB0	30.5	482	147	292	757	771	2491	6.81e-54	212
q00034	UniRef50_UPI000E1058F8	30.0	477	143	292	754	771	2520	9.15e-54	211
q00034	UniRef50_A0A140HES7	31.8	484	154	292	754	771	2449	1.21e-53	211
q00034	UniRef50_A0AA96PWZ2	30.7	486	149	292	762	771	2551	9.50e-53	208
q00034	UniRef50_A0A891H577	32.2	472	152	284	745	771	2615	1.28e-52	208
q00034	UniRef50_A0A2S0S4Q1	30.6	461	141	292	740	771	2735	1.30e-52	208
q00034	UniRef50_A0AA51EXN9	29.6	493	146	284	761	771	2520	2.27e-52	207
q00034	UniRef50_A0AAE9LA04	31.2	452	141	292	729	771	1741	4.60e-52	206
q00034	UniRef50_A0A7H1C905	28.7	485	139	292	765	771	2555	5.46e-52	206
q00034	UniRef50_UPI00090C26ED	30.8	493	152	273	741	771	2444	9.63e-52	205
q00034	UniRef50_A0A1L3KJZ8	33.3	415	138	346	741	771	812	1.47e-51	202
q00034	UniRef50_A0A6B9KGN7	31.6	468	148	292	742	771	2710	1.78e-51	204
q00034	UniRef50_A0A7T8FZP5	32.1	442	142	311	740	771	2381	2.28e-51	204
q00034	UniRef50_A0A6B9KNA1	32.0	472	151	288	740	771	2539	3.13e-51	204
q00034	UniRef50_UPI002FDE0729	29.7	488	145	281	744	771	545	6.73e-51	195
q00034	UniRef50_A0A1L3KJR5	29.7	465	138	310	765	771	2188	9.47e-51	202
q00034	UniRef50_A0A8B0RM44	32.1	455	146	292	728	771	2442	2.36e-50	201
q00034	UniRef50_A0A1L3KKA3	31.6	459	145	288	727	771	3002	4.50e-50	200
q00034	UniRef50_UPI00090C46D8	30.1	488	147	283	754	771	2241	7.31e-50	199
q00034	UniRef50_A0A1U7EJ42	29.8	516	154	269	762	771	2336	1.77e-49	198
q00034	UniRef50_A0A7T7GV29	29.8	473	141	292	754	771	2545	1.83e-49	198
q00034	UniRef50_A0A034VKQ7	30.2	461	139	292	739	771	1246	2.12e-49	197
q00034	UniRef50_A0A821XPL1	29.3	501	147	289	770	771	1341	2.28e-49	197
q00034	UniRef50_A0A140HEP3	29.4	494	145	284	761	771	996	4.21e-49	196
q00034	UniRef50_UPI00090CC7EE	30.4	477	145	292	755	771	2239	1.78e-48	195
q00034	UniRef50_UPI00090BE09F	31.4	456	143	310	754	771	2629	2.51e-48	195
q00034	UniRef50_A0A8K1YQR1	29.7	526	156	251	754	771	2713	2.54e-48	195
q00034	UniRef50_A0A8B0RJ21	30.0	490	147	292	761	771	2729	3.39e-48	194
q00034	UniRef50_UPI001EE73385	33.0	288	95	448	728	771	297	2.52e-47	178
q00034	UniRef50_A0A171B5D3	30.0	424	127	348	754	771	433	4.30e-47	182
q00034	UniRef50_A0A140HEP6	30.6	431	132	346	758	771	2244	5.72e-47	191
q00034	UniRef50_A0A7G3KGA7	29.7	489	145	285	761	771	2186	7.56e-47	190
q00034	UniRef50_A0A8K1P3K4	28.7	481	138	276	740	771	2663	8.11e-47	190
q00034	UniRef50_A0A6B9KGP9	29.3	499	146	273	741	771	3229	2.71e-46	189
q00034	UniRef50_A0A1Y1KIA3	28.3	498	141	282	754	771	1171	1.56e-45	186
q00034	UniRef50_A0A7G9IR80	27.6	532	147	235	744	771	2300	1.84e-45	186
q00034	UniRef50_A0A8K1U1W8	32.1	420	135	344	742	771	3207	3.62e-45	185
q00034	UniRef50_A0A3G3BTQ0	27.7	469	130	289	744	771	2839	6.24e-45	184
q00034	UniRef50_A0A8B0RLC6	30.3	449	136	292	728	771	2227	7.68e-45	184
q00034	UniRef50_A0A890CS82	28.4	483	137	283	754	771	2606	8.11e-45	184
q00034	UniRef50_A0A9E7V203	28.5	474	135	292	742	771	2665	8.17e-45	184
q00034	UniRef50_W8BR29	30.3	491	149	292	761	771	2176	1.01e-44	184
q00034	UniRef50_UPI000B4F86BC	27.8	485	135	292	765	771	494	1.22e-44	176
q00034	UniRef50_A0A8E8KS05	31.8	471	150	310	762	771	1028	2.26e-44	182
q00034	UniRef50_M1F391	30.4	454	138	310	749	771	2337	5.85e-44	181
q00034	UniRef50_A0A8K1WRK4	29.5	474	140	282	749	771	2375	7.84e-44	181
q00034	UniRef50_A0A386QUR9	27.5	455	125	292	740	771	1211	9.17e-44	180
q00034	UniRef50_UPI00090BABF2	29.2	514	150	272	762	771	2722	2.59e-43	179
q00034	UniRef50_A0A1L3KK27	29.0	473	137	281	727	771	2292	3.25e-43	179
q00034	UniRef50_A0A140HEP8	31.0	384	119	366	730	771	2425	3.32e-43	179
q00034	UniRef50_UPI00090A0486	28.4	479	136	287	754	771	2601	4.52e-43	179
q00034	UniRef50_A0A411D380	30.0	450	135	292	728	771	966	6.32e-43	177
q00034	UniRef50_UPI00090C346F	29.4	476	140	295	754	771	1920	7.14e-43	178
q00034	UniRef50_A0A8K1YQR3	27.4	492	135	292	764	771	2716	8.13e-43	178
q00034	UniRef50_A0A8K1U3V8	31.6	332	105	414	730	771	370	8.66e-43	168
q00034	UniRef50_A0A8E8KRN0	29.1	505	147	279	744	771	2697	1.08e-42	177
q00034	UniRef50_A0A6F8QH91	27.5	487	134	292	764	771	2439	2.47e-42	176
q00034	UniRef50_A0A5Q0TS59	28.3	466	132	292	735	771	2442	4.39e-42	176
q00034	UniRef50_UPI002483E6ED	28.3	460	130	292	740	771	2472	4.40e-42	176
q00034	UniRef50_A0AAT9T5V2	29.8	473	141	281	744	771	2637	4.50e-42	176
q00034	UniRef50_A0A411D3D9	30.9	457	141	292	727	771	1698	4.98e-42	175
q00034	UniRef50_A0AA48P7E1	27.5	488	134	292	764	771	2704	6.03e-42	175
q00034	UniRef50_A0A6G7PSJ0	30.0	466	140	289	727	771	2510	7.84e-42	175
q00034	UniRef50_A0A9Y2DX94	28.4	497	141	269	754	771	2353	1.02e-41	174
q00034	UniRef50_A0A5C1D9L1	28.2	489	138	276	754	771	1115	1.10e-41	174
q00034	UniRef50_A0A7G8JUR9	30.1	488	147	274	741	771	1594	1.13e-41	174
q00034	UniRef50_A0A8E8KRM6	29.5	440	130	319	740	771	2174	1.32e-41	174
q00035	UniRef50_Q2G0U9	100	334	334	1	334	334	334	9.56e-232	639
q00035	UniRef50_Q49UX4	69.9	335	234	1	334	334	327	3.21e-152	438
q00035	UniRef50_A0A2T4S7V7	68.3	334	228	1	334	334	322	1.39e-147	426
q00035	UniRef50_A0A2X2JZ05	97.6	169	165	2	170	334	197	2.22e-97	294
q00035	UniRef50_A0A380FCT1	64.9	185	120	113	295	334	191	6.31e-78	244
q00035	UniRef50_A0A285URP5	40.1	392	157	3	334	334	393	3.11e-73	239
q00035	UniRef50_A0A7Z7VY24	65.5	206	135	1	206	334	274	1.02e-70	229
q00035	UniRef50_Q2G0D4	47.5	242	115	93	334	334	265	8.90e-67	218
q00035	UniRef50_UPI0022E9D922	69.4	121	84	214	334	334	130	5.76e-58	191
q00035	UniRef50_A0A0M2SIN2	38.0	350	133	3	334	334	302	2.66e-57	195
q00035	UniRef50_A0A380EG33	100	82	82	116	197	334	83	4.38e-45	156
q00035	UniRef50_UPI001C532911	49.4	160	79	144	303	334	166	8.89e-43	153
q00035	UniRef50_UPI000FF66AE3	54.7	137	75	191	324	334	137	4.03e-42	150
q00035	UniRef50_UPI001430D349	62.8	145	91	1	142	334	194	2.50e-40	148
q00035	UniRef50_UPI0009F80C83	45.6	228	104	24	239	334	1040	9.93e-39	155
q00035	UniRef50_UPI0015D67110	46.9	209	98	31	223	334	356	1.15e-38	148
q00035	UniRef50_K9AEJ0	57.0	107	61	228	334	334	245	4.46e-38	144
q00035	UniRef50_UPI0005548B90	47.2	218	103	15	230	334	635	5.11e-38	151
q00035	UniRef50_UPI0011827455	48.4	215	104	24	231	334	408	8.96e-38	147
q00035	UniRef50_A0A0B5AU07	43.8	224	98	26	248	334	337	1.11e-37	145
q00035	UniRef50_A0A2T4PW02	34.7	343	119	3	334	334	292	2.09e-37	143
q00035	UniRef50_A0A0R2A7E9	50.5	198	100	24	214	334	269	2.31e-37	142
q00035	UniRef50_UPI003DA06F46	40.2	179	72	179	334	334	181	4.40e-37	139
q00035	UniRef50_A0A285N7A9	44.2	233	103	3	227	334	355	6.27e-37	144
q00035	UniRef50_W1Q4J9	44.7	206	92	29	225	334	661	7.85e-37	148
q00035	UniRef50_A0A9Q9MQ39	48.6	214	104	24	231	334	835	1.52e-36	148
q00035	UniRef50_A0A1G6IJR1	44.5	227	101	3	225	334	349	2.94e-36	142
q00035	UniRef50_A0A2K4FDJ0	34.9	332	116	23	334	334	330	5.33e-36	140
q00035	UniRef50_K9AR48	32.6	347	113	3	334	334	325	9.33e-36	140
q00035	UniRef50_UPI000411B638	31.8	337	107	3	334	334	326	9.54e-36	140
q00035	UniRef50_UPI0020404E74	44.7	179	80	162	334	334	246	1.04e-35	137
q00035	UniRef50_A0A679FEB3	48.7	197	96	24	216	334	765	1.53e-35	145
q00035	UniRef50_UPI0039E976D3	32.9	337	111	2	307	334	371	2.45e-35	140
q00035	UniRef50_A0A161RFR7	45.8	216	99	3	203	334	375	5.14e-35	139
q00035	UniRef50_A0A433RQ69	38.0	295	112	17	309	334	417	7.93e-35	139
q00035	UniRef50_A0A3Q8C8C3	44.2	226	100	28	231	334	765	1.33e-34	142
q00035	UniRef50_A0A0R1V4L0	32.9	337	111	2	307	334	561	3.83e-34	140
q00035	UniRef50_A0A380EPQ7	55.5	110	61	225	334	334	126	6.09e-34	129
q00035	UniRef50_UPI000B9DF872	39.6	250	99	27	242	334	501	9.98e-34	138
q00035	UniRef50_UPI00349FEC65	39.6	250	99	27	242	334	506	1.06e-33	138
q00035	UniRef50_O07532	35.3	306	108	28	311	334	488	1.17e-33	137
q00035	UniRef50_UPI0006882F83	46.5	202	94	4	205	334	209	1.23e-33	131
q00035	UniRef50_A0A0D1M1Q6	39.5	263	104	94	323	334	295	1.98e-33	133
q00035	UniRef50_A0A380G5E3	57.3	110	63	225	334	334	249	3.51e-33	131
q00035	UniRef50_W9AD91	42.9	226	97	2	212	334	363	4.26e-33	134
q00035	UniRef50_A0A1H1GYN3	49.5	184	91	29	207	334	518	6.09e-33	136
q00035	UniRef50_A0A7H9EIP2	45.9	194	89	28	216	334	802	7.68e-33	137
q00035	UniRef50_UPI00101CEB6D	32.5	317	103	47	334	334	417	7.93e-33	134
q00035	UniRef50_A0A0B5APY2	42.6	242	103	3	231	334	427	1.29e-32	134
q00035	UniRef50_K9ASF1	55.5	110	61	225	334	334	249	1.35e-32	129
q00035	UniRef50_A0AAU7WF00	43.6	220	96	1	218	334	241	1.55e-32	129
q00035	UniRef50_A0A3E0ASM8	31.1	344	107	3	334	334	332	1.69e-32	131
q00035	UniRef50_UPI00214C94CA	43.4	226	98	21	231	334	336	1.83e-32	131
q00035	UniRef50_UPI00288CD85F	95.7	69	66	65	133	334	69	1.89e-32	123
q00035	UniRef50_A0A848C851	46.3	218	101	25	231	334	543	2.05e-32	135
q00035	UniRef50_A0AAF1BRF0	26.2	447	117	31	334	334	464	3.04e-32	133
q00035	UniRef50_S0KP30	40.3	221	89	21	215	334	600	4.45e-32	134
q00035	UniRef50_A0A2I2A8W0	47.0	183	86	24	201	334	181	4.61e-32	126
q00035	UniRef50_A0ABS2TF69	41.1	253	104	13	251	334	472	4.66e-32	133
q00035	UniRef50_A0ABY0FL48	38.2	259	99	93	334	334	351	6.68e-32	130
q00035	UniRef50_A0A288QCB5	34.5	261	90	93	334	334	283	8.39e-32	128
q00035	UniRef50_A0A242A264	40.1	222	89	8	214	334	497	8.70e-32	132
q00035	UniRef50_UPI0028AA734A	38.2	217	83	12	214	334	375	1.04e-31	130
q00035	UniRef50_G9QM00	42.5	240	102	31	250	334	341	1.07e-31	129
q00035	UniRef50_UPI002AFFFC7F	57.0	107	61	228	334	334	219	1.82e-31	125
q00035	UniRef50_A0A9D1PMG2	40.0	215	86	23	220	334	512	2.68e-31	131
q00035	UniRef50_A0A1D4KBY7	54.5	110	60	225	334	334	248	2.72e-31	126
q00035	UniRef50_A0A4Q0AIX3	33.8	263	89	93	334	334	380	3.06e-31	129
q00035	UniRef50_A0AAN4RIU0	39.5	223	88	24	234	334	394	3.88e-31	129
q00035	UniRef50_A0A0M0G0A8	35.3	346	122	3	320	334	327	4.23e-31	127
q00035	UniRef50_A0A069CV96	37.1	240	89	93	310	334	284	4.57e-31	126
q00035	UniRef50_A0A2U3AG65	39.7	232	92	1	231	334	409	4.93e-31	129
q00035	UniRef50_P54421	36.7	251	92	31	257	334	334	6.78e-31	127
q00035	UniRef50_A0A2T4MHI6	54.4	114	62	222	334	334	290	7.30e-31	126
q00035	UniRef50_A0A1I3XXR3	41.0	188	77	29	212	334	356	7.43e-31	127
q00035	UniRef50_UPI0024B142DB	47.8	186	89	26	207	334	461	7.44e-31	129
q00035	UniRef50_A0AAP1RTN9	52.7	110	58	225	334	334	186	7.94e-31	123
q00035	UniRef50_Q2G2J2	54.5	110	60	225	334	334	267	8.42e-31	125
q00035	UniRef50_UPI0024E18A5F	42.9	198	85	28	217	334	621	1.58e-30	130
q00035	UniRef50_UPI00289FFB66	38.6	207	80	21	214	334	498	1.58e-30	129
q00035	UniRef50_UPI0030EF1357	48.6	177	86	31	201	334	214	1.69e-30	123
q00035	UniRef50_UPI0013BE4473	42.6	230	98	21	239	334	520	1.97e-30	129
q00035	UniRef50_A0A1Q8Q9P2	43.7	190	83	19	203	334	425	2.31e-30	127
q00035	UniRef50_A0AAC9XZT8	41.7	218	91	29	234	334	654	2.49e-30	130
q00035	UniRef50_A0A2K9IW33	39.6	240	95	3	220	334	374	2.75e-30	126
q00035	UniRef50_A0A380FB55	60.5	114	69	1	113	334	138	3.03e-30	120
q00035	UniRef50_UPI000D89DC61	43.7	197	86	29	212	334	299	3.37e-30	124
q00035	UniRef50_A0A2T4PY26	51.8	114	59	222	334	334	154	3.43e-30	120
q00035	UniRef50_UPI001D0D151F	51.8	114	59	222	334	334	205	3.66e-30	122
q00035	UniRef50_A0AAD0L2P6	44.3	219	97	21	231	334	761	4.41e-30	129
q00035	UniRef50_A0A177ZI21	41.6	262	109	21	255	334	444	5.74e-30	127
q00035	UniRef50_A0A380G146	30.4	332	101	23	334	334	320	7.27e-30	124
q00035	UniRef50_A0ABD4A4T8	40.0	260	104	25	253	334	424	8.35e-30	126
q00035	UniRef50_A0A1M5UYA4	47.5	177	84	28	201	334	403	8.49e-30	125
q00035	UniRef50_A0A2U3AMK5	33.6	345	116	21	313	334	438	1.01e-29	126
q00035	UniRef50_UPI00100BF9BE	49.5	107	53	228	334	334	147	1.09e-29	119
q00035	UniRef50_A0A380HKZ2	50.0	110	55	225	334	334	155	1.37e-29	119
q00035	UniRef50_G5JFI5	83.1	83	69	1	80	334	88	1.47e-29	116
q00035	UniRef50_A0ABV6P6P8	44.1	211	93	8	211	334	637	1.49e-29	127
q00035	UniRef50_P39046	36.8	239	88	27	239	334	666	2.25e-29	127
q00036	UniRef50_Q2G0U9	100	334	334	1	334	334	334	9.56e-232	639
q00036	UniRef50_Q49UX4	69.9	335	234	1	334	334	327	3.21e-152	438
q00036	UniRef50_A0A2T4S7V7	68.3	334	228	1	334	334	322	1.39e-147	426
q00036	UniRef50_A0A2X2JZ05	97.6	169	165	2	170	334	197	2.22e-97	294
q00036	UniRef50_A0A380FCT1	64.9	185	120	113	295	334	191	6.31e-78	244
q00036	UniRef50_A0A285URP5	40.1	392	157	3	334	334	393	3.11e-73	239
q00036	UniRef50_A0A7Z7VY24	65.5	206	135	1	206	334	274	1.02e-70	229
q00036	UniRef50_Q2G0D4	47.5	242	115	93	334	334	265	8.90e-67	218
q00036	UniRef50_UPI0022E9D922	69.4	121	84	214	334	334	130	5.76e-58	191
q00036	UniRef50_A0A0M2SIN2	38.0	350	133	3	334	334	302	2.66e-57	195
q00036	UniRef50_A0A380EG33	100	82	82	116	197	334	83	4.38e-45	156
q00036	UniRef50_UPI001C532911	49.4	160	79	144	303	334	166	8.89e-43	153
q00036	UniRef50_UPI000FF66AE3	54.7	137	75	191	324	334	137	4.03e-42	150
q00036	UniRef50_UPI001430D349	62.8	145	91	1	142	334	194	2.50e-40	148
q00036	UniRef50_UPI0009F80C83	45.6	228	104	24	239	334	1040	9.93e-39	155
q00036	UniRef50_UPI0015D67110	46.9	209	98	31	223	334	356	1.15e-38	148
q00036	UniRef50_K9AEJ0	57.0	107	61	228	334	334	245	4.46e-38	144
q00036	UniRef50_UPI0005548B90	47.2	218	103	15	230	334	635	5.11e-38	151
q00036	UniRef50_UPI0011827455	48.4	215	104	24	231	334	408	8.96e-38	147
q00036	UniRef50_A0A0B5AU07	43.8	224	98	26	248	334	337	1.11e-37	145
q00036	UniRef50_A0A2T4PW02	34.7	343	119	3	334	334	292	2.09e-37	143
q00036	UniRef50_A0A0R2A7E9	50.5	198	100	24	214	334	269	2.31e-37	142
q00036	UniRef50_UPI003DA06F46	40.2	179	72	179	334	334	181	4.40e-37	139
q00036	UniRef50_A0A285N7A9	44.2	233	103	3	227	334	355	6.27e-37	144
q00036	UniRef50_W1Q4J9	44.7	206	92	29	225	334	661	7.85e-37	148
q00036	UniRef50_A0A9Q9MQ39	48.6	214	104	24	231	334	835	1.52e-36	148
q00036	UniRef50_A0A1G6IJR1	44.5	227	101	3	225	334	349	2.94e-36	142
q00036	UniRef50_A0A2K4FDJ0	34.9	332	116	23	334	334	330	5.33e-36	140
q00036	UniRef50_K9AR48	32.6	347	113	3	334	334	325	9.33e-36	140
q00036	UniRef50_UPI000411B638	31.8	337	107	3	334	334	326	9.54e-36	140
q00036	UniRef50_UPI0020404E74	44.7	179	80	162	334	334	246	1.04e-35	137
q00036	UniRef50_A0A679FEB3	48.7	197	96	24	216	334	765	1.53e-35	145
q00036	UniRef50_UPI0039E976D3	32.9	337	111	2	307	334	371	2.45e-35	140
q00036	UniRef50_A0A161RFR7	45.8	216	99	3	203	334	375	5.14e-35	139
q00036	UniRef50_A0A433RQ69	38.0	295	112	17	309	334	417	7.93e-35	139
q00036	UniRef50_A0A3Q8C8C3	44.2	226	100	28	231	334	765	1.33e-34	142
q00036	UniRef50_A0A0R1V4L0	32.9	337	111	2	307	334	561	3.83e-34	140
q00036	UniRef50_A0A380EPQ7	55.5	110	61	225	334	334	126	6.09e-34	129
q00036	UniRef50_UPI000B9DF872	39.6	250	99	27	242	334	501	9.98e-34	138
q00036	UniRef50_UPI00349FEC65	39.6	250	99	27	242	334	506	1.06e-33	138
q00036	UniRef50_O07532	35.3	306	108	28	311	334	488	1.17e-33	137
q00036	UniRef50_UPI0006882F83	46.5	202	94	4	205	334	209	1.23e-33	131
q00036	UniRef50_A0A0D1M1Q6	39.5	263	104	94	323	334	295	1.98e-33	133
q00036	UniRef50_A0A380G5E3	57.3	110	63	225	334	334	249	3.51e-33	131
q00036	UniRef50_W9AD91	42.9	226	97	2	212	334	363	4.26e-33	134
q00036	UniRef50_A0A1H1GYN3	49.5	184	91	29	207	334	518	6.09e-33	136
q00036	UniRef50_A0A7H9EIP2	45.9	194	89	28	216	334	802	7.68e-33	137
q00036	UniRef50_UPI00101CEB6D	32.5	317	103	47	334	334	417	7.93e-33	134
q00036	UniRef50_A0A0B5APY2	42.6	242	103	3	231	334	427	1.29e-32	134
q00036	UniRef50_K9ASF1	55.5	110	61	225	334	334	249	1.35e-32	129
q00036	UniRef50_A0AAU7WF00	43.6	220	96	1	218	334	241	1.55e-32	129
q00036	UniRef50_A0A3E0ASM8	31.1	344	107	3	334	334	332	1.69e-32	131
q00036	UniRef50_UPI00214C94CA	43.4	226	98	21	231	334	336	1.83e-32	131
q00036	UniRef50_UPI00288CD85F	95.7	69	66	65	133	334	69	1.89e-32	123
q00036	UniRef50_A0A848C851	46.3	218	101	25	231	334	543	2.05e-32	135
q00036	UniRef50_A0AAF1BRF0	26.2	447	117	31	334	334	464	3.04e-32	133
q00036	UniRef50_S0KP30	40.3	221	89	21	215	334	600	4.45e-32	134
q00036	UniRef50_A0A2I2A8W0	47.0	183	86	24	201	334	181	4.61e-32	126
q00036	UniRef50_A0ABS2TF69	41.1	253	104	13	251	334	472	4.66e-32	133
q00036	UniRef50_A0ABY0FL48	38.2	259	99	93	334	334	351	6.68e-32	130
q00036	UniRef50_A0A288QCB5	34.5	261	90	93	334	334	283	8.39e-32	128
q00036	UniRef50_A0A242A264	40.1	222	89	8	214	334	497	8.70e-32	132
q00036	UniRef50_UPI0028AA734A	38.2	217	83	12	214	334	375	1.04e-31	130
q00036	UniRef50_G9QM00	42.5	240	102	31	250	334	341	1.07e-31	129
q00036	UniRef50_UPI002AFFFC7F	57.0	107	61	228	334	334	219	1.82e-31	125
q00036	UniRef50_A0A9D1PMG2	40.0	215	86	23	220	334	512	2.68e-31	131
q00036	UniRef50_A0A1D4KBY7	54.5	110	60	225	334	334	248	2.72e-31	126
q00036	UniRef50_A0A4Q0AIX3	33.8	263	89	93	334	334	380	3.06e-31	129
q00036	UniRef50_A0AAN4RIU0	39.5	223	88	24	234	334	394	3.88e-31	129
q00036	UniRef50_A0A0M0G0A8	35.3	346	122	3	320	334	327	4.23e-31	127
q00036	UniRef50_A0A069CV96	37.1	240	89	93	310	334	284	4.57e-31	126
q00036	UniRef50_A0A2U3AG65	39.7	232	92	1	231	334	409	4.93e-31	129
q00036	UniRef50_P54421	36.7	251	92	31	257	334	334	6.78e-31	127
q00036	UniRef50_A0A2T4MHI6	54.4	114	62	222	334	334	290	7.30e-31	126
q00036	UniRef50_A0A1I3XXR3	41.0	188	77	29	212	334	356	7.43e-31	127
q00036	UniRef50_UPI0024B142DB	47.8	186	89	26	207	334	461	7.44e-31	129
q00036	UniRef50_A0AAP1RTN9	52.7	110	58	225	334	334	186	7.94e-31	123
q00036	UniRef50_Q2G2J2	54.5	110	60	225	334	334	267	8.42e-31	125
q00036	UniRef50_UPI0024E18A5F	42.9	198	85	28	217	334	621	1.58e-30	130
q00036	UniRef50_UPI00289FFB66	38.6	207	80	21	214	334	498	1.58e-30	129
q00036	UniRef50_UPI0030EF1357	48.6	177	86	31	201	334	214	1.69e-30	123
q00036	UniRef50_UPI0013BE4473	42.6	230	98	21	239	334	520	1.97e-30	129
q00036	UniRef50_A0A1Q8Q9P2	43.7	190	83	19	203	334	425	2.31e-30	127
q00036	UniRef50_A0AAC9XZT8	41.7	218	91	29	234	334	654	2.49e-30	130
q00036	UniRef50_A0A2K9IW33	39.6	240	95	3	220	334	374	2.75e-30	126
q00036	UniRef50_A0A380FB55	60.5	114	69	1	113	334	138	3.03e-30	120
q00036	UniRef50_UPI000D89DC61	43.7	197	86	29	212	334	299	3.37e-30	124
q00036	UniRef50_A0A2T4PY26	51.8	114	59	222	334	334	154	3.43e-30	120
q00036	UniRef50_UPI001D0D151F	51.8	114	59	222	334	334	205	3.66e-30	122
q00036	UniRef50_A0AAD0L2P6	44.3	219	97	21	231	334	761	4.41e-30	129
q00036	UniRef50_A0A177ZI21	41.6	262	109	21	255	334	444	5.74e-30	127
q00036	UniRef50_A0A380G146	30.4	332	101	23	334	334	320	7.27e-30	124
q00036	UniRef50_A0ABD4A4T8	40.0	260	104	25	253	334	424	8.35e-30	126
q00036	UniRef50_A0A1M5UYA4	47.5	177	84	28	201	334	403	8.49e-30	125
q00036	UniRef50_A0A2U3AMK5	33.6	345	116	21	313	334	438	1.01e-29	126
q00036	UniRef50_UPI00100BF9BE	49.5	107	53	228	334	334	147	1.09e-29	119
q00036	UniRef50_A0A380HKZ2	50.0	110	55	225	334	334	155	1.37e-29	119
q00036	UniRef50_G5JFI5	83.1	83	69	1	80	334	88	1.47e-29	116
q00036	UniRef50_A0ABV6P6P8	44.1	211	93	8	211	334	637	1.49e-29	127
q00036	UniRef50_P39046	36.8	239	88	27	239	334	666	2.25e-29	127
q00037	UniRef50_Q2G0U9	99.1	335	332	1	335	335	334	9.14e-228	629
q00037	UniRef50_Q49UX4	69.0	335	231	1	335	335	327	2.73e-151	436
q00037	UniRef50_A0A2T4S7V7	68.4	335	229	1	335	335	322	4.13e-147	425
q00037	UniRef50_A0A2X2JZ05	97.6	169	165	2	170	335	197	2.30e-97	294
q00037	UniRef50_A0A380FCT1	65.9	185	122	113	296	335	191	5.70e-79	247
q00037	UniRef50_A0A285URP5	39.5	392	155	3	335	335	393	6.41e-73	238
q00037	UniRef50_A0A7Z7VY24	64.6	209	135	1	209	335	274	1.49e-70	228
q00037	UniRef50_Q2G0D4	47.7	243	116	93	335	335	265	1.84e-66	218
q00037	UniRef50_UPI0022E9D922	69.4	121	84	215	335	335	130	1.19e-57	190
q00037	UniRef50_A0A0M2SIN2	38.2	351	134	3	335	335	302	7.69e-57	194
q00037	UniRef50_A0A380EG33	100	82	82	116	197	335	83	4.50e-45	156
q00037	UniRef50_UPI001C532911	49.7	161	80	144	304	335	166	1.81e-42	152
q00037	UniRef50_UPI000FF66AE3	54.0	137	74	191	325	335	137	4.57e-41	148
q00037	UniRef50_UPI001430D349	62.8	145	91	1	142	335	194	2.56e-40	148
q00037	UniRef50_K9AEJ0	57.0	107	61	229	335	335	245	4.58e-38	144
q00037	UniRef50_UPI0005548B90	49.0	202	99	15	216	335	635	7.21e-38	151
q00037	UniRef50_UPI0011827455	51.0	200	102	29	221	335	408	9.20e-38	147
q00037	UniRef50_UPI0009F80C83	45.0	229	103	24	240	335	1040	1.17e-37	152
q00037	UniRef50_UPI0015D67110	49.5	200	99	31	214	335	356	2.41e-37	145
q00037	UniRef50_A0A9Q9MQ39	50.5	204	103	24	221	335	835	2.46e-37	150
q00037	UniRef50_A0A0B5AU07	42.9	224	96	26	249	335	337	3.12e-37	144
q00037	UniRef50_UPI003DA06F46	40.8	179	73	179	335	335	181	3.21e-37	139
q00037	UniRef50_A0A0R2A7E9	51.6	186	96	24	202	335	269	1.81e-36	140
q00037	UniRef50_A0A2T4PW02	34.9	338	118	3	335	335	292	2.27e-36	140
q00037	UniRef50_A0A2K4FDJ0	34.3	332	114	23	335	335	330	5.47e-36	140
q00037	UniRef50_A0A679FEB3	48.2	197	95	24	217	335	765	8.47e-36	146
q00037	UniRef50_W1Q4J9	47.4	194	92	29	213	335	661	1.00e-35	145
q00037	UniRef50_UPI0039E976D3	33.2	337	112	2	308	335	371	2.51e-35	140
q00037	UniRef50_A0A285N7A9	44.0	218	96	3	212	335	355	3.54e-35	139
q00037	UniRef50_K9AR48	33.0	352	116	3	335	335	325	3.66e-35	138
q00037	UniRef50_UPI000411B638	32.2	339	109	3	335	335	326	3.74e-35	138
q00037	UniRef50_A0A1G6IJR1	44.4	214	95	3	212	335	349	6.10e-35	138
q00037	UniRef50_A0A161RFR7	45.8	216	99	3	203	335	375	7.35e-35	139
q00037	UniRef50_A0A3Q8C8C3	46.1	219	101	28	218	335	765	7.35e-35	143
q00037	UniRef50_UPI0020404E74	44.4	180	80	162	335	335	246	1.60e-34	134
q00037	UniRef50_A0A0R1V4L0	33.2	337	112	2	308	335	561	3.92e-34	140
q00037	UniRef50_A0A433RQ69	48.1	208	100	17	216	335	417	8.15e-34	137
q00037	UniRef50_A0A380EPQ7	56.1	107	60	229	335	335	126	1.23e-33	128
q00037	UniRef50_UPI0006882F83	46.5	202	94	4	205	335	209	1.76e-33	130
q00037	UniRef50_O07532	35.3	306	108	28	312	335	488	2.30e-33	137
q00037	UniRef50_A0A380G5E3	57.9	107	62	229	335	335	249	7.05e-33	130
q00037	UniRef50_A0A0D1M1Q6	40.3	263	106	94	324	335	295	7.75e-33	131
q00037	UniRef50_A0AAU7WF00	43.5	216	94	1	214	335	241	8.07e-33	130
q00037	UniRef50_A0A3E0ASM8	31.3	348	109	3	335	335	332	8.88e-33	132
q00037	UniRef50_UPI000B9DF872	39.2	250	98	27	243	335	501	9.80e-33	135
q00037	UniRef50_UPI00349FEC65	39.2	250	98	27	243	335	506	1.04e-32	135
q00037	UniRef50_A0A848C851	49.2	199	98	25	212	335	543	1.53e-32	135
q00037	UniRef50_A0A0B5APY2	41.7	242	101	3	232	335	427	1.83e-32	133
q00037	UniRef50_UPI00288CD85F	95.7	69	66	65	133	335	69	1.93e-32	123
q00037	UniRef50_A0A7H9EIP2	47.2	193	91	28	215	335	802	1.97e-32	136
q00037	UniRef50_UPI00101CEB6D	32.5	317	103	47	335	335	417	2.17e-32	133
q00037	UniRef50_A0A1H1GYN3	49.5	182	90	29	205	335	518	2.25e-32	134
q00037	UniRef50_S0KP30	41.1	224	92	21	213	335	600	2.43e-32	135
q00037	UniRef50_K9ASF1	56.1	107	60	229	335	335	249	2.71e-32	129
q00037	UniRef50_A0AAF1BRF0	26.2	447	117	31	335	335	464	3.11e-32	133
q00037	UniRef50_A0A242A264	40.6	224	91	8	216	335	497	3.39e-32	134
q00037	UniRef50_A0A1I3XXR3	42.6	188	80	29	212	335	356	3.88e-32	131
q00037	UniRef50_A0A2I2A8W0	47.0	183	86	24	201	335	181	6.62e-32	125
q00037	UniRef50_UPI00214C94CA	42.3	227	96	21	232	335	336	7.09e-32	130
q00037	UniRef50_UPI0028AA734A	38.8	219	85	12	216	335	375	7.67e-32	130
q00037	UniRef50_Q2G2J2	49.6	137	68	205	335	335	267	8.24e-32	128
q00037	UniRef50_W9AD91	42.5	226	96	2	212	335	363	8.57e-32	130
q00037	UniRef50_UPI002AFFFC7F	57.0	107	61	229	335	335	219	1.86e-31	125
q00037	UniRef50_UPI0024E18A5F	44.4	187	83	28	211	335	621	2.49e-31	132
q00037	UniRef50_A0A9D1PMG2	40.5	215	87	23	221	335	512	2.74e-31	131
q00037	UniRef50_UPI0024B142DB	47.4	190	90	26	211	335	461	2.89e-31	130
q00037	UniRef50_A0A069CV96	36.7	240	88	93	311	335	284	3.35e-31	127
q00037	UniRef50_UPI0013BE4473	42.2	223	94	21	232	335	520	4.09e-31	131
q00037	UniRef50_G9QM00	42.3	241	102	31	251	335	341	4.11e-31	128
q00037	UniRef50_A0A288QCB5	35.6	261	93	93	335	335	283	4.57e-31	126
q00037	UniRef50_A0ABS2TF69	39.1	253	99	13	252	335	472	4.58e-31	130
q00037	UniRef50_P54421	39.0	251	98	31	258	335	334	4.98e-31	127
q00037	UniRef50_A0A1D4KBY7	54.5	110	60	226	335	335	248	5.45e-31	125
q00037	UniRef50_A0AAN4RIU0	38.6	223	86	24	235	335	394	7.64e-31	128
q00037	UniRef50_UPI00289FFB66	39.2	209	82	21	216	335	498	1.17e-30	129
q00037	UniRef50_A0A2T4MHI6	54.4	114	62	223	335	335	290	1.45e-30	125
q00037	UniRef50_A0AAP1RTN9	53.3	107	57	229	335	335	186	1.60e-30	122
q00037	UniRef50_A0A2U3AG65	39.5	233	92	1	232	335	409	1.86e-30	127
q00037	UniRef50_A0ABY0FL48	37.1	259	96	93	335	335	351	1.86e-30	126
q00037	UniRef50_A0A4Q0AIX3	33.1	263	87	93	335	335	380	2.25e-30	127
q00037	UniRef50_UPI0030EF1357	49.1	175	86	31	199	335	214	2.42e-30	122
q00037	UniRef50_A0A380FB55	60.5	114	69	1	113	335	138	3.09e-30	120
q00037	UniRef50_A0ABD4A4T8	41.6	231	96	3	221	335	424	3.23e-30	127
q00037	UniRef50_A0A1Q8Q9P2	43.7	190	83	19	203	335	425	3.27e-30	127
q00037	UniRef50_UPI000D89DC61	42.1	209	88	29	224	335	299	4.81e-30	124
q00037	UniRef50_P39046	37.1	240	89	27	240	335	666	4.94e-30	129
q00037	UniRef50_A0A380G146	29.8	329	98	23	335	335	320	5.34e-30	124
q00037	UniRef50_A0A0M0G0A8	35.0	346	121	3	321	335	327	6.14e-30	124
q00037	UniRef50_A0A2T4PY26	51.8	114	59	223	335	335	154	6.90e-30	119
q00037	UniRef50_UPI001D0D151F	51.8	114	59	223	335	335	205	7.33e-30	121
q00037	UniRef50_A0AAC9XZT8	41.6	219	91	29	235	335	654	8.78e-30	128
q00037	UniRef50_UPI00100BF9BE	49.5	107	53	229	335	335	147	1.11e-29	119
q00037	UniRef50_A0ABV6P6P8	45.2	208	94	8	208	335	637	1.12e-29	128
q00037	UniRef50_A0A1M5UYA4	47.5	177	84	28	201	335	403	1.20e-29	125
q00037	UniRef50_G5JFI5	83.1	83	69	1	80	335	88	1.50e-29	116
q00037	UniRef50_A0AAD0L2P6	44.1	220	97	21	232	335	761	1.53e-29	128
q00037	UniRef50_UPI0039A75956	40.2	214	86	27	214	335	286	1.91e-29	122
q00037	UniRef50_A0A380HKZ2	50.5	107	54	229	335	335	155	2.74e-29	118
q00037	UniRef50_A0A7Z7QN77	42.1	164	69	173	335	335	186	3.32e-29	119
q00037	UniRef50_A0A177ZI21	41.4	263	109	21	256	335	444	4.07e-29	124
q00038	UniRef50_Q2G0U9	100	334	334	1	334	334	334	9.56e-232	639
q00038	UniRef50_Q49UX4	69.9	335	234	1	334	334	327	3.21e-152	438
q00038	UniRef50_A0A2T4S7V7	68.3	334	228	1	334	334	322	1.39e-147	426
q00038	UniRef50_A0A2X2JZ05	97.6	169	165	2	170	334	197	2.22e-97	294
q00038	UniRef50_A0A380FCT1	64.9	185	120	113	295	334	191	6.31e-78	244
q00038	UniRef50_A0A285URP5	40.1	392	157	3	334	334	393	3.11e-73	239
q00038	UniRef50_A0A7Z7VY24	65.5	206	135	1	206	334	274	1.02e-70	229
q00038	UniRef50_Q2G0D4	47.5	242	115	93	334	334	265	8.90e-67	218
q00038	UniRef50_UPI0022E9D922	69.4	121	84	214	334	334	130	5.76e-58	191
q00038	UniRef50_A0A0M2SIN2	38.0	350	133	3	334	334	302	2.66e-57	195
q00038	UniRef50_A0A380EG33	100	82	82	116	197	334	83	4.38e-45	156
q00038	UniRef50_UPI001C532911	49.4	160	79	144	303	334	166	8.89e-43	153
q00038	UniRef50_UPI000FF66AE3	54.7	137	75	191	324	334	137	4.03e-42	150
q00038	UniRef50_UPI001430D349	62.8	145	91	1	142	334	194	2.50e-40	148
q00038	UniRef50_UPI0009F80C83	45.6	228	104	24	239	334	1040	9.93e-39	155
q00038	UniRef50_UPI0015D67110	46.9	209	98	31	223	334	356	1.15e-38	148
q00038	UniRef50_K9AEJ0	57.0	107	61	228	334	334	245	4.46e-38	144
q00038	UniRef50_UPI0005548B90	47.2	218	103	15	230	334	635	5.11e-38	151
q00038	UniRef50_UPI0011827455	48.4	215	104	24	231	334	408	8.96e-38	147
q00038	UniRef50_A0A0B5AU07	43.8	224	98	26	248	334	337	1.11e-37	145
q00038	UniRef50_A0A2T4PW02	34.7	343	119	3	334	334	292	2.09e-37	143
q00038	UniRef50_A0A0R2A7E9	50.5	198	100	24	214	334	269	2.31e-37	142
q00038	UniRef50_UPI003DA06F46	40.2	179	72	179	334	334	181	4.40e-37	139
q00038	UniRef50_A0A285N7A9	44.2	233	103	3	227	334	355	6.27e-37	144
q00038	UniRef50_W1Q4J9	44.7	206	92	29	225	334	661	7.85e-37	148
q00038	UniRef50_A0A9Q9MQ39	48.6	214	104	24	231	334	835	1.52e-36	148
q00038	UniRef50_A0A1G6IJR1	44.5	227	101	3	225	334	349	2.94e-36	142
q00038	UniRef50_A0A2K4FDJ0	34.9	332	116	23	334	334	330	5.33e-36	140
q00038	UniRef50_K9AR48	32.6	347	113	3	334	334	325	9.33e-36	140
q00038	UniRef50_UPI000411B638	31.8	337	107	3	334	334	326	9.54e-36	140
q00038	UniRef50_UPI0020404E74	44.7	179	80	162	334	334	246	1.04e-35	137
q00038	UniRef50_A0A679FEB3	48.7	197	96	24	216	334	765	1.53e-35	145
q00038	UniRef50_UPI0039E976D3	32.9	337	111	2	307	334	371	2.45e-35	140
q00038	UniRef50_A0A161RFR7	45.8	216	99	3	203	334	375	5.14e-35	139
q00038	UniRef50_A0A433RQ69	38.0	295	112	17	309	334	417	7.93e-35	139
q00038	UniRef50_A0A3Q8C8C3	44.2	226	100	28	231	334	765	1.33e-34	142
q00038	UniRef50_A0A0R1V4L0	32.9	337	111	2	307	334	561	3.83e-34	140
q00038	UniRef50_A0A380EPQ7	55.5	110	61	225	334	334	126	6.09e-34	129
q00038	UniRef50_UPI000B9DF872	39.6	250	99	27	242	334	501	9.98e-34	138
q00038	UniRef50_UPI00349FEC65	39.6	250	99	27	242	334	506	1.06e-33	138
q00038	UniRef50_O07532	35.3	306	108	28	311	334	488	1.17e-33	137
q00038	UniRef50_UPI0006882F83	46.5	202	94	4	205	334	209	1.23e-33	131
q00038	UniRef50_A0A0D1M1Q6	39.5	263	104	94	323	334	295	1.98e-33	133
q00038	UniRef50_A0A380G5E3	57.3	110	63	225	334	334	249	3.51e-33	131
q00038	UniRef50_W9AD91	42.9	226	97	2	212	334	363	4.26e-33	134
q00038	UniRef50_A0A1H1GYN3	49.5	184	91	29	207	334	518	6.09e-33	136
q00038	UniRef50_A0A7H9EIP2	45.9	194	89	28	216	334	802	7.68e-33	137
q00038	UniRef50_UPI00101CEB6D	32.5	317	103	47	334	334	417	7.93e-33	134
q00038	UniRef50_A0A0B5APY2	42.6	242	103	3	231	334	427	1.29e-32	134
q00038	UniRef50_K9ASF1	55.5	110	61	225	334	334	249	1.35e-32	129
q00038	UniRef50_A0AAU7WF00	43.6	220	96	1	218	334	241	1.55e-32	129
q00038	UniRef50_A0A3E0ASM8	31.1	344	107	3	334	334	332	1.69e-32	131
q00038	UniRef50_UPI00214C94CA	43.4	226	98	21	231	334	336	1.83e-32	131
q00038	UniRef50_UPI00288CD85F	95.7	69	66	65	133	334	69	1.89e-32	123
q00038	UniRef50_A0A848C851	46.3	218	101	25	231	334	543	2.05e-32	135
q00038	UniRef50_A0AAF1BRF0	26.2	447	117	31	334	334	464	3.04e-32	133
q00038	UniRef50_S0KP30	40.3	221	89	21	215	334	600	4.45e-32	134
q00038	UniRef50_A0A2I2A8W0	47.0	183	86	24	201	334	181	4.61e-32	126
q00038	UniRef50_A0ABS2TF69	41.1	253	104	13	251	334	472	4.66e-32	133
q00038	UniRef50_A0ABY0FL48	38.2	259	99	93	334	334	351	6.68e-32	130
q00038	UniRef50_A0A288QCB5	34.5	261	90	93	334	334	283	8.39e-32	128
q00038	UniRef50_A0A242A264	40.1	222	89	8	214	334	497	8.70e-32	132
q00038	UniRef50_UPI0028AA734A	38.2	217	83	12	214	334	375	1.04e-31	130
q00038	UniRef50_G9QM00	42.5	240	102	31	250	334	341	1.07e-31	129
q00038	UniRef50_UPI002AFFFC7F	57.0	107	61	228	334	334	219	1.82e-31	125
q00038	UniRef50_A0A9D1PMG2	40.0	215	86	23	220	334	512	2.68e-31	131
q00038	UniRef50_A0A1D4KBY7	54.5	110	60	225	334	334	248	2.72e-31	126
q00038	UniRef50_A0A4Q0AIX3	33.8	263	89	93	334	334	380	3.06e-31	129
q00038	UniRef50_A0AAN4RIU0	39.5	223	88	24	234	334	394	3.88e-31	129
q00038	UniRef50_A0A0M0G0A8	35.3	346	122	3	320	334	327	4.23e-31	127
q00038	UniRef50_A0A069CV96	37.1	240	89	93	310	334	284	4.57e-31	126
q00038	UniRef50_A0A2U3AG65	39.7	232	92	1	231	334	409	4.93e-31	129
q00038	UniRef50_P54421	36.7	251	92	31	257	334	334	6.78e-31	127
q00038	UniRef50_A0A2T4MHI6	54.4	114	62	222	334	334	290	7.30e-31	126
q00038	UniRef50_A0A1I3XXR3	41.0	188	77	29	212	334	356	7.43e-31	127
q00038	UniRef50_UPI0024B142DB	47.8	186	89	26	207	334	461	7.44e-31	129
q00038	UniRef50_A0AAP1RTN9	52.7	110	58	225	334	334	186	7.94e-31	123
q00038	UniRef50_Q2G2J2	54.5	110	60	225	334	334	267	8.42e-31	125
q00038	UniRef50_UPI0024E18A5F	42.9	198	85	28	217	334	621	1.58e-30	130
q00038	UniRef50_UPI00289FFB66	38.6	207	80	21	214	334	498	1.58e-30	129
q00038	UniRef50_UPI0030EF1357	48.6	177	86	31	201	334	214	1.69e-30	123
q00038	UniRef50_UPI0013BE4473	42.6	230	98	21	239	334	520	1.97e-30	129
q00038	UniRef50_A0A1Q8Q9P2	43.7	190	83	19	203	334	425	2.31e-30	127
q00038	UniRef50_A0AAC9XZT8	41.7	218	91	29	234	334	654	2.49e-30	130
q00038	UniRef50_A0A2K9IW33	39.6	240	95	3	220	334	374	2.75e-30	126
q00038	UniRef50_A0A380FB55	60.5	114	69	1	113	334	138	3.03e-30	120
q00038	UniRef50_UPI000D89DC61	43.7	197	86	29	212	334	299	3.37e-30	124
q00038	UniRef50_A0A2T4PY26	51.8	114	59	222	334	334	154	3.43e-30	120
q00038	UniRef50_UPI001D0D151F	51.8	114	59	222	334	334	205	3.66e-30	122
q00038	UniRef50_A0AAD0L2P6	44.3	219	97	21	231	334	761	4.41e-30	129
q00038	UniRef50_A0A177ZI21	41.6	262	109	21	255	334	444	5.74e-30	127
q00038	UniRef50_A0A380G146	30.4	332	101	23	334	334	320	7.27e-30	124
q00038	UniRef50_A0ABD4A4T8	40.0	260	104	25	253	334	424	8.35e-30	126
q00038	UniRef50_A0A1M5UYA4	47.5	177	84	28	201	334	403	8.49e-30	125
q00038	UniRef50_A0A2U3AMK5	33.6	345	116	21	313	334	438	1.01e-29	126
q00038	UniRef50_UPI00100BF9BE	49.5	107	53	228	334	334	147	1.09e-29	119
q00038	UniRef50_A0A380HKZ2	50.0	110	55	225	334	334	155	1.37e-29	119
q00038	UniRef50_G5JFI5	83.1	83	69	1	80	334	88	1.47e-29	116
q00038	UniRef50_A0ABV6P6P8	44.1	211	93	8	211	334	637	1.49e-29	127
q00038	UniRef50_P39046	36.8	239	88	27	239	334	666	2.25e-29	127
q00039	UniRef50_Q2G0U9	100	334	334	1	334	334	334	9.56e-232	639
q00039	UniRef50_Q49UX4	69.9	335	234	1	334	334	327	3.21e-152	438
q00039	UniRef50_A0A2T4S7V7	68.3	334	228	1	334	334	322	1.39e-147	426
q00039	UniRef50_A0A2X2JZ05	97.6	169	165	2	170	334	197	2.22e-97	294
q00039	UniRef50_A0A380FCT1	64.9	185	120	113	295	334	191	6.31e-78	244
q00039	UniRef50_A0A285URP5	40.1	392	157	3	334	334	393	3.11e-73	239
q00039	UniRef50_A0A7Z7VY24	65.5	206	135	1	206	334	274	1.02e-70	229
q00039	UniRef50_Q2G0D4	47.5	242	115	93	334	334	265	8.90e-67	218
q00039	UniRef50_UPI0022E9D922	69.4	121	84	214	334	334	130	5.76e-58	191
q00039	UniRef50_A0A0M2SIN2	38.0	350	133	3	334	334	302	2.66e-57	195
q00039	UniRef50_A0A380EG33	100	82	82	116	197	334	83	4.38e-45	156
q00039	UniRef50_UPI001C532911	49.4	160	79	144	303	334	166	8.89e-43	153
q00039	UniRef50_UPI000FF66AE3	54.7	137	75	191	324	334	137	4.03e-42	150
q00039	UniRef50_UPI001430D349	62.8	145	91	1	142	334	194	2.50e-40	148
q00039	UniRef50_UPI0009F80C83	45.6	228	104	24	239	334	1040	9.93e-39	155
q00039	UniRef50_UPI0015D67110	46.9	209	98	31	223	334	356	1.15e-38	148
q00039	UniRef50_K9AEJ0	57.0	107	61	228	334	334	245	4.46e-38	144
q00039	UniRef50_UPI0005548B90	47.2	218	103	15	230	334	635	5.11e-38	151
q00039	UniRef50_UPI0011827455	48.4	215	104	24	231	334	408	8.96e-38	147
q00039	UniRef50_A0A0B5AU07	43.8	224	98	26	248	334	337	1.11e-37	145
q00039	UniRef50_A0A2T4PW02	34.7	343	119	3	334	334	292	2.09e-37	143
q00039	UniRef50_A0A0R2A7E9	50.5	198	100	24	214	334	269	2.31e-37	142
q00039	UniRef50_UPI003DA06F46	40.2	179	72	179	334	334	181	4.40e-37	139
q00039	UniRef50_A0A285N7A9	44.2	233	103	3	227	334	355	6.27e-37	144
q00039	UniRef50_W1Q4J9	44.7	206	92	29	225	334	661	7.85e-37	148
q00039	UniRef50_A0A9Q9MQ39	48.6	214	104	24	231	334	835	1.52e-36	148
q00039	UniRef50_A0A1G6IJR1	44.5	227	101	3	225	334	349	2.94e-36	142
q00039	UniRef50_A0A2K4FDJ0	34.9	332	116	23	334	334	330	5.33e-36	140
q00039	UniRef50_K9AR48	32.6	347	113	3	334	334	325	9.33e-36	140
q00039	UniRef50_UPI000411B638	31.8	337	107	3	334	334	326	9.54e-36	140
q00039	UniRef50_UPI0020404E74	44.7	179	80	162	334	334	246	1.04e-35	137
q00039	UniRef50_A0A679FEB3	48.7	197	96	24	216	334	765	1.53e-35	145
q00039	UniRef50_UPI0039E976D3	32.9	337	111	2	307	334	371	2.45e-35	140
q00039	UniRef50_A0A161RFR7	45.8	216	99	3	203	334	375	5.14e-35	139
q00039	UniRef50_A0A433RQ69	38.0	295	112	17	309	334	417	7.93e-35	139
q00039	UniRef50_A0A3Q8C8C3	44.2	226	100	28	231	334	765	1.33e-34	142
q00039	UniRef50_A0A0R1V4L0	32.9	337	111	2	307	334	561	3.83e-34	140
q00039	UniRef50_A0A380EPQ7	55.5	110	61	225	334	334	126	6.09e-34	129
q00039	UniRef50_UPI000B9DF872	39.6	250	99	27	242	334	501	9.98e-34	138
q00039	UniRef50_UPI00349FEC65	39.6	250	99	27	242	334	506	1.06e-33	138
q00039	UniRef50_O07532	35.3	306	108	28	311	334	488	1.17e-33	137
q00039	UniRef50_UPI0006882F83	46.5	202	94	4	205	334	209	1.23e-33	131
q00039	UniRef50_A0A0D1M1Q6	39.5	263	104	94	323	334	295	1.98e-33	133
q00039	UniRef50_A0A380G5E3	57.3	110	63	225	334	334	249	3.51e-33	131
q00039	UniRef50_W9AD91	42.9	226	97	2	212	334	363	4.26e-33	134
q00039	UniRef50_A0A1H1GYN3	49.5	184	91	29	207	334	518	6.09e-33	136
q00039	UniRef50_A0A7H9EIP2	45.9	194	89	28	216	334	802	7.68e-33	137
q00039	UniRef50_UPI00101CEB6D	32.5	317	103	47	334	334	417	7.93e-33	134
q00039	UniRef50_A0A0B5APY2	42.6	242	103	3	231	334	427	1.29e-32	134
q00039	UniRef50_K9ASF1	55.5	110	61	225	334	334	249	1.35e-32	129
q00039	UniRef50_A0AAU7WF00	43.6	220	96	1	218	334	241	1.55e-32	129
q00039	UniRef50_A0A3E0ASM8	31.1	344	107	3	334	334	332	1.69e-32	131
q00039	UniRef50_UPI00214C94CA	43.4	226	98	21	231	334	336	1.83e-32	131
q00039	UniRef50_UPI00288CD85F	95.7	69	66	65	133	334	69	1.89e-32	123
q00039	UniRef50_A0A848C851	46.3	218	101	25	231	334	543	2.05e-32	135
q00039	UniRef50_A0AAF1BRF0	26.2	447	117	31	334	334	464	3.04e-32	133
q00039	UniRef50_S0KP30	40.3	221	89	21	215	334	600	4.45e-32	134
q00039	UniRef50_A0A2I2A8W0	47.0	183	86	24	201	334	181	4.61e-32	126
q00039	UniRef50_A0ABS2TF69	41.1	253	104	13	251	334	472	4.66e-32	133
q00039	UniRef50_A0ABY0FL48	38.2	259	99	93	334	334	351	6.68e-32	130
q00039	UniRef50_A0A288QCB5	34.5	261	90	93	334	334	283	8.39e-32	128
q00039	UniRef50_A0A242A264	40.1	222	89	8	214	334	497	8.70e-32	132
q00039	UniRef50_UPI0028AA734A	38.2	217	83	12	214	334	375	1.04e-31	130
q00039	UniRef50_G9QM00	42.5	240	102	31	250	334	341	1.07e-31	129
q00039	UniRef50_UPI002AFFFC7F	57.0	107	61	228	334	334	219	1.82e-31	125
q00039	UniRef50_A0A9D1PMG2	40.0	215	86	23	220	334	512	2.68e-31	131
q00039	UniRef50_A0A1D4KBY7	54.5	110	60	225	334	334	248	2.72e-31	126
q00039	UniRef50_A0A4Q0AIX3	33.8	263	89	93	334	334	380	3.06e-31	129
q00039	UniRef50_A0AAN4RIU0	39.5	223	88	24	234	334	394	3.88e-31	129
q00039	UniRef50_A0A0M0G0A8	35.3	346	122	3	320	334	327	4.23e-31	127
q00039	UniRef50_A0A069CV96	37.1	240	89	93	310	334	284	4.57e-31	126
q00039	UniRef50_A0A2U3AG65	39.7	232	92	1	231	334	409	4.93e-31	129
q00039	UniRef50_P54421	36.7	251	92	31	257	334	334	6.78e-31	127
q00039	UniRef50_A0A2T4MHI6	54.4	114	62	222	334	334	290	7.30e-31	126
q00039	UniRef50_A0A1I3XXR3	41.0	188	77	29	212	334	356	7.43e-31	127
q00039	UniRef50_UPI0024B142DB	47.8	186	89	26	207	334	461	7.44e-31	129
q00039	UniRef50_A0AAP1RTN9	52.7	110	58	225	334	334	186	7.94e-31	123
q00039	UniRef50_Q2G2J2	54.5	110	60	225	334	334	267	8.42e-31	125
q00039	UniRef50_UPI0024E18A5F	42.9	198	85	28	217	334	621	1.58e-30	130
q00039	UniRef50_UPI00289FFB66	38.6	207	80	21	214	334	498	1.58e-30	129
q00039	UniRef50_UPI0030EF1357	48.6	177	86	31	201	334	214	1.69e-30	123
q00039	UniRef50_UPI0013BE4473	42.6	230	98	21	239	334	520	1.97e-30	129
q00039	UniRef50_A0A1Q8Q9P2	43.7	190	83	19	203	334	425	2.31e-30	127
q00039	UniRef50_A0AAC9XZT8	41.7	218	91	29	234	334	654	2.49e-30	130
q00039	UniRef50_A0A2K9IW33	39.6	240	95	3	220	334	374	2.75e-30	126
q00039	UniRef50_A0A380FB55	60.5	114	69	1	113	334	138	3.03e-30	120
q00039	UniRef50_UPI000D89DC61	43.7	197	86	29	212	334	299	3.37e-30	124
q00039	UniRef50_A0A2T4PY26	51.8	114	59	222	334	334	154	3.43e-30	120
q00039	UniRef50_UPI001D0D151F	51.8	114	59	222	334	334	205	3.66e-30	122
q00039	UniRef50_A0AAD0L2P6	44.3	219	97	21	231	334	761	4.41e-30	129
q00039	UniRef50_A0A177ZI21	41.6	262	109	21	255	334	444	5.74e-30	127
q00039	UniRef50_A0A380G146	30.4	332	101	23	334	334	320	7.27e-30	124
q00039	UniRef50_A0ABD4A4T8	40.0	260	104	25	253	334	424	8.35e-30	126
q00039	UniRef50_A0A1M5UYA4	47.5	177	84	28	201	334	403	8.49e-30	125
q00039	UniRef50_A0A2U3AMK5	33.6	345	116	21	313	334	438	1.01e-29	126
q00039	UniRef50_UPI00100BF9BE	49.5	107	53	228	334	334	147	1.09e-29	119
q00039	UniRef50_A0A380HKZ2	50.0	110	55	225	334	334	155	1.37e-29	119
q00039	UniRef50_G5JFI5	83.1	83	69	1	80	334	88	1.47e-29	116
q00039	UniRef50_A0ABV6P6P8	44.1	211	93	8	211	334	637	1.49e-29	127
q00039	UniRef50_P39046	36.8	239	88	27	239	334	666	2.25e-29	127
q00040	UniRef50_Q2G0U9	97.9	334	327	1	334	334	334	2.93e-226	625
q00040	UniRef50_Q49UX4	70.0	337	236	1	334	334	327	2.15e-150	433
q00040	UniRef50_A0A2T4S7V7	67.7	337	228	1	334	334	322	2.29e-146	423
q00040	UniRef50_A0A2X2JZ05	99.4	169	168	2	170	334	197	1.92e-98	296
q00040	UniRef50_A0A380FCT1	66.1	186	123	113	295	334	191	2.05e-76	240
q00040	UniRef50_A0A285URP5	40.7	393	160	3	334	334	393	1.11e-73	240
q00040	UniRef50_A0A7Z7VY24	66.0	206	136	1	206	334	274	7.21e-71	229
q00040	UniRef50_Q2G0D4	47.5	242	115	93	334	334	265	1.00e-65	216
q00040	UniRef50_UPI0022E9D922	69.4	124	86	211	334	334	130	1.02e-58	193
q00040	UniRef50_A0A0M2SIN2	38.6	350	135	3	334	334	302	6.71e-58	197
q00040	UniRef50_UPI000FF66AE3	54.7	137	75	191	324	334	137	2.86e-42	151
q00040	UniRef50_UPI001C532911	50.0	158	79	146	303	334	166	6.97e-42	151
q00040	UniRef50_A0A380EG33	93.9	82	77	116	197	334	83	4.77e-41	146
q00040	UniRef50_UPI001430D349	62.8	145	91	1	142	334	194	2.50e-40	148
q00040	UniRef50_UPI0015D67110	45.9	209	96	31	223	334	356	4.19e-39	149
q00040	UniRef50_K9AEJ0	57.0	107	61	228	334	334	245	6.27e-38	143
q00040	UniRef50_UPI0011827455	49.5	210	104	29	231	334	408	1.74e-37	146
q00040	UniRef50_UPI0005548B90	46.9	209	98	15	219	334	635	2.51e-37	149
q00040	UniRef50_A0A0B5AU07	49.7	181	90	26	206	334	337	4.25e-37	144
q00040	UniRef50_A0A285N7A9	45.0	229	103	3	223	334	355	4.49e-37	144
q00040	UniRef50_A0A9Q9MQ39	49.1	214	105	24	231	334	835	6.04e-37	149
q00040	UniRef50_UPI003DA06F46	40.8	179	73	179	334	334	181	6.19e-37	139
q00040	UniRef50_A0A1G6IJR1	45.3	225	102	3	223	334	349	7.72e-37	143
q00040	UniRef50_A0A2T4PW02	34.4	343	118	3	334	334	292	1.58e-36	141
q00040	UniRef50_UPI0009F80C83	44.7	228	102	24	239	334	1040	1.77e-36	148
q00040	UniRef50_W1Q4J9	46.4	192	89	29	211	334	661	2.77e-36	147
q00040	UniRef50_A0A679FEB3	49.7	197	98	24	216	334	765	3.26e-36	147
q00040	UniRef50_UPI000411B638	32.6	337	110	3	334	334	326	1.33e-35	139
q00040	UniRef50_A0A0R2A7E9	48.5	198	96	24	214	334	269	1.34e-35	138
q00040	UniRef50_UPI0020404E74	44.7	179	80	162	334	334	246	1.46e-35	137
q00040	UniRef50_K9AR48	32.4	346	112	3	334	334	325	2.55e-35	139
q00040	UniRef50_A0A2K4FDJ0	34.3	332	114	23	334	334	330	5.56e-35	138
q00040	UniRef50_A0A3Q8C8C3	44.7	217	97	24	221	334	765	7.17e-35	143
q00040	UniRef50_A0A161RFR7	46.3	216	100	3	203	334	375	1.00e-34	138
q00040	UniRef50_A0A433RQ69	47.7	214	102	28	229	334	417	1.53e-34	139
q00040	UniRef50_A0A380EPQ7	56.1	107	60	228	334	334	126	1.69e-33	128
q00040	UniRef50_W9AD91	43.6	225	98	2	211	334	363	2.19e-33	134
q00040	UniRef50_UPI0039E976D3	32.6	337	110	2	307	334	371	3.56e-33	134
q00040	UniRef50_A0A1I3XXR3	43.1	197	85	29	216	334	356	3.72e-33	134
q00040	UniRef50_A0A380G5E3	52.7	129	68	206	334	334	249	4.92e-33	130
q00040	UniRef50_A0A7H9EIP2	47.4	194	92	28	216	334	802	5.66e-33	138
q00040	UniRef50_UPI000B9DF872	38.8	250	97	27	242	334	501	1.32e-32	135
q00040	UniRef50_UPI00349FEC65	38.8	250	97	27	242	334	506	1.40e-32	135
q00040	UniRef50_O07532	35.6	306	109	28	311	334	488	1.56e-32	134
q00040	UniRef50_A0A1H1GYN3	49.5	184	91	29	207	334	518	1.60e-32	135
q00040	UniRef50_UPI00288CD85F	95.7	69	66	65	133	334	69	1.89e-32	123
q00040	UniRef50_A0A9D1PMG2	40.9	215	88	23	220	334	512	2.84e-32	134
q00040	UniRef50_UPI0024B142DB	48.4	190	92	26	211	334	461	2.92e-32	133
q00040	UniRef50_K9ASF1	56.1	107	60	228	334	334	249	3.71e-32	128
q00040	UniRef50_A0A0R1V4L0	32.6	337	110	2	307	334	561	4.55e-32	134
q00040	UniRef50_A0ABS2TF69	41.9	253	106	13	251	334	472	4.66e-32	133
q00040	UniRef50_UPI0006882F83	46.3	203	94	4	205	334	209	5.07e-32	127
q00040	UniRef50_A0A2K9IW33	40.8	240	98	3	220	334	374	5.29e-32	131
q00040	UniRef50_UPI00101CEB6D	31.9	317	101	47	334	334	417	5.66e-32	132
q00040	UniRef50_A0A069CV96	36.3	240	87	93	310	334	284	6.14e-32	129
q00040	UniRef50_A0A848C851	45.0	218	98	25	231	334	543	7.34e-32	133
q00040	UniRef50_UPI0028AA734A	38.0	216	82	12	214	334	375	7.50e-32	130
q00040	UniRef50_A0A288QCB5	34.9	261	91	93	334	334	283	8.39e-32	128
q00040	UniRef50_A0A242A264	40.1	222	89	8	214	334	497	8.70e-32	132
q00040	UniRef50_A0A3E0ASM8	31.4	344	108	3	334	334	332	8.90e-32	129
q00040	UniRef50_S0KP30	41.0	227	93	21	221	334	600	1.14e-31	133
q00040	UniRef50_A0AAU7WF00	43.6	220	96	1	218	334	241	1.17e-31	127
q00040	UniRef50_UPI00214C94CA	43.2	227	98	21	231	334	336	1.34e-31	129
q00040	UniRef50_A0A2I2A8W0	47.0	183	86	24	201	334	181	1.79e-31	124
q00040	UniRef50_UPI002AFFFC7F	57.0	107	61	228	334	334	219	2.55e-31	125
q00040	UniRef50_A0A1D4KBY7	48.2	137	66	198	334	334	248	3.81e-31	125
q00040	UniRef50_A0AAF1BRF0	25.7	447	115	31	334	334	464	4.05e-31	130
q00040	UniRef50_A0A0M0G0A8	35.5	346	123	3	320	334	327	4.23e-31	127
q00040	UniRef50_A0A0B5APY2	42.1	242	102	3	231	334	427	4.67e-31	129
q00040	UniRef50_A0ABY0FL48	37.5	259	97	93	334	334	351	4.86e-31	128
q00040	UniRef50_A0A2U3AG65	41.7	218	91	1	217	334	409	4.93e-31	129
q00040	UniRef50_A0AAN4RIU0	42.1	209	88	24	220	334	394	5.38e-31	129
q00040	UniRef50_P39046	39.3	239	94	27	239	334	666	5.56e-31	132
q00040	UniRef50_UPI00289FFB66	39.1	207	81	21	214	334	498	6.04e-31	130
q00040	UniRef50_A0A1Q8Q9P2	44.2	190	84	19	203	334	425	6.29e-31	129
q00040	UniRef50_A0A0D1M1Q6	37.4	262	98	94	323	334	295	8.15e-31	126
q00040	UniRef50_Q2G2J2	42.0	162	68	173	334	334	267	8.42e-31	125
q00040	UniRef50_UPI0024E18A5F	43.9	187	82	28	211	334	621	8.46e-31	131
q00040	UniRef50_A0AAC9XZT8	43.1	209	90	29	218	334	654	9.85e-31	131
q00040	UniRef50_A0ABD4A4T8	41.4	263	109	25	253	334	424	1.65e-30	128
q00040	UniRef50_UPI000D89DC61	43.9	196	86	29	211	334	299	1.73e-30	125
q00040	UniRef50_A0AAP1RTN9	53.3	107	57	228	334	334	186	2.19e-30	122
q00040	UniRef50_A0A380FB55	60.5	114	69	1	113	334	138	3.03e-30	120
q00040	UniRef50_A0AAD0L2P6	46.5	202	94	21	214	334	761	3.25e-30	130
q00040	UniRef50_G9QM00	45.2	197	89	31	223	334	341	4.06e-30	125
q00040	UniRef50_A0A1M5UYA4	48.0	177	85	28	201	334	403	4.42e-30	126
q00040	UniRef50_A0A2T4MHI6	53.5	114	61	222	334	334	290	5.40e-30	124
q00040	UniRef50_P54421	36.7	251	92	31	257	334	334	6.88e-30	124
q00040	UniRef50_UPI001D0D151F	48.1	133	64	205	334	334	205	1.00e-29	120
q00040	UniRef50_A0A2T4PY26	51.8	114	59	222	334	334	154	1.33e-29	119
q00040	UniRef50_G5JFI5	83.1	83	69	1	80	334	88	1.47e-29	116
q00040	UniRef50_UPI00100BF9BE	49.5	107	53	228	334	334	147	1.52e-29	118
q00040	UniRef50_A0A4Q0AIX3	33.5	263	88	93	334	334	380	1.57e-29	124
q00040	UniRef50_UPI0030EF1357	46.9	177	83	31	201	334	214	1.78e-29	120
q00040	UniRef50_UPI0013BE4473	43.7	206	90	21	217	334	520	1.82e-29	126
q00040	UniRef50_UPI0039A75956	41.1	214	88	27	213	334	286	2.61e-29	122
q00040	UniRef50_A0A380HKZ2	50.5	107	54	228	334	334	155	3.77e-29	117
q00040	UniRef50_A0A9Q4D4Y1	51.8	110	57	225	334	334	235	4.24e-29	120
q00040	UniRef50_A0ABV6P6P8	43.4	212	92	8	212	334	637	5.14e-29	126
q00040	UniRef50_A0A177ZI21	41.2	262	108	21	255	334	444	7.59e-29	124
q00041	UniRef50_Q2G0U9	100	334	334	1	334	334	334	9.56e-232	639
q00041	UniRef50_Q49UX4	69.9	335	234	1	334	334	327	3.21e-152	438
q00041	UniRef50_A0A2T4S7V7	68.3	334	228	1	334	334	322	1.39e-147	426
q00041	UniRef50_A0A2X2JZ05	97.6	169	165	2	170	334	197	2.22e-97	294
q00041	UniRef50_A0A380FCT1	64.9	185	120	113	295	334	191	6.31e-78	244
q00041	UniRef50_A0A285URP5	40.1	392	157	3	334	334	393	3.11e-73	239
q00041	UniRef50_A0A7Z7VY24	65.5	206	135	1	206	334	274	1.02e-70	229
q00041	UniRef50_Q2G0D4	47.5	242	115	93	334	334	265	8.90e-67	218
q00041	UniRef50_UPI0022E9D922	69.4	121	84	214	334	334	130	5.76e-58	191
q00041	UniRef50_A0A0M2SIN2	38.0	350	133	3	334	334	302	2.66e-57	195
q00041	UniRef50_A0A380EG33	100	82	82	116	197	334	83	4.38e-45	156
q00041	UniRef50_UPI001C532911	49.4	160	79	144	303	334	166	8.89e-43	153
q00041	UniRef50_UPI000FF66AE3	54.7	137	75	191	324	334	137	4.03e-42	150
q00041	UniRef50_UPI001430D349	62.8	145	91	1	142	334	194	2.50e-40	148
q00041	UniRef50_UPI0009F80C83	45.6	228	104	24	239	334	1040	9.93e-39	155
q00041	UniRef50_UPI0015D67110	46.9	209	98	31	223	334	356	1.15e-38	148
q00041	UniRef50_K9AEJ0	57.0	107	61	228	334	334	245	4.46e-38	144
q00041	UniRef50_UPI0005548B90	47.2	218	103	15	230	334	635	5.11e-38	151
q00041	UniRef50_UPI0011827455	48.4	215	104	24	231	334	408	8.96e-38	147
q00041	UniRef50_A0A0B5AU07	43.8	224	98	26	248	334	337	1.11e-37	145
q00041	UniRef50_A0A2T4PW02	34.7	343	119	3	334	334	292	2.09e-37	143
q00041	UniRef50_A0A0R2A7E9	50.5	198	100	24	214	334	269	2.31e-37	142
q00041	UniRef50_UPI003DA06F46	40.2	179	72	179	334	334	181	4.40e-37	139
q00041	UniRef50_A0A285N7A9	44.2	233	103	3	227	334	355	6.27e-37	144
q00041	UniRef50_W1Q4J9	44.7	206	92	29	225	334	661	7.85e-37	148
q00041	UniRef50_A0A9Q9MQ39	48.6	214	104	24	231	334	835	1.52e-36	148
q00041	UniRef50_A0A1G6IJR1	44.5	227	101	3	225	334	349	2.94e-36	142
q00041	UniRef50_A0A2K4FDJ0	34.9	332	116	23	334	334	330	5.33e-36	140
q00041	UniRef50_K9AR48	32.6	347	113	3	334	334	325	9.33e-36	140
q00041	UniRef50_UPI000411B638	31.8	337	107	3	334	334	326	9.54e-36	140
q00041	UniRef50_UPI0020404E74	44.7	179	80	162	334	334	246	1.04e-35	137
q00041	UniRef50_A0A679FEB3	48.7	197	96	24	216	334	765	1.53e-35	145
q00041	UniRef50_UPI0039E976D3	32.9	337	111	2	307	334	371	2.45e-35	140
q00041	UniRef50_A0A161RFR7	45.8	216	99	3	203	334	375	5.14e-35	139
q00041	UniRef50_A0A433RQ69	38.0	295	112	17	309	334	417	7.93e-35	139
q00041	UniRef50_A0A3Q8C8C3	44.2	226	100	28	231	334	765	1.33e-34	142
q00041	UniRef50_A0A0R1V4L0	32.9	337	111	2	307	334	561	3.83e-34	140
q00041	UniRef50_A0A380EPQ7	55.5	110	61	225	334	334	126	6.09e-34	129
q00041	UniRef50_UPI000B9DF872	39.6	250	99	27	242	334	501	9.98e-34	138
q00041	UniRef50_UPI00349FEC65	39.6	250	99	27	242	334	506	1.06e-33	138
q00041	UniRef50_O07532	35.3	306	108	28	311	334	488	1.17e-33	137
q00041	UniRef50_UPI0006882F83	46.5	202	94	4	205	334	209	1.23e-33	131
q00041	UniRef50_A0A0D1M1Q6	39.5	263	104	94	323	334	295	1.98e-33	133
q00041	UniRef50_A0A380G5E3	57.3	110	63	225	334	334	249	3.51e-33	131
q00041	UniRef50_W9AD91	42.9	226	97	2	212	334	363	4.26e-33	134
q00041	UniRef50_A0A1H1GYN3	49.5	184	91	29	207	334	518	6.09e-33	136
q00041	UniRef50_A0A7H9EIP2	45.9	194	89	28	216	334	802	7.68e-33	137
q00041	UniRef50_UPI00101CEB6D	32.5	317	103	47	334	334	417	7.93e-33	134
q00041	UniRef50_A0A0B5APY2	42.6	242	103	3	231	334	427	1.29e-32	134
q00041	UniRef50_K9ASF1	55.5	110	61	225	334	334	249	1.35e-32	129
q00041	UniRef50_A0AAU7WF00	43.6	220	96	1	218	334	241	1.55e-32	129
q00041	UniRef50_A0A3E0ASM8	31.1	344	107	3	334	334	332	1.69e-32	131
q00041	UniRef50_UPI00214C94CA	43.4	226	98	21	231	334	336	1.83e-32	131
q00041	UniRef50_UPI00288CD85F	95.7	69	66	65	133	334	69	1.89e-32	123
q00041	UniRef50_A0A848C851	46.3	218	101	25	231	334	543	2.05e-32	135
q00041	UniRef50_A0AAF1BRF0	26.2	447	117	31	334	334	464	3.04e-32	133
q00041	UniRef50_S0KP30	40.3	221	89	21	215	334	600	4.45e-32	134
q00041	UniRef50_A0A2I2A8W0	47.0	183	86	24	201	334	181	4.61e-32	126
q00041	UniRef50_A0ABS2TF69	41.1	253	104	13	251	334	472	4.66e-32	133
q00041	UniRef50_A0ABY0FL48	38.2	259	99	93	334	334	351	6.68e-32	130
q00041	UniRef50_A0A288QCB5	34.5	261	90	93	334	334	283	8.39e-32	128
q00041	UniRef50_A0A242A264	40.1	222	89	8	214	334	497	8.70e-32	132
q00041	UniRef50_UPI0028AA734A	38.2	217	83	12	214	334	375	1.04e-31	130
q00041	UniRef50_G9QM00	42.5	240	102	31	250	334	341	1.07e-31	129
q00041	UniRef50_UPI002AFFFC7F	57.0	107	61	228	334	334	219	1.82e-31	125
q00041	UniRef50_A0A9D1PMG2	40.0	215	86	23	220	334	512	2.68e-31	131
q00041	UniRef50_A0A1D4KBY7	54.5	110	60	225	334	334	248	2.72e-31	126
q00041	UniRef50_A0A4Q0AIX3	33.8	263	89	93	334	334	380	3.06e-31	129
q00041	UniRef50_A0AAN4RIU0	39.5	223	88	24	234	334	394	3.88e-31	129
q00041	UniRef50_A0A0M0G0A8	35.3	346	122	3	320	334	327	4.23e-31	127
q00041	UniRef50_A0A069CV96	37.1	240	89	93	310	334	284	4.57e-31	126
q00041	UniRef50_A0A2U3AG65	39.7	232	92	1	231	334	409	4.93e-31	129
q00041	UniRef50_P54421	36.7	251	92	31	257	334	334	6.78e-31	127
q00041	UniRef50_A0A2T4MHI6	54.4	114	62	222	334	334	290	7.30e-31	126
q00041	UniRef50_A0A1I3XXR3	41.0	188	77	29	212	334	356	7.43e-31	127
q00041	UniRef50_UPI0024B142DB	47.8	186	89	26	207	334	461	7.44e-31	129
q00041	UniRef50_A0AAP1RTN9	52.7	110	58	225	334	334	186	7.94e-31	123
q00041	UniRef50_Q2G2J2	54.5	110	60	225	334	334	267	8.42e-31	125
q00041	UniRef50_UPI0024E18A5F	42.9	198	85	28	217	334	621	1.58e-30	130
q00041	UniRef50_UPI00289FFB66	38.6	207	80	21	214	334	498	1.58e-30	129
q00041	UniRef50_UPI0030EF1357	48.6	177	86	31	201	334	214	1.69e-30	123
q00041	UniRef50_UPI0013BE4473	42.6	230	98	21	239	334	520	1.97e-30	129
q00041	UniRef50_A0A1Q8Q9P2	43.7	190	83	19	203	334	425	2.31e-30	127
q00041	UniRef50_A0AAC9XZT8	41.7	218	91	29	234	334	654	2.49e-30	130
q00041	UniRef50_A0A2K9IW33	39.6	240	95	3	220	334	374	2.75e-30	126
q00041	UniRef50_A0A380FB55	60.5	114	69	1	113	334	138	3.03e-30	120
q00041	UniRef50_UPI000D89DC61	43.7	197	86	29	212	334	299	3.37e-30	124
q00041	UniRef50_A0A2T4PY26	51.8	114	59	222	334	334	154	3.43e-30	120
q00041	UniRef50_UPI001D0D151F	51.8	114	59	222	334	334	205	3.66e-30	122
q00041	UniRef50_A0AAD0L2P6	44.3	219	97	21	231	334	761	4.41e-30	129
q00041	UniRef50_A0A177ZI21	41.6	262	109	21	255	334	444	5.74e-30	127
q00041	UniRef50_A0A380G146	30.4	332	101	23	334	334	320	7.27e-30	124
q00041	UniRef50_A0ABD4A4T8	40.0	260	104	25	253	334	424	8.35e-30	126
q00041	UniRef50_A0A1M5UYA4	47.5	177	84	28	201	334	403	8.49e-30	125
q00041	UniRef50_A0A2U3AMK5	33.6	345	116	21	313	334	438	1.01e-29	126
q00041	UniRef50_UPI00100BF9BE	49.5	107	53	228	334	334	147	1.09e-29	119
q00041	UniRef50_A0A380HKZ2	50.0	110	55	225	334	334	155	1.37e-29	119
q00041	UniRef50_G5JFI5	83.1	83	69	1	80	334	88	1.47e-29	116
q00041	UniRef50_A0ABV6P6P8	44.1	211	93	8	211	334	637	1.49e-29	127
q00041	UniRef50_P39046	36.8	239	88	27	239	334	666	2.25e-29	127
q00042	UniRef50_Q2G0U9	100	334	334	1	334	334	334	9.56e-232	639
q00042	UniRef50_Q49UX4	69.9	335	234	1	334	334	327	3.21e-152	438
q00042	UniRef50_A0A2T4S7V7	68.3	334	228	1	334	334	322	1.39e-147	426
q00042	UniRef50_A0A2X2JZ05	97.6	169	165	2	170	334	197	2.22e-97	294
q00042	UniRef50_A0A380FCT1	64.9	185	120	113	295	334	191	6.31e-78	244
q00042	UniRef50_A0A285URP5	40.1	392	157	3	334	334	393	3.11e-73	239
q00042	UniRef50_A0A7Z7VY24	65.5	206	135	1	206	334	274	1.02e-70	229
q00042	UniRef50_Q2G0D4	47.5	242	115	93	334	334	265	8.90e-67	218
q00042	UniRef50_UPI0022E9D922	69.4	121	84	214	334	334	130	5.76e-58	191
q00042	UniRef50_A0A0M2SIN2	38.0	350	133	3	334	334	302	2.66e-57	195
q00042	UniRef50_A0A380EG33	100	82	82	116	197	334	83	4.38e-45	156
q00042	UniRef50_UPI001C532911	49.4	160	79	144	303	334	166	8.89e-43	153
q00042	UniRef50_UPI000FF66AE3	54.7	137	75	191	324	334	137	4.03e-42	150
q00042	UniRef50_UPI001430D349	62.8	145	91	1	142	334	194	2.50e-40	148
q00042	UniRef50_UPI0009F80C83	45.6	228	104	24	239	334	1040	9.93e-39	155
q00042	UniRef50_UPI0015D67110	46.9	209	98	31	223	334	356	1.15e-38	148
q00042	UniRef50_K9AEJ0	57.0	107	61	228	334	334	245	4.46e-38	144
q00042	UniRef50_UPI0005548B90	47.2	218	103	15	230	334	635	5.11e-38	151
q00042	UniRef50_UPI0011827455	48.4	215	104	24	231	334	408	8.96e-38	147
q00042	UniRef50_A0A0B5AU07	43.8	224	98	26	248	334	337	1.11e-37	145
q00042	UniRef50_A0A2T4PW02	34.7	343	119	3	334	334	292	2.09e-37	143
q00042	UniRef50_A0A0R2A7E9	50.5	198	100	24	214	334	269	2.31e-37	142
q00042	UniRef50_UPI003DA06F46	40.2	179	72	179	334	334	181	4.40e-37	139
q00042	UniRef50_A0A285N7A9	44.2	233	103	3	227	334	355	6.27e-37	144
q00042	UniRef50_W1Q4J9	44.7	206	92	29	225	334	661	7.85e-37	148
q00042	UniRef50_A0A9Q9MQ39	48.6	214	104	24	231	334	835	1.52e-36	148
q00042	UniRef50_A0A1G6IJR1	44.5	227	101	3	225	334	349	2.94e-36	142
q00042	UniRef50_A0A2K4FDJ0	34.9	332	116	23	334	334	330	5.33e-36	140
q00042	UniRef50_K9AR48	32.6	347	113	3	334	334	325	9.33e-36	140
q00042	UniRef50_UPI000411B638	31.8	337	107	3	334	334	326	9.54e-36	140
q00042	UniRef50_UPI0020404E74	44.7	179	80	162	334	334	246	1.04e-35	137
q00042	UniRef50_A0A679FEB3	48.7	197	96	24	216	334	765	1.53e-35	145
q00042	UniRef50_UPI0039E976D3	32.9	337	111	2	307	334	371	2.45e-35	140
q00042	UniRef50_A0A161RFR7	45.8	216	99	3	203	334	375	5.14e-35	139
q00042	UniRef50_A0A433RQ69	38.0	295	112	17	309	334	417	7.93e-35	139
q00042	UniRef50_A0A3Q8C8C3	44.2	226	100	28	231	334	765	1.33e-34	142
q00042	UniRef50_A0A0R1V4L0	32.9	337	111	2	307	334	561	3.83e-34	140
q00042	UniRef50_A0A380EPQ7	55.5	110	61	225	334	334	126	6.09e-34	129
q00042	UniRef50_UPI000B9DF872	39.6	250	99	27	242	334	501	9.98e-34	138
q00042	UniRef50_UPI00349FEC65	39.6	250	99	27	242	334	506	1.06e-33	138
q00042	UniRef50_O07532	35.3	306	108	28	311	334	488	1.17e-33	137
q00042	UniRef50_UPI0006882F83	46.5	202	94	4	205	334	209	1.23e-33	131
q00042	UniRef50_A0A0D1M1Q6	39.5	263	104	94	323	334	295	1.98e-33	133
q00042	UniRef50_A0A380G5E3	57.3	110	63	225	334	334	249	3.51e-33	131
q00042	UniRef50_W9AD91	42.9	226	97	2	212	334	363	4.26e-33	134
q00042	UniRef50_A0A1H1GYN3	49.5	184	91	29	207	334	518	6.09e-33	136
q00042	UniRef50_A0A7H9EIP2	45.9	194	89	28	216	334	802	7.68e-33	137
q00042	UniRef50_UPI00101CEB6D	32.5	317	103	47	334	334	417	7.93e-33	134
q00042	UniRef50_A0A0B5APY2	42.6	242	103	3	231	334	427	1.29e-32	134
q00042	UniRef50_K9ASF1	55.5	110	61	225	334	334	249	1.35e-32	129
q00042	UniRef50_A0AAU7WF00	43.6	220	96	1	218	334	241	1.55e-32	129
q00042	UniRef50_A0A3E0ASM8	31.1	344	107	3	334	334	332	1.69e-32	131
q00042	UniRef50_UPI00214C94CA	43.4	226	98	21	231	334	336	1.83e-32	131
q00042	UniRef50_UPI00288CD85F	95.7	69	66	65	133	334	69	1.89e-32	123
q00042	UniRef50_A0A848C851	46.3	218	101	25	231	334	543	2.05e-32	135
q00042	UniRef50_A0AAF1BRF0	26.2	447	117	31	334	334	464	3.04e-32	133
q00042	UniRef50_S0KP30	40.3	221	89	21	215	334	600	4.45e-32	134
q00042	UniRef50_A0A2I2A8W0	47.0	183	86	24	201	334	181	4.61e-32	126
q00042	UniRef50_A0ABS2TF69	41.1	253	104	13	251	334	472	4.66e-32	133
q00042	UniRef50_A0ABY0FL48	38.2	259	99	93	334	334	351	6.68e-32	130
q00042	UniRef50_A0A288QCB5	34.5	261	90	93	334	334	283	8.39e-32	128
q00042	UniRef50_A0A242A264	40.1	222	89	8	214	334	497	8.70e-32	132
q00042	UniRef50_UPI0028AA734A	38.2	217	83	12	214	334	375	1.04e-31	130
q00042	UniRef50_G9QM00	42.5	240	102	31	250	334	341	1.07e-31	129
q00042	UniRef50_UPI002AFFFC7F	57.0	107	61	228	334	334	219	1.82e-31	125
q00042	UniRef50_A0A9D1PMG2	40.0	215	86	23	220	334	512	2.68e-31	131
q00042	UniRef50_A0A1D4KBY7	54.5	110	60	225	334	334	248	2.72e-31	126
q00042	UniRef50_A0A4Q0AIX3	33.8	263	89	93	334	334	380	3.06e-31	129
q00042	UniRef50_A0AAN4RIU0	39.5	223	88	24	234	334	394	3.88e-31	129
q00042	UniRef50_A0A0M0G0A8	35.3	346	122	3	320	334	327	4.23e-31	127
q00042	UniRef50_A0A069CV96	37.1	240	89	93	310	334	284	4.57e-31	126
q00042	UniRef50_A0A2U3AG65	39.7	232	92	1	231	334	409	4.93e-31	129
q00042	UniRef50_P54421	36.7	251	92	31	257	334	334	6.78e-31	127
q00042	UniRef50_A0A2T4MHI6	54.4	114	62	222	334	334	290	7.30e-31	126
q00042	UniRef50_A0A1I3XXR3	41.0	188	77	29	212	334	356	7.43e-31	127
q00042	UniRef50_UPI0024B142DB	47.8	186	89	26	207	334	461	7.44e-31	129
q00042	UniRef50_A0AAP1RTN9	52.7	110	58	225	334	334	186	7.94e-31	123
q00042	UniRef50_Q2G2J2	54.5	110	60	225	334	334	267	8.42e-31	125
q00042	UniRef50_UPI0024E18A5F	42.9	198	85	28	217	334	621	1.58e-30	130
q00042	UniRef50_UPI00289FFB66	38.6	207	80	21	214	334	498	1.58e-30	129
q00042	UniRef50_UPI0030EF1357	48.6	177	86	31	201	334	214	1.69e-30	123
q00042	UniRef50_UPI0013BE4473	42.6	230	98	21	239	334	520	1.97e-30	129
q00042	UniRef50_A0A1Q8Q9P2	43.7	190	83	19	203	334	425	2.31e-30	127
q00042	UniRef50_A0AAC9XZT8	41.7	218	91	29	234	334	654	2.49e-30	130
q00042	UniRef50_A0A2K9IW33	39.6	240	95	3	220	334	374	2.75e-30	126
q00042	UniRef50_A0A380FB55	60.5	114	69	1	113	334	138	3.03e-30	120
q00042	UniRef50_UPI000D89DC61	43.7	197	86	29	212	334	299	3.37e-30	124
q00042	UniRef50_A0A2T4PY26	51.8	114	59	222	334	334	154	3.43e-30	120
q00042	UniRef50_UPI001D0D151F	51.8	114	59	222	334	334	205	3.66e-30	122
q00042	UniRef50_A0AAD0L2P6	44.3	219	97	21	231	334	761	4.41e-30	129
q00042	UniRef50_A0A177ZI21	41.6	262	109	21	255	334	444	5.74e-30	127
q00042	UniRef50_A0A380G146	30.4	332	101	23	334	334	320	7.27e-30	124
q00042	UniRef50_A0ABD4A4T8	40.0	260	104	25	253	334	424	8.35e-30	126
q00042	UniRef50_A0A1M5UYA4	47.5	177	84	28	201	334	403	8.49e-30	125
q00042	UniRef50_A0A2U3AMK5	33.6	345	116	21	313	334	438	1.01e-29	126
q00042	UniRef50_UPI00100BF9BE	49.5	107	53	228	334	334	147	1.09e-29	119
q00042	UniRef50_A0A380HKZ2	50.0	110	55	225	334	334	155	1.37e-29	119
q00042	UniRef50_G5JFI5	83.1	83	69	1	80	334	88	1.47e-29	116
q00042	UniRef50_A0ABV6P6P8	44.1	211	93	8	211	334	637	1.49e-29	127
q00042	UniRef50_P39046	36.8	239	88	27	239	334	666	2.25e-29	127
q00043	UniRef50_Q2G0U9	100	334	334	1	334	334	334	9.56e-232	639
q00043	UniRef50_Q49UX4	69.9	335	234	1	334	334	327	3.21e-152	438
q00043	UniRef50_A0A2T4S7V7	68.3	334	228	1	334	334	322	1.39e-147	426
q00043	UniRef50_A0A2X2JZ05	97.6	169	165	2	170	334	197	2.22e-97	294
q00043	UniRef50_A0A380FCT1	64.9	185	120	113	295	334	191	6.31e-78	244
q00043	UniRef50_A0A285URP5	40.1	392	157	3	334	334	393	3.11e-73	239
q00043	UniRef50_A0A7Z7VY24	65.5	206	135	1	206	334	274	1.02e-70	229
q00043	UniRef50_Q2G0D4	47.5	242	115	93	334	334	265	8.90e-67	218
q00043	UniRef50_UPI0022E9D922	69.4	121	84	214	334	334	130	5.76e-58	191
q00043	UniRef50_A0A0M2SIN2	38.0	350	133	3	334	334	302	2.66e-57	195
q00043	UniRef50_A0A380EG33	100	82	82	116	197	334	83	4.38e-45	156
q00043	UniRef50_UPI001C532911	49.4	160	79	144	303	334	166	8.89e-43	153
q00043	UniRef50_UPI000FF66AE3	54.7	137	75	191	324	334	137	4.03e-42	150
q00043	UniRef50_UPI001430D349	62.8	145	91	1	142	334	194	2.50e-40	148
q00043	UniRef50_UPI0009F80C83	45.6	228	104	24	239	334	1040	9.93e-39	155
q00043	UniRef50_UPI0015D67110	46.9	209	98	31	223	334	356	1.15e-38	148
q00043	UniRef50_K9AEJ0	57.0	107	61	228	334	334	245	4.46e-38	144
q00043	UniRef50_UPI0005548B90	47.2	218	103	15	230	334	635	5.11e-38	151
q00043	UniRef50_UPI0011827455	48.4	215	104	24	231	334	408	8.96e-38	147
q00043	UniRef50_A0A0B5AU07	43.8	224	98	26	248	334	337	1.11e-37	145
q00043	UniRef50_A0A2T4PW02	34.7	343	119	3	334	334	292	2.09e-37	143
q00043	UniRef50_A0A0R2A7E9	50.5	198	100	24	214	334	269	2.31e-37	142
q00043	UniRef50_UPI003DA06F46	40.2	179	72	179	334	334	181	4.40e-37	139
q00043	UniRef50_A0A285N7A9	44.2	233	103	3	227	334	355	6.27e-37	144
q00043	UniRef50_W1Q4J9	44.7	206	92	29	225	334	661	7.85e-37	148
q00043	UniRef50_A0A9Q9MQ39	48.6	214	104	24	231	334	835	1.52e-36	148
q00043	UniRef50_A0A1G6IJR1	44.5	227	101	3	225	334	349	2.94e-36	142
q00043	UniRef50_A0A2K4FDJ0	34.9	332	116	23	334	334	330	5.33e-36	140
q00043	UniRef50_K9AR48	32.6	347	113	3	334	334	325	9.33e-36	140
q00043	UniRef50_UPI000411B638	31.8	337	107	3	334	334	326	9.54e-36	140
q00043	UniRef50_UPI0020404E74	44.7	179	80	162	334	334	246	1.04e-35	137
q00043	UniRef50_A0A679FEB3	48.7	197	96	24	216	334	765	1.53e-35	145
q00043	UniRef50_UPI0039E976D3	32.9	337	111	2	307	334	371	2.45e-35	140
q00043	UniRef50_A0A161RFR7	45.8	216	99	3	203	334	375	5.14e-35	139
q00043	UniRef50_A0A433RQ69	38.0	295	112	17	309	334	417	7.93e-35	139
q00043	UniRef50_A0A3Q8C8C3	44.2	226	100	28	231	334	765	1.33e-34	142
q00043	UniRef50_A0A0R1V4L0	32.9	337	111	2	307	334	561	3.83e-34	140
q00043	UniRef50_A0A380EPQ7	55.5	110	61	225	334	334	126	6.09e-34	129
q00043	UniRef50_UPI000B9DF872	39.6	250	99	27	242	334	501	9.98e-34	138
q00043	UniRef50_UPI00349FEC65	39.6	250	99	27	242	334	506	1.06e-33	138
q00043	UniRef50_O07532	35.3	306	108	28	311	334	488	1.17e-33	137
q00043	UniRef50_UPI0006882F83	46.5	202	94	4	205	334	209	1.23e-33	131
q00043	UniRef50_A0A0D1M1Q6	39.5	263	104	94	323	334	295	1.98e-33	133
q00043	UniRef50_A0A380G5E3	57.3	110	63	225	334	334	249	3.51e-33	131
q00043	UniRef50_W9AD91	42.9	226	97	2	212	334	363	4.26e-33	134
q00043	UniRef50_A0A1H1GYN3	49.5	184	91	29	207	334	518	6.09e-33	136
q00043	UniRef50_A0A7H9EIP2	45.9	194	89	28	216	334	802	7.68e-33	137
q00043	UniRef50_UPI00101CEB6D	32.5	317	103	47	334	334	417	7.93e-33	134
q00043	UniRef50_A0A0B5APY2	42.6	242	103	3	231	334	427	1.29e-32	134
q00043	UniRef50_K9ASF1	55.5	110	61	225	334	334	249	1.35e-32	129
q00043	UniRef50_A0AAU7WF00	43.6	220	96	1	218	334	241	1.55e-32	129
q00043	UniRef50_A0A3E0ASM8	31.1	344	107	3	334	334	332	1.69e-32	131
q00043	UniRef50_UPI00214C94CA	43.4	226	98	21	231	334	336	1.83e-32	131
q00043	UniRef50_UPI00288CD85F	95.7	69	66	65	133	334	69	1.89e-32	123
q00043	UniRef50_A0A848C851	46.3	218	101	25	231	334	543	2.05e-32	135
q00043	UniRef50_A0AAF1BRF0	26.2	447	117	31	334	334	464	3.04e-32	133
q00043	UniRef50_S0KP30	40.3	221	89	21	215	334	600	4.45e-32	134
q00043	UniRef50_A0A2I2A8W0	47.0	183	86	24	201	334	181	4.61e-32	126
q00043	UniRef50_A0ABS2TF69	41.1	253	104	13	251	334	472	4.66e-32	133
q00043	UniRef50_A0ABY0FL48	38.2	259	99	93	334	334	351	6.68e-32	130
q00043	UniRef50_A0A288QCB5	34.5	261	90	93	334	334	283	8.39e-32	128
q00043	UniRef50_A0A242A264	40.1	222	89	8	214	334	497	8.70e-32	132
q00043	UniRef50_UPI0028AA734A	38.2	217	83	12	214	334	375	1.04e-31	130
q00043	UniRef50_G9QM00	42.5	240	102	31	250	334	341	1.07e-31	129
q00043	UniRef50_UPI002AFFFC7F	57.0	107	61	228	334	334	219	1.82e-31	125
q00043	UniRef50_A0A9D1PMG2	40.0	215	86	23	220	334	512	2.68e-31	131
q00043	UniRef50_A0A1D4KBY7	54.5	110	60	225	334	334	248	2.72e-31	126
q00043	UniRef50_A0A4Q0AIX3	33.8	263	89	93	334	334	380	3.06e-31	129
q00043	UniRef50_A0AAN4RIU0	39.5	223	88	24	234	334	394	3.88e-31	129
q00043	UniRef50_A0A0M0G0A8	35.3	346	122	3	320	334	327	4.23e-31	127
q00043	UniRef50_A0A069CV96	37.1	240	89	93	310	334	284	4.57e-31	126
q00043	UniRef50_A0A2U3AG65	39.7	232	92	1	231	334	409	4.93e-31	129
q00043	UniRef50_P54421	36.7	251	92	31	257	334	334	6.78e-31	127
q00043	UniRef50_A0A2T4MHI6	54.4	114	62	222	334	334	290	7.30e-31	126
q00043	UniRef50_A0A1I3XXR3	41.0	188	77	29	212	334	356	7.43e-31	127
q00043	UniRef50_UPI0024B142DB	47.8	186	89	26	207	334	461	7.44e-31	129
q00043	UniRef50_A0AAP1RTN9	52.7	110	58	225	334	334	186	7.94e-31	123
q00043	UniRef50_Q2G2J2	54.5	110	60	225	334	334	267	8.42e-31	125
q00043	UniRef50_UPI0024E18A5F	42.9	198	85	28	217	334	621	1.58e-30	130
q00043	UniRef50_UPI00289FFB66	38.6	207	80	21	214	334	498	1.58e-30	129
q00043	UniRef50_UPI0030EF1357	48.6	177	86	31	201	334	214	1.69e-30	123
q00043	UniRef50_UPI0013BE4473	42.6	230	98	21	239	334	520	1.97e-30	129
q00043	UniRef50_A0A1Q8Q9P2	43.7	190	83	19	203	334	425	2.31e-30	127
q00043	UniRef50_A0AAC9XZT8	41.7	218	91	29	234	334	654	2.49e-30	130
q00043	UniRef50_A0A2K9IW33	39.6	240	95	3	220	334	374	2.75e-30	126
q00043	UniRef50_A0A380FB55	60.5	114	69	1	113	334	138	3.03e-30	120
q00043	UniRef50_UPI000D89DC61	43.7	197	86	29	212	334	299	3.37e-30	124
q00043	UniRef50_A0A2T4PY26	51.8	114	59	222	334	334	154	3.43e-30	120
q00043	UniRef50_UPI001D0D151F	51.8	114	59	222	334	334	205	3.66e-30	122
q00043	UniRef50_A0AAD0L2P6	44.3	219	97	21	231	334	761	4.41e-30	129
q00043	UniRef50_A0A177ZI21	41.6	262	109	21	255	334	444	5.74e-30	127
q00043	UniRef50_A0A380G146	30.4	332	101	23	334	334	320	7.27e-30	124
q00043	UniRef50_A0ABD4A4T8	40.0	260	104	25	253	334	424	8.35e-30	126
q00043	UniRef50_A0A1M5UYA4	47.5	177	84	28	201	334	403	8.49e-30	125
q00043	UniRef50_A0A2U3AMK5	33.6	345	116	21	313	334	438	1.01e-29	126
q00043	UniRef50_UPI00100BF9BE	49.5	107	53	228	334	334	147	1.09e-29	119
q00043	UniRef50_A0A380HKZ2	50.0	110	55	225	334	334	155	1.37e-29	119
q00043	UniRef50_G5JFI5	83.1	83	69	1	80	334	88	1.47e-29	116
q00043	UniRef50_A0ABV6P6P8	44.1	211	93	8	211	334	637	1.49e-29	127
q00043	UniRef50_P39046	36.8	239	88	27	239	334	666	2.25e-29	127
q00044	UniRef50_P80534	100	363	363	1	363	363	363	2.79e-266	729
q00044	UniRef50_P04406	86.5	362	313	2	363	363	335	8.90e-222	615
q00044	UniRef50_P00356	87.3	363	317	1	363	363	333	1.17e-221	615
q00044	UniRef50_A0A803W110	86.2	363	313	1	363	363	333	9.21e-219	608
q00044	UniRef50_A0A7J8JDN0	86.1	361	311	1	361	363	347	2.20e-218	607
q00044	UniRef50_A0A663FFB7	86.0	363	312	1	363	363	333	2.64e-218	607
q00044	UniRef50_P10096	85.1	363	309	1	363	363	333	7.55e-218	605
q00044	UniRef50_Q9N2D5	85.4	363	310	1	363	363	333	1.07e-217	605
q00044	UniRef50_A0A8D0LV37	85.6	362	310	1	362	363	374	3.44e-217	605
q00044	UniRef50_P46406	85.1	363	309	1	363	363	333	6.20e-217	603
q00044	UniRef50_Q28259	84.8	363	308	1	363	363	333	8.80e-217	603
q00044	UniRef50_P17244	84.6	363	307	1	363	363	333	7.22e-216	600
q00044	UniRef50_P04797	84.3	363	306	1	363	363	333	1.19e-214	597
q00044	UniRef50_P16858	84.0	363	305	1	363	363	333	1.39e-213	595
q00044	UniRef50_A0A7K7ICE0	85.6	355	304	9	363	363	325	2.43e-212	591
q00044	UniRef50_Q5R2J2	82.4	363	299	1	363	363	333	2.20e-210	587
q00044	UniRef50_A0A8C0T2F6	83.3	371	309	1	363	363	713	5.31e-209	598
q00044	UniRef50_Q28554	84.1	352	296	12	363	363	322	9.85e-209	582
q00044	UniRef50_A0A8U0TDJ7	81.3	369	300	1	363	363	340	3.69e-206	576
q00044	UniRef50_A0A8J6G620	82.6	363	300	1	363	363	527	3.97e-206	583
q00044	UniRef50_E9PTN6	81.8	363	297	1	363	363	333	4.05e-206	576
q00044	UniRef50_Q5XJ10	79.3	363	288	1	363	363	333	6.39e-203	568
q00044	UniRef50_A0AAW0K607	82.0	355	291	1	355	363	354	6.85e-203	568
q00044	UniRef50_A0A7J7Z3L8	81.3	363	295	1	363	363	314	1.06e-201	564
q00044	UniRef50_P51469	78.0	363	283	1	363	363	333	8.65e-201	562
q00044	UniRef50_P51640	83.9	342	287	11	352	363	312	2.31e-200	560
q00044	UniRef50_A0A9Q0XLF8	82.1	363	298	1	363	363	1182	3.49e-198	585
q00044	UniRef50_A0A672TA50	79.7	355	283	9	363	363	351	9.21e-198	555
q00044	UniRef50_A0AAU9ZJZ1	79.3	363	288	1	363	363	323	2.22e-196	551
q00044	UniRef50_B5X5Z9	76.6	363	278	1	363	363	334	1.11e-194	547
q00044	UniRef50_A0A9D3P758	79.3	363	288	1	363	363	1140	5.08e-194	573
q00044	UniRef50_A0A8C5XNV0	76.2	370	282	2	363	363	343	5.12e-193	543
q00044	UniRef50_A0A9J7HAN8	77.3	366	283	2	363	363	355	1.31e-191	540
q00044	UniRef50_A0ABD1JAD0	79.3	363	288	1	363	363	1116	1.89e-191	566
q00044	UniRef50_A0A9B0U5F3	77.4	359	278	1	359	363	363	1.17e-189	535
q00044	UniRef50_A0A8C8MBS9	76.6	355	272	9	363	363	363	2.75e-188	532
q00044	UniRef50_A0A674AZY9	76.1	355	270	9	363	363	361	7.30e-188	531
q00044	UniRef50_A0A6J2LY29	73.0	363	265	1	363	363	357	8.11e-184	520
q00044	UniRef50_A0AAW0H037	85.0	307	261	57	363	363	303	3.79e-183	516
q00044	UniRef50_A0AAW0JDE0	76.1	364	277	1	363	363	341	1.76e-181	514
q00044	UniRef50_A0A674AZX2	73.5	359	264	1	355	363	347	2.18e-181	514
q00044	UniRef50_A0A6J3JT78	70.5	363	256	1	363	363	333	6.85e-177	502
q00044	UniRef50_A0AAW0N2K8	79.0	328	259	38	363	363	817	3.78e-176	518
q00044	UniRef50_A0A2I3T1R4	74.6	362	270	2	363	363	372	2.28e-175	499
q00044	UniRef50_C4WYF8	69.1	363	251	1	363	363	332	1.27e-174	496
q00044	UniRef50_A0ABP0GFF7	72.2	360	260	1	360	363	641	1.98e-174	507
q00044	UniRef50_P07486	69.1	363	251	1	363	363	332	2.55e-174	495
q00044	UniRef50_A0A670IKX2	70.9	361	256	4	363	363	529	2.65e-173	500
q00044	UniRef50_A0AAR2L626	74.3	335	249	4	338	363	338	2.12e-172	491
q00044	UniRef50_E7EUT5	94.1	256	241	108	363	363	260	2.92e-172	487
q00044	UniRef50_A0A1A6GUE5	73.7	361	266	1	361	363	314	3.62e-172	489
q00044	UniRef50_A0A195E403	70.8	363	257	1	363	363	633	8.12e-172	500
q00044	UniRef50_A0A8U0PC51	82.3	293	241	72	363	363	317	8.12e-172	488
q00044	UniRef50_A0AAV1KUT5	70.2	363	255	1	363	363	692	1.85e-171	501
q00044	UniRef50_P17330	69.2	360	249	4	362	363	341	5.52e-171	487
q00044	UniRef50_O42259	67.0	361	242	4	363	363	335	1.04e-169	484
q00044	UniRef50_A0A4D9DJ75	70.4	361	254	4	363	363	827	1.51e-169	501
q00044	UniRef50_A0A452FIS6	72.7	363	264	1	363	363	305	5.81e-169	481
q00044	UniRef50_A0A811Z901	75.3	340	256	1	340	363	297	8.76e-169	480
q00044	UniRef50_A0A3N0Y5Q1	69.3	361	250	4	363	363	758	2.05e-167	493
q00044	UniRef50_A0A5J5CX53	73.0	345	252	1	341	363	422	2.63e-167	481
q00044	UniRef50_W5JC10	69.7	363	253	1	363	363	852	3.96e-167	496
q00044	UniRef50_A0A673AZG2	68.2	371	253	9	363	363	345	3.30e-166	475
q00044	UniRef50_P0CN74	67.0	361	242	1	360	363	339	1.53e-165	473
q00044	UniRef50_Q95YJ4	67.6	364	246	3	360	363	340	2.26e-165	473
q00044	UniRef50_P17331	68.1	360	245	4	362	363	341	3.32e-165	473
q00044	UniRef50_A0A9W2X1Q9	80.9	293	237	71	363	363	292	4.66e-165	470
q00044	UniRef50_A0A8S1DCE7	70.2	352	247	1	352	363	683	3.52e-164	483
q00044	UniRef50_A0A0D9RII8	69.1	362	250	2	363	363	330	7.42e-164	469
q00044	UniRef50_P78958	65.7	361	237	3	363	363	336	1.31e-163	468
q00044	UniRef50_Q12552	65.1	358	233	3	360	363	336	3.05e-162	465
q00044	UniRef50_P20287	67.9	358	243	3	359	363	338	3.28e-162	465
q00044	UniRef50_A0AAV3Z7F9	66.9	359	240	2	359	363	421	3.70e-162	468
q00044	UniRef50_A0A8T2BYF3	65.6	358	235	3	360	363	422	5.44e-162	468
q00044	UniRef50_A0A9P1J2R6	68.0	366	249	3	362	363	996	7.62e-162	486
q00044	UniRef50_Q9SAJ6	65.6	358	235	3	360	363	422	7.71e-162	467
q00044	UniRef50_A0A1A6GGV2	69.1	363	251	1	363	363	289	1.87e-161	461
q00044	UniRef50_A0A9Q0M3K3	68.9	363	250	1	362	363	885	1.01e-160	480
q00044	UniRef50_O13507	65.8	363	239	2	363	363	338	1.09e-160	461
q00044	UniRef50_A0A7R9BEF8	67.5	363	245	1	363	363	1004	2.91e-160	483
q00044	UniRef50_Q9UR38	64.6	362	234	2	363	363	337	2.99e-160	460
q00044	UniRef50_A0A2K6V8T1	88.2	254	224	110	363	363	260	6.23e-160	456
q00044	UniRef50_A0A8K1C619	63.9	363	232	2	361	363	341	1.99e-159	458
q00044	UniRef50_W4K205	63.6	363	231	1	363	363	336	4.75e-159	457
q00044	UniRef50_A0A7M4FVT9	69.9	339	237	4	341	363	548	8.78e-159	464
q00044	UniRef50_A0A6J1ECE5	64.6	359	232	2	360	363	337	5.71e-158	454
q00044	UniRef50_P20445	64.0	358	229	3	360	363	336	7.82e-158	454
q00044	UniRef50_A0A8C6QIL5	67.2	363	244	1	363	363	295	1.48e-157	451
q00044	UniRef50_A0A0V1HW07	66.8	365	244	3	359	363	707	1.59e-157	466
q00044	UniRef50_A0A8J6HIR4	68.5	356	244	1	356	363	1456	2.95e-157	486
q00044	UniRef50_A0A6P5JI68	64.5	361	233	4	363	363	388	3.44e-157	454
q00044	UniRef50_P34923	64.5	361	233	2	362	363	342	5.57e-157	452
q00044	UniRef50_A0A2S5B459	67.1	362	243	2	363	363	1111	9.35e-157	476
q00044	UniRef50_A0A9R1XMI1	64.2	360	231	2	360	363	335	2.50e-156	450
q00044	UniRef50_Q9C1F0	64.0	364	233	2	363	363	337	5.40e-156	449
q00044	UniRef50_A0A7D9DQ40	66.2	355	235	9	362	363	701	8.56e-156	462
q00044	UniRef50_A0AAF0JBQ0	64.2	363	233	1	363	363	579	8.94e-156	457
q00044	UniRef50_J4GGK8	69.6	313	218	51	363	363	471	1.19e-155	453
q00044	UniRef50_A0A4T0R027	66.4	363	241	1	363	363	1458	1.72e-155	481
q00044	UniRef50_P26518	63.3	362	229	2	361	363	341	3.58e-155	447
q00045	UniRef50_P10547	100	493	493	1	493	493	493	0.0	924
q00045	UniRef50_UPI0039679D1A	84.4	250	211	246	493	493	474	1.16e-150	446
q00045	UniRef50_O05156	69.7	327	228	168	493	493	362	3.05e-148	436
q00045	UniRef50_UPI003B8A8CBD	79.6	216	172	282	493	493	216	4.79e-120	358
q00045	UniRef50_A0ABF7PJH9	65.6	247	162	254	492	493	424	3.85e-103	323
q00045	UniRef50_A0A2K4FCG9	60.3	239	144	254	492	493	255	4.47e-99	306
q00045	UniRef50_UPI002274B3B9	60.7	239	145	254	492	493	447	3.85e-97	308
q00045	UniRef50_A0A2K4FAC8	56.5	269	152	226	492	493	471	1.08e-93	300
q00045	UniRef50_UPI0002432B4E	65.6	122	80	371	492	493	126	3.03e-48	170
q00045	UniRef50_UPI000050517D	83.7	92	77	402	493	493	103	4.59e-46	164
q00045	UniRef50_UPI0007092E40	58.5	135	79	254	388	493	472	2.73e-42	165
q00045	UniRef50_UPI0002432B4F	56.6	113	64	254	366	493	324	7.96e-35	141
q00045	UniRef50_UPI000D1D2593	50.0	142	71	250	389	493	497	9.20e-34	142
q00045	UniRef50_UPI0028B04D33	50.4	133	67	252	384	493	255	1.05e-33	136
q00045	UniRef50_UPI00006830AA	49.3	134	66	251	384	493	134	1.29e-33	132
q00045	UniRef50_UPI0037D4B086	67.4	92	62	401	492	493	194	3.89e-33	132
q00045	UniRef50_A0A2C6WQE4	46.9	143	67	242	384	493	353	5.23e-33	137
q00045	UniRef50_A0A239Y7Q8	49.6	131	65	254	384	493	314	2.20e-32	134
q00045	UniRef50_O33599	48.9	137	67	248	384	493	316	6.05e-32	133
q00045	UniRef50_UPI002883A0A6	64.5	93	60	401	493	493	386	6.77e-32	134
q00045	UniRef50_UPI0027E49178	58.9	95	56	401	492	493	115	3.77e-31	124
q00045	UniRef50_A0A380IX38	53.6	110	59	278	386	493	114	5.08e-31	124
q00045	UniRef50_UPI000E679182	54.7	106	58	394	492	493	141	2.18e-30	123
q00045	UniRef50_UPI0023019F55	45.9	133	61	255	386	493	315	3.90e-30	128
q00045	UniRef50_A0AAI8DKX8	57.0	107	61	394	493	493	268	4.93e-30	126
q00045	UniRef50_UPI002DBE21C2	53.3	135	72	254	384	493	769	6.19e-30	133
q00045	UniRef50_UPI003F560386	46.6	131	61	254	384	493	327	1.31e-29	127
q00045	UniRef50_A0A239TE61	49.2	130	64	255	384	493	373	1.66e-29	127
q00045	UniRef50_UPI000C336C6F	60.8	97	59	398	493	493	265	1.15e-28	122
q00045	UniRef50_UPI003D075779	59.8	92	55	401	492	493	203	1.23e-28	120
q00045	UniRef50_UPI002DBE2A74	51.9	135	70	255	384	493	1691	6.01e-28	127
q00045	UniRef50_UPI001F5463BF	52.7	112	59	255	366	493	168	8.68e-28	117
q00045	UniRef50_UPI00189CB684	50.7	134	68	255	386	493	1623	3.43e-27	125
q00045	UniRef50_UPI002982106B	51.8	139	72	248	384	493	1176	7.31e-27	124
q00045	UniRef50_UPI002DB773FB	52.6	133	70	252	384	493	926	2.75e-26	122
q00045	UniRef50_UPI0030166CBD	50.0	138	69	255	389	493	1972	5.00e-26	122
q00045	UniRef50_UPI0008F47AD9	53.7	108	58	279	386	493	1675	8.59e-26	121
q00045	UniRef50_O56788	53.5	101	54	394	492	493	467	1.10e-25	118
q00045	UniRef50_UPI003F84512B	53.6	110	59	279	388	493	923	1.58e-25	120
q00045	UniRef50_A0A240C0U6	55.4	92	51	402	493	493	282	4.91e-25	113
q00045	UniRef50_A0A380GMR8	51.9	129	67	256	384	493	2342	5.32e-25	119
q00045	UniRef50_UPI002DB6A736	49.3	134	66	255	384	493	1565	1.54e-24	117
q00045	UniRef50_UPI00194EEF80	52.8	108	57	279	386	493	1626	2.09e-24	117
q00045	UniRef50_A0AAX4J7M8	41.4	133	55	362	492	493	155	3.61e-24	107
q00045	UniRef50_A0A913YEC2	54.1	183	99	51	231	493	859	3.68e-24	115
q00045	UniRef50_A0A317YLH8	48.2	112	54	267	377	493	135	5.39e-24	105
q00045	UniRef50_UPI00119FF5D1	47.1	140	66	255	391	493	896	6.78e-24	115
q00045	UniRef50_W5RV91	54.7	106	58	393	492	493	428	3.22e-23	110
q00045	UniRef50_UPI00300383F9	54.2	96	52	400	493	493	223	3.95e-23	106
q00045	UniRef50_Q4ZD58-2	55.2	96	53	400	493	493	307	1.22e-22	107
q00045	UniRef50_UPI00287A387A	68.3	63	43	430	492	493	66	2.40e-22	99.0
q00045	UniRef50_UPI00189F5A17	47.7	107	51	277	382	493	194	2.46e-22	103
q00045	UniRef50_A0AAP8TTY0	44.4	117	52	267	382	493	194	3.37e-22	102
q00045	UniRef50_UPI00339D69F8	50.4	125	63	272	392	493	301	5.18e-22	105
q00045	UniRef50_Q4ZD58	55.2	96	53	400	493	493	486	1.10e-21	107
q00045	UniRef50_A0A921H060	42.7	164	70	244	390	493	738	3.37e-21	106
q00045	UniRef50_A0A240C8T3	43.7	135	59	252	384	493	186	3.46e-21	99.8
q00045	UniRef50_UPI001E3D71ED	45.3	128	58	267	391	493	628	6.62e-21	105
q00045	UniRef50_A0ABT4BJG7	54.2	96	52	402	493	493	184	8.49e-21	98.6
q00045	UniRef50_A0A380FJV2	46.5	129	60	259	383	493	206	1.06e-20	99.0
q00045	UniRef50_A0A9X0TMK7	54.2	96	52	402	493	493	160	2.22e-20	96.7
q00045	UniRef50_UPI0003A35762	49.5	111	55	275	385	493	995	2.35e-20	104
q00045	UniRef50_A0ABY7G4L9	37.9	206	78	49	231	493	2470	3.12e-20	104
q00045	UniRef50_A0A517JRP3	49.6	125	62	272	392	493	1159	6.00e-20	103
q00045	UniRef50_UPI000D582A52	49.6	115	57	272	384	493	302	1.01e-19	98.6
q00045	UniRef50_A0AB34AFE9	50.0	102	51	394	493	493	472	1.14e-19	100
q00045	UniRef50_A0A418JIR7	51.0	98	50	400	492	493	120	1.76e-19	92.8
q00045	UniRef50_UPI000D42152C	52.0	98	51	400	492	493	292	2.92e-19	97.1
q00045	UniRef50_A0A380EED1	49.6	115	57	272	384	493	690	4.22e-19	100
q00045	UniRef50_Q4ZDC1	53.8	104	56	393	492	493	237	4.83e-19	95.1
q00045	UniRef50_UPI00045FEC3B	47.3	112	53	388	493	493	131	6.15e-19	91.7
q00045	UniRef50_UPI000D1E213A	45.9	133	61	255	383	493	1468	6.46e-19	100
q00045	UniRef50_A0A2C6WSS7	47.6	124	59	270	392	493	1479	8.61e-19	99.8
q00045	UniRef50_UPI00044C4DA6	48.7	115	56	272	384	493	520	8.63e-19	98.6
q00045	UniRef50_UPI0030C8163E	43.7	206	90	45	234	493	2304	9.54e-19	99.8
q00045	UniRef50_UPI0021BD50BE	43.0	93	40	399	491	493	168	1.19e-18	92.0
q00045	UniRef50_UPI00155363F8	49.6	115	57	272	384	493	923	1.25e-18	99.0
q00045	UniRef50_UPI00361E3F6A	48.2	110	53	277	386	493	172	1.80e-18	91.7
q00045	UniRef50_UPI000458F2F1	48.7	115	56	272	384	493	1180	1.87e-18	98.6
q00045	UniRef50_UPI003F68EE3E	44.4	142	63	255	392	493	1497	2.03e-18	98.6
q00045	UniRef50_Q4ZCS7	48.7	115	56	272	384	493	408	2.42e-18	96.3
q00045	UniRef50_UPI001E3AC88D	49.5	99	49	400	493	493	101	2.43e-18	89.0
q00045	UniRef50_A0ABU3NMR7	51.2	86	44	279	364	493	213	2.54e-18	92.4
q00045	UniRef50_A0A517IVE0	47.8	115	55	272	384	493	410	3.31e-18	95.9
q00045	UniRef50_UPI0006D2051F	52.1	94	49	279	368	493	198	3.37e-18	91.7
q00045	UniRef50_A0A3D1JCV6	48.8	86	42	279	364	493	227	3.44e-18	92.4
q00045	UniRef50_A0A7K9	51.1	94	48	276	369	493	397	3.95e-18	95.5
q00045	UniRef50_A0A8E5K884	47.3	112	53	388	493	493	210	6.04e-18	91.3
q00045	UniRef50_A0A8C7KU64	38.8	196	76	51	246	493	272	6.05e-18	92.8
q00045	UniRef50_UPI001A98000E	44.0	116	51	277	392	493	1100	7.57e-18	96.7
q00045	UniRef50_UPI00338DB991	41.6	125	52	252	372	493	184	8.44e-18	90.1
q00045	UniRef50_UPI00295B16AA	40.6	175	71	57	231	493	1008	9.66e-18	96.3
q00045	UniRef50_B8QIR1	53.8	104	56	393	492	493	481	9.83e-18	95.1
q00045	UniRef50_V5R8R0	45.2	115	52	277	391	493	1208	1.05e-17	96.3
q00045	UniRef50_A0ABU9WZB6	44.9	118	53	265	382	493	242	1.61e-17	90.9
q00045	UniRef50_UPI00197AA54A	43.1	116	50	277	392	493	1257	1.88e-17	95.5
q00045	UniRef50_A0A2S3ZTS1	45.4	119	54	265	382	493	276	2.21e-17	91.3
q00045	UniRef50_UPI0032E8568D	50.0	110	55	388	492	493	392	2.25e-17	93.2
q00045	UniRef50_UPI0037A2F788	45.1	113	51	277	386	493	115	2.37e-17	86.7
q00045	UniRef50_UPI00343247F1	43.2	111	48	277	386	493	179	2.61e-17	88.6
q00046	UniRef50_P10547	96.8	493	477	1	480	480	493	0.0	890
q00046	UniRef50_UPI0039679D1A	84.0	250	210	233	480	480	474	1.47e-150	445
q00046	UniRef50_O05156	69.7	327	228	155	480	480	362	1.36e-148	436
q00046	UniRef50_UPI003B8A8CBD	79.6	216	172	269	480	480	216	1.55e-120	359
q00046	UniRef50_A0ABF7PJH9	65.2	247	161	241	479	480	424	5.09e-103	322
q00046	UniRef50_A0A2K4FCG9	60.3	239	144	241	479	480	255	4.23e-99	306
q00046	UniRef50_UPI002274B3B9	60.7	239	145	241	479	480	447	3.62e-97	308
q00046	UniRef50_A0A2K4FAC8	56.1	269	151	213	479	480	471	1.44e-93	299
q00046	UniRef50_UPI0002432B4E	65.6	122	80	358	479	480	126	2.33e-48	170
q00046	UniRef50_UPI000050517D	83.7	92	77	389	480	480	103	3.57e-46	164
q00046	UniRef50_UPI0007092E40	58.5	135	79	241	375	480	472	2.93e-42	164
q00046	UniRef50_UPI0002432B4F	56.6	113	64	241	353	480	324	9.01e-35	140
q00046	UniRef50_UPI0028B04D33	50.4	133	67	239	371	480	255	4.52e-34	137
q00046	UniRef50_UPI00006830AA	49.3	134	66	238	371	480	134	5.59e-34	132
q00046	UniRef50_UPI000D1D2593	49.3	142	70	237	376	480	497	1.41e-33	141
q00046	UniRef50_A0A2C6WQE4	46.9	143	67	229	371	480	353	2.26e-33	137
q00046	UniRef50_UPI0037D4B086	67.4	92	62	388	479	480	194	3.25e-33	132
q00046	UniRef50_A0A239Y7Q8	49.6	131	65	241	371	480	314	9.53e-33	135
q00046	UniRef50_O33599	48.9	137	67	235	371	480	316	2.64e-32	134
q00046	UniRef50_UPI002883A0A6	64.5	93	60	388	480	480	386	5.62e-32	134
q00046	UniRef50_UPI0027E49178	58.9	95	56	388	479	480	115	3.22e-31	124
q00046	UniRef50_A0A380IX38	52.7	110	58	265	373	480	114	8.39e-31	123
q00046	UniRef50_UPI000E679182	54.7	106	58	381	479	480	141	1.87e-30	123
q00046	UniRef50_UPI0023019F55	45.9	133	61	242	373	480	315	2.39e-30	128
q00046	UniRef50_A0AAI8DKX8	57.0	107	61	381	480	480	268	4.18e-30	126
q00046	UniRef50_UPI002DBE21C2	53.3	135	72	241	371	480	769	5.09e-30	133
q00046	UniRef50_UPI003F560386	46.6	131	61	241	371	480	327	5.83e-30	127
q00046	UniRef50_A0A239TE61	49.2	130	64	242	371	480	373	7.40e-30	128
q00046	UniRef50_UPI000C336C6F	60.8	97	59	385	480	480	265	9.89e-29	122
q00046	UniRef50_UPI003D075779	59.8	92	55	388	479	480	203	1.06e-28	120
q00046	UniRef50_UPI001F5463BF	52.7	112	59	242	353	480	168	3.95e-28	118
q00046	UniRef50_UPI002DBE2A74	51.9	135	70	242	371	480	1691	4.92e-28	127
q00046	UniRef50_UPI00189CB684	50.7	134	68	242	373	480	1623	2.83e-27	125
q00046	UniRef50_UPI002982106B	51.8	139	72	235	371	480	1176	6.06e-27	124
q00046	UniRef50_UPI002DB773FB	52.6	133	70	239	371	480	926	2.30e-26	122
q00046	UniRef50_UPI0030166CBD	50.0	138	69	242	376	480	1972	3.10e-26	122
q00046	UniRef50_UPI0008F47AD9	53.7	108	58	266	373	480	1675	3.98e-26	122
q00046	UniRef50_UPI003F84512B	53.6	110	59	266	375	480	923	7.40e-26	120
q00046	UniRef50_O56788	53.5	101	54	381	479	480	467	9.46e-26	118
q00046	UniRef50_A0A240C0U6	55.4	92	51	389	480	480	282	4.32e-25	113
q00046	UniRef50_A0A380GMR8	51.9	129	67	243	371	480	2342	4.44e-25	119
q00046	UniRef50_UPI00194EEF80	52.8	108	57	266	373	480	1626	9.79e-25	117
q00046	UniRef50_UPI002DB6A736	49.3	134	66	242	371	480	1565	1.30e-24	117
q00046	UniRef50_A0AAX4J7M8	41.4	133	55	349	479	480	155	3.25e-24	107
q00046	UniRef50_A0A317YLH8	48.2	112	54	254	364	480	135	4.87e-24	105
q00046	UniRef50_UPI00119FF5D1	47.1	140	66	242	378	480	896	5.78e-24	115
q00046	UniRef50_W5RV91	54.7	106	58	380	479	480	428	2.84e-23	110
q00046	UniRef50_UPI00300383F9	54.2	96	52	387	480	480	223	3.55e-23	106
q00046	UniRef50_Q4ZD58-2	55.2	96	53	387	480	480	307	1.09e-22	107
q00046	UniRef50_A0A913YEC2	53.3	180	96	51	228	480	859	1.37e-22	110
q00046	UniRef50_UPI00287A387A	68.3	63	43	417	479	480	66	2.22e-22	99.0
q00046	UniRef50_UPI00189F5A17	47.7	107	51	264	369	480	194	2.23e-22	103
q00046	UniRef50_A0AAP8TTY0	44.4	117	52	254	369	480	194	3.07e-22	102
q00046	UniRef50_UPI00339D69F8	50.4	125	63	259	379	480	301	4.66e-22	105
q00046	UniRef50_Q4ZD58	55.2	96	53	387	480	480	486	9.77e-22	107
q00046	UniRef50_A0A240C8T3	43.7	135	59	239	371	480	186	2.31e-21	100
q00046	UniRef50_A0A921H060	42.7	164	70	231	377	480	738	2.95e-21	106
q00046	UniRef50_UPI001E3D71ED	45.3	128	58	254	378	480	628	5.84e-21	105
q00046	UniRef50_A0ABT4BJG7	54.2	96	52	389	480	480	184	7.82e-21	98.6
q00046	UniRef50_A0A380FJV2	46.5	129	60	246	370	480	206	9.75e-21	99.0
q00046	UniRef50_UPI0003A35762	49.5	111	55	262	372	480	995	1.15e-20	105
q00046	UniRef50_A0A9X0TMK7	54.2	96	52	389	480	480	160	2.05e-20	96.7
q00046	UniRef50_A0A517JRP3	49.6	125	62	259	379	480	1159	5.24e-20	103
q00046	UniRef50_UPI000D582A52	49.6	115	57	259	371	480	302	9.27e-20	98.6
q00046	UniRef50_A0AB34AFE9	50.0	102	51	381	480	480	472	1.03e-19	100
q00046	UniRef50_A0A418JIR7	51.0	98	50	387	479	480	120	1.65e-19	92.8
q00046	UniRef50_A0A2C6WSS7	47.6	124	59	257	379	480	1479	2.40e-19	101
q00046	UniRef50_UPI000D42152C	52.0	98	51	387	479	480	292	2.69e-19	97.1
q00046	UniRef50_A0A380EED1	49.6	115	57	259	371	480	690	3.75e-19	100
q00046	UniRef50_Q4ZDC1	53.8	104	56	380	479	480	237	4.47e-19	95.1
q00046	UniRef50_UPI000D1E213A	45.9	133	61	242	370	480	1468	5.67e-19	100
q00046	UniRef50_UPI00045FEC3B	47.3	112	53	375	480	480	131	5.77e-19	91.7
q00046	UniRef50_UPI00044C4DA6	48.7	115	56	259	371	480	520	7.79e-19	98.6
q00046	UniRef50_UPI00361E3F6A	48.2	110	53	264	373	480	172	9.01e-19	92.4
q00046	UniRef50_UPI00155363F8	49.6	115	57	259	371	480	923	1.10e-18	99.0
q00046	UniRef50_UPI0021BD50BE	43.0	93	40	386	478	480	168	1.12e-18	92.0
q00046	UniRef50_A0ABU3NMR7	51.2	86	44	266	351	480	213	1.27e-18	93.2
q00046	UniRef50_A0ABY7G4L9	35.3	218	77	30	232	480	2470	1.50e-18	99.0
q00046	UniRef50_UPI000458F2F1	48.7	115	56	259	371	480	1180	1.65e-18	98.6
q00046	UniRef50_UPI0006D2051F	52.1	94	49	266	355	480	198	1.69e-18	92.4
q00046	UniRef50_A0A3D1JCV6	48.8	86	42	266	351	480	227	1.72e-18	93.2
q00046	UniRef50_UPI003F68EE3E	44.4	142	63	242	379	480	1497	1.79e-18	98.6
q00046	UniRef50_Q4ZCS7	48.7	115	56	259	371	480	408	2.21e-18	96.3
q00046	UniRef50_UPI001E3AC88D	49.5	99	49	387	480	480	101	2.30e-18	89.0
q00046	UniRef50_A0A517IVE0	47.8	115	55	259	371	480	410	3.04e-18	95.9
q00046	UniRef50_UPI001A98000E	44.0	116	51	264	379	480	1100	5.05e-18	97.1
q00046	UniRef50_A0A8E5K884	47.3	112	53	375	480	480	210	5.66e-18	91.3
q00046	UniRef50_A0A7K9	50.0	94	47	263	356	480	397	6.59e-18	94.7
q00046	UniRef50_V5R8R0	45.2	115	52	264	378	480	1208	6.98e-18	96.7
q00046	UniRef50_A0A2M7CID4	52.5	101	53	260	355	480	379	7.44e-18	94.4
q00046	UniRef50_UPI00338DB991	41.6	125	52	239	359	480	184	7.93e-18	90.1
q00046	UniRef50_A0ABU9WZB6	44.9	118	53	252	369	480	242	8.11e-18	91.7
q00046	UniRef50_B8QIR1	53.8	104	56	380	479	480	481	8.96e-18	95.1
q00046	UniRef50_UPI0037A2F788	45.1	113	51	264	373	480	115	1.20e-17	87.4
q00046	UniRef50_UPI00197AA54A	43.1	116	50	264	379	480	1257	1.25e-17	95.9
q00046	UniRef50_UPI00343247F1	43.2	111	48	264	373	480	179	1.32e-17	89.4
q00046	UniRef50_UPI0032E8568D	50.0	110	55	375	479	480	392	2.07e-17	93.2
q00046	UniRef50_A0A7L6B7F7	43.2	111	48	263	373	480	259	2.08e-17	90.9
q00046	UniRef50_A0ABS4NB11	44.6	121	54	251	371	480	568	2.22e-17	94.4
q00046	UniRef50_A0A239MHG9	48.2	110	53	266	373	480	237	2.53e-17	90.1
q00047	UniRef50_Q4WA45	100	450	450	1	450	450	450	0.0	872
q00047	UniRef50_B0YEV0	98.6	349	344	1	349	450	355	2.62e-232	647
q00047	UniRef50_P46076	57.5	353	203	1	349	450	352	3.32e-134	398
q00047	UniRef50_A0A9W9EK52	56.1	319	179	27	343	450	354	1.05e-112	343
q00047	UniRef50_B8NWE1	60.0	275	165	76	349	450	284	1.00e-105	323
q00047	UniRef50_A0A9W9TXY3	52.3	323	169	25	345	450	375	7.40e-102	316
q00047	UniRef50_A0A395GKF5	51.0	345	176	10	349	450	351	2.73e-101	314
q00047	UniRef50_A0A2B7YVV1	50.0	324	162	27	346	450	367	5.85e-99	308
q00047	UniRef50_A0A1L9VWE0	49.0	345	169	16	349	450	358	1.62e-90	286
q00047	UniRef50_C1G1N6	46.9	326	153	27	349	450	358	2.89e-88	281
q00047	UniRef50_A0A074Y5D4	45.7	337	154	17	349	450	355	1.04e-84	271
q00047	UniRef50_A0A1J9RPU0	45.2	352	159	1	349	450	350	2.81e-83	268
q00047	UniRef50_A0A074X7P7	46.4	338	157	17	349	450	356	3.38e-83	268
q00047	UniRef50_A0A4S9VFN0	47.4	331	157	23	349	450	707	1.64e-82	276
q00047	UniRef50_A7F811	47.0	330	155	27	349	450	360	4.76e-81	262
q00047	UniRef50_A0A0G2E3A8	44.9	354	159	6	349	450	357	6.13e-81	262
q00047	UniRef50_A0A1D2JPF5	47.6	319	152	27	342	450	1322	1.42e-79	277
q00047	UniRef50_A0A139H839	44.1	354	156	1	343	450	365	1.73e-79	258
q00047	UniRef50_C0IPP1	43.2	361	156	1	349	450	360	2.33e-78	255
q00047	UniRef50_U1HZR6	44.2	326	144	27	349	450	360	1.84e-77	253
q00047	UniRef50_C5P3T4	42.6	331	141	18	346	450	363	1.94e-74	245
q00047	UniRef50_A0A0H4LUM0	42.7	347	148	8	349	450	347	1.33e-73	243
q00047	UniRef50_A0A6A7BBG8	45.3	327	148	27	347	450	515	4.31e-73	246
q00047	UniRef50_A0A2V1E3V2	43.9	335	147	21	349	450	347	5.27e-73	241
q00047	UniRef50_W2SCL3	42.2	325	137	27	349	450	355	9.41e-73	241
q00047	UniRef50_C5PE18	40.4	356	144	1	348	450	355	1.87e-72	240
q00047	UniRef50_UPI001D0458F7	40.8	368	150	8	349	450	374	9.09e-72	239
q00047	UniRef50_A0A9W4XKW8	42.6	329	140	27	349	450	350	1.78e-71	237
q00047	UniRef50_A0A6G1GC24	41.8	337	141	25	349	450	367	1.62e-70	235
q00047	UniRef50_A0A9P6KU30	44.0	327	144	27	347	450	361	2.70e-70	234
q00047	UniRef50_A0AAI8YI98	43.0	330	142	23	349	450	342	3.08e-70	234
q00047	UniRef50_A0A6G1HPW2	40.9	330	135	24	349	450	359	1.21e-67	228
q00047	UniRef50_A0A1B8GPZ2	41.0	344	141	27	349	450	369	1.61e-67	228
q00047	UniRef50_A0ACB8URA5	40.7	329	134	27	349	450	356	6.14e-67	226
q00047	UniRef50_A0A177CMI1	40.5	353	143	1	349	450	345	1.76e-66	224
q00047	UniRef50_A0A0G2DS25	42.0	350	147	14	349	450	366	1.76e-65	222
q00047	UniRef50_Q0V1D7	41.1	355	146	1	349	450	354	3.50e-65	221
q00047	UniRef50_A0A1S8BFS5	41.5	354	147	14	353	450	545	5.58e-64	223
q00047	UniRef50_M3A9F9	39.4	350	138	3	343	450	356	1.58e-63	217
q00047	UniRef50_A0A1V6XAL2	44.3	309	137	41	349	450	868	2.75e-63	228
q00047	UniRef50_E3QWD3	38.2	327	125	27	349	450	351	7.56e-63	215
q00047	UniRef50_A0A3N4LBN3	37.5	336	126	36	358	450	378	1.14e-62	215
q00047	UniRef50_A0AB34FZI2	38.3	339	130	12	347	450	591	1.52e-62	221
q00047	UniRef50_A0AB34KPN2	40.3	325	131	29	349	450	358	2.56e-62	214
q00047	UniRef50_A0AAI8Z8M4	38.3	332	127	27	349	450	362	4.02e-62	213
q00047	UniRef50_F7W495	39.3	328	129	27	349	450	351	8.22e-62	212
q00047	UniRef50_C5JHY1	37.4	342	128	23	349	450	366	8.86e-62	213
q00047	UniRef50_A0ACC2IVB5	41.3	327	135	27	347	450	772	1.13e-61	222
q00047	UniRef50_A0A177D4J4	41.2	330	136	27	349	450	357	3.79e-61	211
q00047	UniRef50_A0A6A6EYG7	48.2	257	124	99	349	450	268	6.16e-61	207
q00047	UniRef50_A0AB34FI36	37.7	329	124	27	349	450	368	1.54e-59	207
q00047	UniRef50_A0ABR3TT66	42.8	278	119	76	349	450	277	2.69e-58	201
q00047	UniRef50_A0A507BJR6	39.8	334	133	27	350	450	375	5.51e-58	203
q00047	UniRef50_A0A8H7KAR6	36.1	330	119	27	353	450	433	1.22e-57	204
q00047	UniRef50_A0A2P5I3M5	36.5	359	131	1	349	450	353	4.62e-57	200
q00047	UniRef50_A0A2U3DZQ9	39.5	314	124	27	336	450	585	3.08e-56	204
q00047	UniRef50_A0A3M6VYL7	63.0	162	102	189	349	450	162	5.40e-56	191
q00047	UniRef50_A0A8H4REB0	40.2	331	133	23	345	450	795	8.69e-56	206
q00047	UniRef50_G3JGX7	39.2	334	131	29	349	450	361	1.38e-53	191
q00047	UniRef50_M7SBJ9	34.3	367	126	1	349	450	365	2.14e-53	191
q00047	UniRef50_A0A8H5QAX5	37.3	359	134	11	355	450	691	2.24e-53	198
q00047	UniRef50_D4D7X4	36.2	362	131	1	347	450	379	6.00e-53	190
q00047	UniRef50_UPI0020C59520	41.7	290	121	64	349	450	286	2.03e-52	186
q00047	UniRef50_A0A6A6UG35	35.2	335	118	27	349	450	370	2.58e-52	188
q00047	UniRef50_A0A7C8MRM6	35.8	352	126	1	347	450	786	4.20e-51	193
q00047	UniRef50_A0A2I2FRJ3	37.1	356	132	27	377	450	515	2.47e-50	186
q00047	UniRef50_C5PIJ9	35.5	355	126	1	342	450	412	1.10e-49	182
q00047	UniRef50_A0ACC4E3K2	36.5	326	119	27	349	450	317	1.51e-49	179
q00047	UniRef50_A0A9P4NX92	35.4	333	118	25	347	450	380	1.97e-49	181
q00047	UniRef50_G3JDS2	35.4	336	119	27	349	450	360	2.35e-49	180
q00047	UniRef50_A0A6G1HZK9	33.7	326	110	27	348	450	351	2.62e-49	179
q00047	UniRef50_A0ACC1N5X2	36.2	334	121	27	349	450	345	6.18e-49	178
q00047	UniRef50_A0A0D9NPJ4	38.9	275	107	81	349	450	272	1.80e-48	175
q00047	UniRef50_A0ABR1YKD1	35.0	331	116	27	349	450	356	4.38e-48	176
q00047	UniRef50_A0A9P5HHU0	35.6	329	117	27	349	450	352	1.13e-46	172
q00047	UniRef50_A0A3D8RZ94	36.6	333	122	25	349	450	503	5.45e-46	174
q00047	UniRef50_A0AAE0WPC5	36.1	305	110	23	322	450	325	6.00e-46	170
q00047	UniRef50_A0A0L1J722	34.4	346	119	27	366	450	412	1.25e-45	171
q00047	UniRef50_UPI003CCE07E4	34.4	340	117	18	349	450	557	1.87e-45	174
q00047	UniRef50_A0ABR4IK35	36.2	329	119	25	349	450	565	2.93e-45	174
q00047	UniRef50_W3WQD3	33.1	329	109	27	349	450	355	4.84e-45	168
q00047	UniRef50_Q5B671	34.9	393	137	28	410	450	570	6.04e-45	173
q00047	UniRef50_Q0CDX5	36.4	332	121	27	349	450	576	1.74e-44	172
q00047	UniRef50_A0A1L9TZA5	34.3	335	115	18	349	450	326	2.46e-44	166
q00047	UniRef50_A0A9N9UI41	37.2	328	122	27	349	450	335	4.30e-44	165
q00047	UniRef50_A0A1F7ZTD0	34.9	344	120	27	366	450	557	6.68e-44	170
q00047	UniRef50_A0A6A6VUY5	33.9	333	113	20	349	450	343	7.31e-44	165
q00047	UniRef50_A0A179FEZ5	33.4	335	112	17	349	450	436	2.13e-43	166
q00047	UniRef50_A0A0G4LRL0	34.6	344	119	1	336	450	2674	5.21e-43	171
q00047	UniRef50_A0A010R8L4	35.7	325	116	27	345	450	357	7.55e-43	162
q00047	UniRef50_A0A545W0B8	33.7	332	112	27	349	450	670	9.65e-43	168
q00047	UniRef50_A0A179F0R5	35.0	329	115	25	349	450	347	1.16e-42	162
q00047	UniRef50_A0A1L9PBH8	34.0	335	114	18	349	450	719	3.79e-42	167
q00047	UniRef50_A0A1V8T1I2	40.7	275	112	2	271	450	280	4.32e-42	158
q00047	UniRef50_A0A9P6HV32	34.3	329	113	27	347	450	377	8.73e-42	160
q00047	UniRef50_A0A4Z1P551	32.6	331	108	27	351	450	355	1.43e-41	159
q00047	UniRef50_A0A2D3VHY7	32.7	330	108	27	349	450	336	1.78e-41	158
q00047	UniRef50_A0A9W9D0G2	31.8	362	115	27	343	450	394	2.45e-41	159
q00047	UniRef50_A0A9W8NKT2	33.1	347	115	1	339	450	660	3.92e-41	164
q00047	UniRef50_A0A5N6E7U9	34.4	326	112	27	349	450	491	4.15e-41	161
