triplet_id	top_rank	sequence_id	source	position_1based	sequence_length	position_norm	activation_z	k3	k5	context
T001	1	random_UniRef50_A0ABQ8T343	random_uniref50	87	92	0.940217	88.3623	NNN	NNNNN	NNNNN
T001	2	random_UniRef50_A0ABQ8T343	random_uniref50	86	92	0.929348	86.2149	NNN	NNNNN	NNNNN
T001	3	random_UniRef50_A0ABQ8T343	random_uniref50	85	92	0.918478	85.0649	NNN	NNNNN	NNNNN
T001	4	random_UniRef50_A0ABQ8T343	random_uniref50	88	92	0.951087	81.5195	NNN	NNNND	NNNND
T001	5	random_UniRef50_A0ABQ8T343	random_uniref50	84	92	0.907609	80.3523	NNN	NNNNN	NNNNN
T001	6	random_UniRef50_A0ABQ8T343	random_uniref50	89	92	0.961957	78.3411	NND	NNNDL	NNNDL
T001	7	random_UniRef50_A0ABQ8T343	random_uniref50	83	92	0.896739	71.1163	NNN	NNNNN	NNNNN
T001	8	random_UniRef50_A0ABQ8T343	random_uniref50	82	92	0.88587	61.9183	NNN	NNNNN	NNNNN
T001	9	Q285L8	swissprot_n1	22	261	0.0823755	55.0566	ADP	AADPY	AADPY
T001	10	random_UniRef50_A0ABQ8T343	random_uniref50	81	92	0.875	43.5125	NNN	NNNNN	NNNNN
T001	11	random_UniRef50_A0ABQ8T343	random_uniref50	80	92	0.86413	33.9851	NNN	NNNNN	NNNNN
T001	12	random_UniRef50_A0ABQ8T343	random_uniref50	90	92	0.972826	32.1904	NDL	NNDLF	NNDLF
T001	13	Q285L8	swissprot_n1	17	261	0.0632184	30.2824	GKK	GGKKK	GGKKK
T001	14	B4SWP7	swissprot_n1	16	375	0.0413333	28.4121	GRL	RGRLV	RGRLV
T001	15	random_UniRef50_A0ABQ8T343	random_uniref50	79	92	0.853261	28.0447	NNN	NNNNN	NNNNN
T001	16	random_UniRef50_A0ABQ8T343	random_uniref50	91	92	0.983696	24.3591	DLF	edge	NDLF
T001	17	random_UniRef50_A0ABQ8T343	random_uniref50	78	92	0.842391	19.4928	NNN	NNNNN	NNNNN
T001	18	Q9LE63	swissprot_n1	244	345	0.705797	17.7007	NNE	NNNES	NNNES
T001	19	A6W1T9	swissprot_n1	6	120	0.0458333	15.3402	TKL	KTKLI	KTKLI
T001	20	random_UniRef50_A0ABQ8T343	random_uniref50	77	92	0.831522	12.4487	NNN	NNNNN	NNNNN
T001	21	Q1MQ79	swissprot_n1	72	209	0.342105	12.03	SPG	NSPGG	NSPGG
T001	22	Q1MQ79	swissprot_n1	69	209	0.327751	12.03	YIN	LYINS	LYINS
T001	23	Q1MQ79	swissprot_n1	68	209	0.322967	12.03	LYI	YLYIN	YLYIN
T001	24	Q1MQ79	swissprot_n1	70	209	0.332536	12.03	INS	YINSP	YINSP
T001	25	Q1MQ79	swissprot_n1	71	209	0.337321	12.03	NSP	INSPG	INSPG
T001	26	Q1MQ79	swissprot_n1	73	209	0.34689	12.03	PGG	SPGGS	SPGGS
T001	27	Q1MQ79	swissprot_n1	74	209	0.351675	12.03	GGS	PGGSV	PGGSV
T001	28	Q1MQ79	swissprot_n1	75	209	0.356459	12.03	GSV	GGSVT	GGSVT
T001	29	random_UniRef50_A0ABQ8T343	random_uniref50	92	92	0.994565	11.2732	edge	edge	DLF
T001	30	Q9LE63	swissprot_n1	245	345	0.708696	11.1475	NES	NNESS	NNESS
T001	31	Q9LE63	swissprot_n1	246	345	0.711594	10.7578	ESS	NESSA	NESSA
T001	32	Q9LE63	swissprot_n1	243	345	0.702899	10.155	NNN	NNNNE	NNNNE
T001	33	A9HYZ1	swissprot_n1	91	319	0.283699	9.75925	EVD	TEVDA	TEVDA
T001	34	A9HYZ1	swissprot_n1	93	319	0.289969	9.75925	DAR	VDARL	VDARL
T001	35	A9HYZ1	swissprot_n1	90	319	0.280564	9.75925	TEV	STEVD	STEVD
T001	36	A9HYZ1	swissprot_n1	92	319	0.286834	9.75925	VDA	EVDAR	EVDAR
T001	37	A9HYZ1	swissprot_n1	95	319	0.296238	9.75925	RLS	ARLSF	ARLSF
T001	38	A9HYZ1	swissprot_n1	96	319	0.299373	9.75925	LSF	RLSFD	RLSFD
T001	39	A9HYZ1	swissprot_n1	94	319	0.293103	9.75925	ARL	DARLS	DARLS
T001	40	A9HYZ1	swissprot_n1	89	319	0.277429	9.75925	STE	VSTEV	VSTEV
T001	41	Q49WE5	swissprot_n1	12	398	0.0288945	8.7823	SNK	NSNKN	NSNKN
T001	42	Q49WE5	swissprot_n1	14	398	0.0339196	8.73029	KNF	NKNFI	NKNFI
T001	43	B5R6X5	swissprot_n1	101	288	0.348958	8.71223	PLP	LPLPA	LPLPA
T001	44	B5R6X5	swissprot_n1	98	288	0.338542	8.71223	VQL	LVQLP	LVQLP
T001	45	B5R6X5	swissprot_n1	96	288	0.331597	8.71223	ILV	GILVQ	GILVQ
T001	46	B5R6X5	swissprot_n1	102	288	0.352431	8.71223	LPA	PLPAG	PLPAG
T001	47	B5R6X5	swissprot_n1	95	288	0.328125	8.71223	GIL	DGILV	DGILV
T001	48	B5R6X5	swissprot_n1	100	288	0.345486	8.71223	LPL	QLPLP	QLPLP
T001	49	B5R6X5	swissprot_n1	99	288	0.342014	8.71223	QLP	VQLPL	VQLPL
T001	50	B5R6X5	swissprot_n1	97	288	0.335069	8.71223	LVQ	ILVQL	ILVQL
T001	51	A2T309	swissprot_n1	29	353	0.0807365	8.6263	LYI	RLYIG	RLYIG
T001	52	A2T309	swissprot_n1	28	353	0.0779037	8.6263	RLY	NRLYI	NRLYI
T001	53	A2T309	swissprot_n1	24	353	0.0665722	8.6263	STE	TSTEN	TSTEN
T001	54	A2T309	swissprot_n1	25	353	0.0694051	8.6263	TEN	STENR	STENR
T001	55	A2T309	swissprot_n1	31	353	0.0864023	8.6263	IGW	YIGWF	YIGWF
T001	56	A2T309	swissprot_n1	30	353	0.0835694	8.6263	YIG	LYIGW	LYIGW
T001	57	A2T309	swissprot_n1	26	353	0.072238	8.6263	ENR	TENRL	TENRL
T001	58	A2T309	swissprot_n1	27	353	0.0750708	8.6263	NRL	ENRLY	ENRLY
T001	59	Q2YTM0	swissprot_n1	135	154	0.873377	8.55967	KGA	NKGAE	NKGAE
T001	60	Q2YTM0	swissprot_n1	134	154	0.866883	8.55967	NKG	GNKGA	GNKGA
T001	61	Q2YTM0	swissprot_n1	130	154	0.840909	8.55967	TKA	GTKAG	GTKAG
T001	62	Q2YTM0	swissprot_n1	129	154	0.834416	8.55967	GTK	AGTKA	AGTKA
T001	63	Q2YTM0	swissprot_n1	132	154	0.853896	8.55967	AGN	KAGNK	KAGNK
T001	64	Q2YTM0	swissprot_n1	133	154	0.86039	8.55967	GNK	AGNKG	AGNKG
T001	65	Q2YTM0	swissprot_n1	131	154	0.847403	8.55967	KAG	TKAGN	TKAGN
T001	66	Q285L8	swissprot_n1	18	261	0.0670498	8.01703	KKK	GKKKA	GKKKA
T001	67	Q7WCU9	swissprot_n1	72	102	0.70098	7.66309	AAA	VAAAE	VAAAE
T001	68	Q7WCU9	swissprot_n1	75	102	0.730392	7.66309	EAA	AEAAI	AEAAI
T001	69	Q7WCU9	swissprot_n1	74	102	0.720588	7.66309	AEA	AAEAA	AAEAA
T001	70	Q7WCU9	swissprot_n1	76	102	0.740196	7.66309	AAI	EAAIG	EAAIG
T001	71	Q7WCU9	swissprot_n1	73	102	0.710784	7.66309	AAE	AAAEA	AAAEA
T001	72	Q7WCU9	swissprot_n1	77	102	0.75	7.66309	AIG	AAIGL	AAIGL
T001	73	Q7WCU9	swissprot_n1	78	102	0.759804	7.66309	IGL	AIGLA	AIGLA
T001	74	Q7WCU9	swissprot_n1	79	102	0.769608	7.66309	GLA	IGLAI	IGLAI
T001	75	Q7WCU9	swissprot_n1	71	102	0.691176	7.66309	VAA	TVAAA	TVAAA
T001	76	A2T309	swissprot_n1	32	353	0.0892351	7.49572	GWF	IGWFG	IGWFG
T001	77	A2T309	swissprot_n1	33	353	0.092068	7.49572	WFG	GWFGV	GWFGV
T001	78	A2T309	swissprot_n1	39	353	0.109065	7.49572	IPT	MIPTL	MIPTL
T001	79	A2T309	swissprot_n1	35	353	0.0977337	7.49572	GVL	FGVLM	FGVLM
T001	80	A2T309	swissprot_n1	40	353	0.111898	7.49572	PTL	IPTLL	IPTLL
T001	81	A2T309	swissprot_n1	34	353	0.0949008	7.49572	FGV	WFGVL	WFGVL
T001	82	A2T309	swissprot_n1	36	353	0.100567	7.49572	VLM	GVLMI	GVLMI
T001	83	A2T309	swissprot_n1	37	353	0.103399	7.49572	LMI	VLMIP	VLMIP
T001	84	A2T309	swissprot_n1	38	353	0.106232	7.49572	MIP	LMIPT	LMIPT
T001	85	A2T309	swissprot_n1	41	353	0.114731	7.49572	TLL	PTLLT	PTLLT
T001	86	A2T309	swissprot_n1	42	353	0.117564	7.49572	LLT	TLLTA	TLLTA
T001	87	B4SWP7	swissprot_n1	86	375	0.228	7.44003	PIL	GPILT	GPILT
T001	88	B4SWP7	swissprot_n1	96	375	0.254667	7.44003	VFS	QVFSL	QVFSL
T001	89	B4SWP7	swissprot_n1	89	375	0.236	7.44003	TDS	LTDSG	LTDSG
T001	90	B4SWP7	swissprot_n1	95	375	0.252	7.44003	QVF	FQVFS	FQVFS
T001	91	B4SWP7	swissprot_n1	91	375	0.241333	7.44003	SGG	DSGGF	DSGGF
T001	92	B4SWP7	swissprot_n1	85	375	0.225333	7.44003	GPI	KGPIL	KGPIL
T001	93	B4SWP7	swissprot_n1	87	375	0.230667	7.44003	ILT	PILTD	PILTD
T001	94	B4SWP7	swissprot_n1	88	375	0.233333	7.44003	LTD	ILTDS	ILTDS
T001	95	B4SWP7	swissprot_n1	93	375	0.246667	7.44003	GFQ	GGFQV	GGFQV
T001	96	B4SWP7	swissprot_n1	92	375	0.244	7.44003	GGF	SGGFQ	SGGFQ
T001	97	B4SWP7	swissprot_n1	94	375	0.249333	7.44003	FQV	GFQVF	GFQVF
T001	98	B4SWP7	swissprot_n1	90	375	0.238667	7.44003	DSG	TDSGG	TDSGG
T001	99	Q1MQ79	swissprot_n1	127	209	0.605263	7.30111	MIH	VMIHQ	VMIHQ
T001	100	Q1MQ79	swissprot_n1	128	209	0.610048	7.30111	IHQ	MIHQP	MIHQP
T002	1	random_UniRef50_UPI0018647CF6	random_uniref50	248	249	0.993976	91.2762	KKN	edge	SKKN
T002	2	random_UniRef50_UPI0018647CF6	random_uniref50	247	249	0.98996	88.9157	SKK	ISKKN	ISKKN
T002	3	random_UniRef50_UPI0018647CF6	random_uniref50	64	249	0.25502	49.9107	HNC	IHNCY	IHNCY
T002	4	random_UniRef50_UPI0018647CF6	random_uniref50	58	249	0.230924	49.076	NHY	CNHYN	CNHYN
T002	5	random_UniRef50_UPI0018647CF6	random_uniref50	56	249	0.222892	49.076	SCN	RSCNH	RSCNH
T002	6	random_UniRef50_UPI0018647CF6	random_uniref50	57	249	0.226908	49.076	CNH	SCNHY	SCNHY
T002	7	random_UniRef50_UPI0018647CF6	random_uniref50	69	249	0.2751	45.1019	SCN	RSCNH	RSCNH
T002	8	random_UniRef50_UPI0018647CF6	random_uniref50	242	249	0.96988	42.5548	YNH	HYNHI	HYNHI
T002	9	random_UniRef50_UPI0018647CF6	random_uniref50	70	249	0.279116	40.6672	CNH	SCNHY	SCNHY
T002	10	random_UniRef50_UPI0018647CF6	random_uniref50	71	249	0.283133	40.6672	NHY	CNHYN	CNHYN
T002	11	random_UniRef50_UPI0018647CF6	random_uniref50	65	249	0.259036	40.2277	NCY	HNCYR	HNCYR
T002	12	random_UniRef50_UPI0018647CF6	random_uniref50	66	249	0.263052	40.2277	CYR	NCYRS	NCYRS
T002	13	random_UniRef50_UPI0018647CF6	random_uniref50	229	249	0.917671	39.6109	YNH	HYNHI	HYNHI
T002	14	random_UniRef50_UPI0018647CF6	random_uniref50	237	249	0.949799	36.5979	RSC	YRSCN	YRSCN
T002	15	random_UniRef50_UPI0018647CF6	random_uniref50	216	249	0.865462	34.0695	YNH	HYNHI	HYNHI
T002	16	random_UniRef50_UPI0018647CF6	random_uniref50	112	249	0.447791	31.4532	YNH	HYNHI	HYNHI
T002	17	random_UniRef50_UPI0018647CF6	random_uniref50	224	249	0.89759	30.4804	RSC	YRSCN	YRSCN
T002	18	random_UniRef50_UPI0018647CF6	random_uniref50	107	249	0.427711	27.6639	RSC	YRSCN	YRSCN
T002	19	random_UniRef50_UPI0018647CF6	random_uniref50	151	249	0.604418	26.9759	YNH	HYNHI	HYNHI
T002	20	random_UniRef50_UPI0018647CF6	random_uniref50	99	249	0.395582	25.465	YNH	HYNHI	HYNHI
T002	21	random_UniRef50_UPI0018647CF6	random_uniref50	233	249	0.933735	24.3037	HNC	IHNCY	IHNCY
T002	22	random_UniRef50_UPI0018647CF6	random_uniref50	73	249	0.291165	22.636	YNH	HYNHI	HYNHI
T002	23	random_UniRef50_UPI0018647CF6	random_uniref50	211	249	0.845381	20.6936	RSC	YRSCN	YRSCN
T002	24	random_UniRef50_UPI0018647CF6	random_uniref50	146	249	0.584337	20.2873	RSC	YRSCN	YRSCN
T002	25	random_UniRef50_UPI0018647CF6	random_uniref50	116	249	0.463855	19.4403	HNC	IHNCY	IHNCY
T002	26	random_UniRef50_UPI0018647CF6	random_uniref50	232	249	0.929719	19.3616	IHN	HIHNC	HIHNC
T002	27	random_UniRef50_UPI0018647CF6	random_uniref50	68	249	0.271084	18.7294	RSC	YRSCN	YRSCN
T002	28	random_UniRef50_UPI0018647CF6	random_uniref50	220	249	0.881526	18.2609	HNC	IHNCY	IHNCY
T002	29	random_UniRef50_UPI0018647CF6	random_uniref50	94	249	0.375502	17.8903	RSC	YRSCN	YRSCN
T002	30	random_UniRef50_UPI0018647CF6	random_uniref50	207	249	0.829317	17.7377	HNC	IHNCY	IHNCY
T002	31	random_UniRef50_UPI0018647CF6	random_uniref50	219	249	0.87751	17.5972	IHN	HIHNC	HIHNC
T002	32	random_UniRef50_UPI0018647CF6	random_uniref50	249	249	0.997992	17.1331	edge	edge	KKN
T002	33	random_UniRef50_UPI0018647CF6	random_uniref50	238	249	0.953815	16.7831	SCN	RSCNH	RSCNH
T002	34	random_UniRef50_UPI0018647CF6	random_uniref50	60	249	0.238956	16.5877	YNH	HYNHI	HYNHI
T002	35	random_UniRef50_UPI0018647CF6	random_uniref50	194	249	0.777108	16.1951	HNC	IHNCY	IHNCY
T002	36	random_UniRef50_UPI0018647CF6	random_uniref50	103	249	0.411647	15.7275	HNC	IHNCY	IHNCY
T002	37	random_UniRef50_UPI0018647CF6	random_uniref50	203	249	0.813253	15.5659	YNH	HYNHI	HYNHI
T002	38	random_UniRef50_UPI0018647CF6	random_uniref50	55	249	0.218875	14.8951	RSC	YRSCN	YRSCN
T002	39	random_UniRef50_UPI0018647CF6	random_uniref50	77	249	0.307229	14.7506	HNC	IHNCY	IHNCY
T002	40	random_UniRef50_UPI0018647CF6	random_uniref50	181	249	0.7249	13.9629	HNC	IHNCY	IHNCY
T002	41	random_UniRef50_UPI0018647CF6	random_uniref50	155	249	0.620482	13.2288	HNC	IHNCY	IHNCY
T002	42	random_UniRef50_UPI0018647CF6	random_uniref50	190	249	0.761044	12.9067	YNH	HYNHI	HYNHI
T002	43	random_UniRef50_UPI0018647CF6	random_uniref50	168	249	0.672691	12.1694	HNC	IHNCY	IHNCY
T002	44	random_UniRef50_UPI0018647CF6	random_uniref50	164	249	0.656627	12.0658	YNH	HYNHI	HYNHI
T002	45	random_UniRef50_UPI0018647CF6	random_uniref50	138	249	0.552209	12.0002	YNH	HYNHI	HYNHI
T002	46	random_UniRef50_UPI0018647CF6	random_uniref50	177	249	0.708835	11.8805	YNH	HYNHI	HYNHI
T002	47	random_UniRef50_UPI0018647CF6	random_uniref50	125	249	0.5	11.4167	YNH	HYNHI	HYNHI
T002	48	random_UniRef50_UPI0018647CF6	random_uniref50	142	249	0.568273	9.82827	HNC	IHNCY	IHNCY
T002	49	random_UniRef50_UPI0018647CF6	random_uniref50	51	249	0.202811	9.53561	HNC	SHNCY	SHNCY
T002	50	random_UniRef50_UPI0018647CF6	random_uniref50	129	249	0.516064	8.51977	HNC	IHNCY	IHNCY
T002	51	random_UniRef50_UPI0018647CF6	random_uniref50	225	249	0.901606	8.13268	SCN	RSCNH	RSCNH
T002	52	random_UniRef50_UPI0018647CF6	random_uniref50	49	249	0.194779	7.06457	HSH	NHSHN	NHSHN
T002	53	random_UniRef50_UPI0018647CF6	random_uniref50	154	249	0.616466	6.91752	IHN	HIHNC	HIHNC
T002	54	random_UniRef50_UPI0018647CF6	random_uniref50	90	249	0.359438	6.71817	HNC	IHNCY	IHNCY
T002	55	random_UniRef50_UPI0018647CF6	random_uniref50	245	249	0.981928	6.38642	IIS	HIISK	HIISK
T002	56	random_UniRef50_UPI0018647CF6	random_uniref50	86	249	0.343374	5.30634	YNH	HYNHI	HYNHI
T002	57	random_UniRef50_UPI0018647CF6	random_uniref50	115	249	0.459839	4.9508	IHN	HIHNC	HIHNC
T002	58	random_UniRef50_UPI0018647CF6	random_uniref50	206	249	0.825301	3.75307	IHN	HIHNC	HIHNC
T002	59	random_UniRef50_UPI0018647CF6	random_uniref50	234	249	0.937751	3.27502	NCY	HNCYR	HNCYR
T002	60	random_UniRef50_UPI0018647CF6	random_uniref50	243	249	0.973896	3.06789	NHI	YNHII	YNHII
T002	61	random_UniRef50_UPI0018647CF6	random_uniref50	47	249	0.186747	2.82987	YNH	HYNHS	HYNHS
T002	62	random_UniRef50_UPI0018647CF6	random_uniref50	108	249	0.431727	2.45429	SCN	RSCNH	RSCNH
T002	63	random_UniRef50_UPI0018647CF6	random_uniref50	244	249	0.977912	0.63165	HII	NHIIS	NHIIS
T002	64	random_UniRef50_UPI0018647CF6	random_uniref50	193	249	0.773092	0.424107	IHN	HIHNC	HIHNC
T002	65	random_UniRef50_UPI003FD3D3C0	random_uniref50	92	127	0.720472	-0.009202	GAG	LGAGV	LGAGV
T002	66	random_UniRef50_UPI003FD3D3C0	random_uniref50	93	127	0.728346	-0.009202	AGV	GAGVQ	GAGVQ
T002	67	random_UniRef50_UPI003FD3D3C0	random_uniref50	94	127	0.73622	-0.009202	GVQ	AGVQT	AGVQT
T002	68	random_UniRef50_UPI003FD3D3C0	random_uniref50	95	127	0.744094	-0.009202	VQT	GVQTG	GVQTG
T002	69	random_UniRef50_UPI003FD3D3C0	random_uniref50	96	127	0.751969	-0.009202	QTG	VQTGS	VQTGS
T002	70	random_UniRef50_UPI003FD3D3C0	random_uniref50	97	127	0.759843	-0.009202	TGS	QTGSA	QTGSA
T002	71	random_UniRef50_UPI003FD3D3C0	random_uniref50	98	127	0.767717	-0.009202	GSA	TGSAK	TGSAK
T002	72	random_UniRef50_UPI003FD3D3C0	random_uniref50	99	127	0.775591	-0.009202	SAK	GSAKS	GSAKS
T002	73	random_UniRef50_UPI003FD3D3C0	random_uniref50	84	127	0.65748	-0.009202	GFL	QGFLT	QGFLT
T002	74	random_UniRef50_UPI003FD3D3C0	random_uniref50	85	127	0.665354	-0.009202	FLT	GFLTS	GFLTS
T002	75	random_UniRef50_UPI003FD3D3C0	random_uniref50	86	127	0.673228	-0.009202	LTS	FLTSI	FLTSI
T002	76	random_UniRef50_UPI003FD3D3C0	random_uniref50	87	127	0.681102	-0.009202	TSI	LTSIG	LTSIG
T002	77	random_UniRef50_UPI003FD3D3C0	random_uniref50	88	127	0.688976	-0.009202	SIG	TSIGL	TSIGL
T002	78	random_UniRef50_UPI003FD3D3C0	random_uniref50	89	127	0.69685	-0.009202	IGL	SIGLG	SIGLG
T002	79	random_UniRef50_UPI003FD3D3C0	random_uniref50	90	127	0.704724	-0.009202	GLG	IGLGA	IGLGA
T002	80	random_UniRef50_UPI003FD3D3C0	random_uniref50	91	127	0.712598	-0.009202	LGA	GLGAG	GLGAG
T002	81	random_UniRef50_UPI003FD3D3C0	random_uniref50	76	127	0.594488	-0.009202	VMA	RVMAL	RVMAL
T002	82	random_UniRef50_UPI003FD3D3C0	random_uniref50	77	127	0.602362	-0.009202	MAL	VMALA	VMALA
T002	83	random_UniRef50_UPI003FD3D3C0	random_uniref50	78	127	0.610236	-0.009202	ALA	MALAR	MALAR
T002	84	random_UniRef50_UPI003FD3D3C0	random_uniref50	79	127	0.61811	-0.009202	LAR	ALARA	ALARA
T002	85	random_UniRef50_UPI003FD3D3C0	random_uniref50	80	127	0.625984	-0.009202	ARA	LARAQ	LARAQ
T002	86	random_UniRef50_UPI003FD3D3C0	random_uniref50	81	127	0.633858	-0.009202	RAQ	ARAQG	ARAQG
T002	87	random_UniRef50_UPI003FD3D3C0	random_uniref50	82	127	0.641732	-0.009202	AQG	RAQGF	RAQGF
T002	88	random_UniRef50_UPI003FD3D3C0	random_uniref50	83	127	0.649606	-0.009202	QGF	AQGFL	AQGFL
T002	89	random_UniRef50_UPI003FD3D3C0	random_uniref50	68	127	0.531496	-0.009202	ALA	VALAA	VALAA
T002	90	random_UniRef50_UPI003FD3D3C0	random_uniref50	69	127	0.53937	-0.009202	LAA	ALAAA	ALAAA
T002	91	random_UniRef50_UPI003FD3D3C0	random_uniref50	70	127	0.547244	-0.009202	AAA	LAAAI	LAAAI
T002	92	random_UniRef50_UPI003FD3D3C0	random_uniref50	71	127	0.555118	-0.009202	AAI	AAAIT	AAAIT
T002	93	random_UniRef50_UPI003FD3D3C0	random_uniref50	72	127	0.562992	-0.009202	AIT	AAITR	AAITR
T002	94	random_UniRef50_UPI003FD3D3C0	random_uniref50	73	127	0.570866	-0.009202	ITR	AITRV	AITRV
T002	95	random_UniRef50_UPI003FD3D3C0	random_uniref50	74	127	0.57874	-0.009202	TRV	ITRVM	ITRVM
T002	96	random_UniRef50_UPI003FD3D3C0	random_uniref50	75	127	0.586614	-0.009202	RVM	TRVMA	TRVMA
T002	97	P0AAH0	swissprot_n1	25	257	0.0953307	-0.009202	HAL	FHALK	FHALK
T002	98	P0AAH0	swissprot_n1	26	257	0.0992218	-0.009202	ALK	HALKN	HALKN
T002	99	P0AAH0	swissprot_n1	27	257	0.103113	-0.009202	LKN	ALKNI	ALKNI
T002	100	P0AAH0	swissprot_n1	28	257	0.107004	-0.009202	KNI	LKNIN	LKNIN
T003	1	random_UniRef50_UPI000BFC00A6	random_uniref50	88	129	0.678295	102.133	FDD	YFDDP	YFDDP
T003	2	Q1MQ79	swissprot_n1	170	209	0.811005	60.4831	KVA	EKVAQ	EKVAQ
T003	3	Q5ZHX1	swissprot_n1	125	184	0.67663	53.3983	RVV	ERVVG	ERVVG
T003	4	random_UniRef50_UPI000BFC00A6	random_uniref50	96	129	0.74031	50.0459	KWI	YKWIN	YKWIN
T003	5	A1JPP6	swissprot_n1	43	297	0.143098	35.2531	LEN	QLENL	QLENL
T003	6	A1JPP6	swissprot_n1	42	297	0.139731	35.2531	QLE	KQLEN	KQLEN
T003	7	A1JPP6	swissprot_n1	41	297	0.136364	35.2531	KQL	IKQLE	IKQLE
T003	8	A7N655	swissprot_n1	138	342	0.402047	33.0885	EVT	GEVTH	GEVTH
T003	9	A7N655	swissprot_n1	139	342	0.404971	33.0885	VTH	EVTHN	EVTHN
T003	10	Q9LM66	swissprot_n1	103	356	0.287921	28.5617	LSH	DLSHE	DLSHE
T003	11	Q9LM66	swissprot_n1	105	356	0.293539	28.5617	HEE	SHEEF	SHEEF
T003	12	Q9LM66	swissprot_n1	106	356	0.296348	28.5617	EEF	HEEFK	HEEFK
T003	13	Q9LM66	swissprot_n1	104	356	0.29073	28.5617	SHE	LSHEE	LSHEE
T003	14	B3EPK0	swissprot_n1	10	313	0.0303514	25.4292	TRS	GTRSS	GTRSS
T003	15	B3EPK0	swissprot_n1	9	313	0.0271566	25.4292	GTR	IGTRS	IGTRS
T003	16	Q534B1	swissprot_n1	275	347	0.791066	24.5748	DMI	NDMII	NDMII
T003	17	Q534B1	swissprot_n1	166	347	0.476945	24.388	GGW	VGGWG	VGGWG
T003	18	B2U9Y9	swissprot_n1	88	215	0.406977	23.7653	EQQ	YEQQL	YEQQL
T003	19	B2U9Y9	swissprot_n1	86	215	0.397674	23.7653	PYE	KPYEQ	KPYEQ
T003	20	B2U9Y9	swissprot_n1	87	215	0.402326	23.7653	YEQ	PYEQQ	PYEQQ
T003	21	A5IV56	swissprot_n1	109	164	0.661585	23.6386	TTG	STTGK	STTGK
T003	22	A5IV56	swissprot_n1	107	164	0.64939	23.2911	VST	TVSTT	TVSTT
T003	23	Q5RBF1	swissprot_n1	198	352	0.56108	23.2359	FFG	VFFGE	VFFGE
T003	24	Q5RBF1	swissprot_n1	200	352	0.566761	23.2359	GES	FGESL	FGESL
T003	25	Q5RBF1	swissprot_n1	199	352	0.56392	23.2359	FGE	FFGES	FFGES
T003	26	A5IV56	swissprot_n1	105	164	0.637195	22.1944	TTV	QTTVS	QTTVS
T003	27	A5IV56	swissprot_n1	106	164	0.643293	20.1771	TVS	TTVST	TTVST
T003	28	A5IV56	swissprot_n1	103	164	0.625	20.0537	IQT	NIQTT	NIQTT
T003	29	B5Y6R9	swissprot_n1	189	271	0.695572	19.7972	PLY	QPLYP	QPLYP
T003	30	A5IV56	swissprot_n1	110	164	0.667683	19.4852	TGK	TTGKT	TTGKT
T003	31	B2U9Y9	swissprot_n1	101	215	0.467442	19.393	FDK	IFDKD	IFDKD
T003	32	B2U9Y9	swissprot_n1	100	215	0.462791	19.393	IFD	YIFDK	YIFDK
T003	33	A5IV56	swissprot_n1	108	164	0.655488	19.3818	STT	VSTTG	VSTTG
T003	34	B5Y6R9	swissprot_n1	186	271	0.684502	18.7678	ASQ	SASQP	SASQP
T003	35	A5IV56	swissprot_n1	102	164	0.618902	18.3248	NIQ	LNIQT	LNIQT
T003	36	Q32DA4	swissprot_n1	136	191	0.709424	17.4517	EYS	AEYSD	AEYSD
T003	37	A5IV56	swissprot_n1	104	164	0.631098	17.1794	QTT	IQTTV	IQTTV
T003	38	B5Y6R9	swissprot_n1	192	271	0.706642	16.5595	PLL	YPLLK	YPLLK
T003	39	A5IV56	swissprot_n1	111	164	0.673781	15.5212	GKT	TGKTG	TGKTG
T003	40	A5IV56	swissprot_n1	112	164	0.679878	15.3286	KTG	GKTGV	GKTGV
T003	41	B5Y6R9	swissprot_n1	185	271	0.680812	15.0568	SAS	SSASQ	SSASQ
T003	42	A5IV56	swissprot_n1	113	164	0.685976	15.0403	TGV	KTGVE	KTGVE
T003	43	P97477	swissprot_n1	273	395	0.689873	14.8504	APS	HAPSS	HAPSS
T003	44	B5Y6R9	swissprot_n1	179	271	0.658672	14.7583	IAL	VIALV	VIALV
T003	45	Q32DA4	swissprot_n1	138	191	0.719895	14.2825	SDN	YSDNQ	YSDNQ
T003	46	Q32DA4	swissprot_n1	132	191	0.688482	14.231	FFI	HFFIA	HFFIA
T003	47	B5Y6R9	swissprot_n1	190	271	0.699262	13.9432	LYP	PLYPL	PLYPL
T003	48	A5IV56	swissprot_n1	101	164	0.612805	13.8044	LNI	TLNIQ	TLNIQ
T003	49	B5Y6R9	swissprot_n1	182	271	0.669742	13.524	VES	LVESS	LVESS
T003	50	A5IV56	swissprot_n1	99	164	0.60061	13.0345	YTL	LYTLN	LYTLN
T003	51	B5Y6R9	swissprot_n1	193	271	0.710332	12.6353	LLK	PLLKR	PLLKR
T003	52	B5Y6R9	swissprot_n1	187	271	0.688192	12.571	SQP	ASQPL	ASQPL
T003	53	Q13MI0	swissprot_n1	62	372	0.165323	12.4302	LID	RLIDN	RLIDN
T003	54	Q32DA4	swissprot_n1	133	191	0.693717	12.2876	FIA	FFIAE	FFIAE
T003	55	B5Y6R9	swissprot_n1	181	271	0.666052	12.1535	LVE	ALVES	ALVES
T003	56	A5IV56	swissprot_n1	100	164	0.606707	12.0498	TLN	YTLNI	YTLNI
T003	57	Q32DA4	swissprot_n1	137	191	0.71466	11.5765	YSD	EYSDN	EYSDN
T003	58	Q10RE5	swissprot_n1	89	198	0.44697	11.4971	YEA	NYEAK	NYEAK
T003	59	Q13MI0	swissprot_n1	53	372	0.141129	11.2996	VPM	HVPMP	HVPMP
T003	60	Q8ZX33	swissprot_n1	110	125	0.876	11.1428	RPK	LRPKR	LRPKR
T003	61	B5Y6R9	swissprot_n1	184	271	0.677122	11.0539	SSA	ESSAS	ESSAS
T003	62	Q13MI0	swissprot_n1	60	372	0.159946	11.044	CRL	FCRLI	FCRLI
T003	63	Q32DA4	swissprot_n1	131	191	0.683246	11.0304	HFF	IHFFI	IHFFI
T003	64	B5Y6R9	swissprot_n1	195	271	0.717712	11.0193	KRP	LKRPD	LKRPD
T003	65	B5Y6R9	swissprot_n1	198	271	0.728782	10.9965	DEK	PDEKY	PDEKY
T003	66	Q32DA4	swissprot_n1	134	191	0.698953	10.9831	IAE	FIAEY	FIAEY
T003	67	Q13MI0	swissprot_n1	59	372	0.157258	10.9326	FCR	VFCRL	VFCRL
T003	68	B5Y6R9	swissprot_n1	183	271	0.673432	10.9164	ESS	VESSA	VESSA
T003	69	Q32DA4	swissprot_n1	135	191	0.704188	10.8015	AEY	IAEYS	IAEYS
T003	70	A5IV56	swissprot_n1	115	164	0.698171	10.7461	VEM	GVEME	GVEME
T003	71	Q13MI0	swissprot_n1	63	372	0.168011	10.7418	IDN	LIDNG	LIDNG
T003	72	Q21P93	swissprot_n1	133	168	0.78869	10.1861	QAP	AQAPF	AQAPF
T003	73	B5Y6R9	swissprot_n1	175	271	0.643911	10.1718	IED	WIEDV	WIEDV
T003	74	Q5GV34	swissprot_n1	127	271	0.46679	10.1578	LPP	GLPPI	GLPPI
T003	75	Q13MI0	swissprot_n1	55	372	0.146505	10.109	MPL	PMPLV	PMPLV
T003	76	B5Y6R9	swissprot_n1	188	271	0.691882	9.58368	QPL	SQPLY	SQPLY
T003	77	Q9Y0B7	swissprot_n1	294	305	0.962295	9.57933	GAP	RGAPA	RGAPA
T003	78	B5Y6R9	swissprot_n1	196	271	0.721402	9.37525	RPD	KRPDE	KRPDE
T003	79	Q13MI0	swissprot_n1	57	372	0.151882	9.29689	LVF	PLVFC	PLVFC
T003	80	A7IA72	swissprot_n1	230	302	0.759934	9.21608	EFI	SEFII	SEFII
T003	81	Q8ZX33	swissprot_n1	109	125	0.868	9.14443	LRP	QLRPK	QLRPK
T003	82	Q13MI0	swissprot_n1	61	372	0.162634	8.93145	RLI	CRLID	CRLID
T003	83	Q3SHT9	swissprot_n1	107	113	0.942478	8.90188	KVD	AKVDS	AKVDS
T003	84	B5Y6R9	swissprot_n1	177	271	0.651291	8.87961	DVI	EDVIA	EDVIA
T003	85	Q21P93	swissprot_n1	134	168	0.794643	8.87364	APF	QAPFT	QAPFT
T003	86	B5Y6R9	swissprot_n1	194	271	0.714022	8.82437	LKR	LLKRP	LLKRP
T003	87	B5Y6R9	swissprot_n1	199	271	0.732472	8.73724	EKY	DEKYV	DEKYV
T003	88	Q13MI0	swissprot_n1	51	372	0.135753	8.7206	QHV	GQHVP	GQHVP
T003	89	B5Y6R9	swissprot_n1	180	271	0.662362	8.60305	ALV	IALVE	IALVE
T003	90	B5Y6R9	swissprot_n1	191	271	0.702952	8.60038	YPL	LYPLL	LYPLL
T003	91	B5Y6R9	swissprot_n1	173	271	0.636531	8.59622	LWI	DLWIE	DLWIE
T003	92	Q32DA4	swissprot_n1	142	191	0.740838	8.09932	RAN	QRANA	QRANA
T003	93	B5Y6R9	swissprot_n1	170	271	0.625461	8.04021	QGD	WQGDL	WQGDL
T003	94	Q21P93	swissprot_n1	125	168	0.741071	8.01489	LGL	GLGLT	GLGLT
T003	95	random_UniRef50_UPI000BFC00A6	random_uniref50	87	129	0.670543	7.9975	YFD	PYFDD	PYFDD
T003	96	B5Y6R9	swissprot_n1	178	271	0.654982	7.98735	VIA	DVIAL	DVIAL
T003	97	A0Q2L7	swissprot_n1	110	185	0.591892	7.82996	VFS	EVFSK	EVFSK
T003	98	Q5GV34	swissprot_n1	130	271	0.47786	7.78897	IDG	PIDGV	PIDGV
T003	99	random_UniRef50_UPI000BFC00A6	random_uniref50	98	129	0.755814	7.67967	INE	WINEI	WINEI
T003	100	Q9Y0B7	swissprot_n1	304	305	0.995082	7.59203	YFL	edge	EYFL
T004	1	Q9BIG5	swissprot_n1	14	359	0.0376045	122.572	KRS	KKRSK	KKRSK
T004	2	random_UniRef50_A0A5B8MGG3	random_uniref50	96	136	0.702206	58.7405	FDV	HFDVT	HFDVT
T004	3	random_UniRef50_A0A5B8MGG3	random_uniref50	99	136	0.724265	44.73	TRY	VTRYV	VTRYV
T004	4	random_UniRef50_A0A5B8MGG3	random_uniref50	95	136	0.694853	39.817	HFD	GHFDV	GHFDV
T004	5	A1KRH5	swissprot_n1	28	106	0.259434	29.9096	KRN	EKRNQ	EKRNQ
T004	6	Q01W95	swissprot_n1	60	276	0.21558	28.0875	KKA	AKKAY	AKKAY
T004	7	random_UniRef50_A0A5B8MGG3	random_uniref50	97	136	0.709559	26.8499	DVT	FDVTR	FDVTR
T004	8	Q01W95	swissprot_n1	63	276	0.226449	26.7865	YRV	AYRVV	AYRVV
T004	9	A8LX76	swissprot_n1	47	226	0.205752	26.0266	FGD	DFGDE	DFGDE
T004	10	random_UniRef50_A0A5B8MGG3	random_uniref50	23	136	0.165441	23.8064	KRT	NKRTR	NKRTR
T004	11	B1WQS8	swissprot_n1	37	158	0.231013	23.7792	RGQ	MRGQK	MRGQK
T004	12	B1WQS8	swissprot_n1	39	158	0.243671	22.776	QKS	GQKSR	GQKSR
T004	13	A9NYY0	swissprot_n1	247	393	0.627226	22.4662	DAG	GDAGL	GDAGL
T004	14	A9NYY0	swissprot_n1	249	393	0.632316	22.4662	GLT	AGLTG	AGLTG
T004	15	A9NYY0	swissprot_n1	251	393	0.637405	22.4662	TGR	LTGRK	LTGRK
T004	16	A9NYY0	swissprot_n1	250	393	0.63486	22.4662	LTG	GLTGR	GLTGR
T004	17	A9NYY0	swissprot_n1	248	393	0.629771	22.4662	AGL	DAGLT	DAGLT
T004	18	A9NYY0	swissprot_n1	253	393	0.642494	22.4662	RKI	GRKII	GRKII
T004	19	A9NYY0	swissprot_n1	252	393	0.639949	22.4662	GRK	TGRKI	TGRKI
T004	20	B1WQS8	swissprot_n1	52	158	0.325949	21.4561	EGG	FEGGQ	FEGGQ
T004	21	B1WQS8	swissprot_n1	40	158	0.25	21.1998	KSR	QKSRS	QKSRS
T004	22	B1WQS8	swissprot_n1	15	158	0.0917722	20.47	KRR	TKRRR	TKRRR
T004	23	A2Z388	swissprot_n1	52	246	0.20935	20.4402	RRR	VRRRG	VRRRG
T004	24	random_UniRef50_A0A5B8MGG3	random_uniref50	92	136	0.672794	20.3064	RRG	GRRGH	GRRGH
T004	25	A8LX76	swissprot_n1	46	226	0.201327	20.2934	DFG	EDFGD	EDFGD
T004	26	A8LX76	swissprot_n1	45	226	0.196903	20.2529	EDF	SEDFG	SEDFG
T004	27	A9NYY0	swissprot_n1	275	393	0.698473	19.9586	DPT	KDPTK	KDPTK
T004	28	A9NYY0	swissprot_n1	274	393	0.695929	19.9586	KDP	GKDPT	GKDPT
T004	29	A9NYY0	swissprot_n1	271	393	0.688295	19.9586	FSG	AFSGK	AFSGK
T004	30	A9NYY0	swissprot_n1	270	393	0.685751	19.9586	AFS	GAFSG	GAFSG
T004	31	A9NYY0	swissprot_n1	268	393	0.680662	19.9586	GGA	GGGAF	GGGAF
T004	32	A9NYY0	swissprot_n1	269	393	0.683206	19.9586	GAF	GGAFS	GGAFS
T004	33	A9NYY0	swissprot_n1	278	393	0.706107	19.9586	KVD	TKVDR	TKVDR
T004	34	A9NYY0	swissprot_n1	276	393	0.701018	19.9586	PTK	DPTKV	DPTKV
T004	35	A9NYY0	swissprot_n1	279	393	0.708651	19.9586	VDR	KVDRS	KVDRS
T004	36	A9NYY0	swissprot_n1	277	393	0.703562	19.9586	TKV	PTKVD	PTKVD
T004	37	A9NYY0	swissprot_n1	266	393	0.675573	19.9586	HGG	AHGGG	AHGGG
T004	38	A9NYY0	swissprot_n1	267	393	0.678117	19.9586	GGG	HGGGA	HGGGA
T004	39	A9NYY0	swissprot_n1	272	393	0.69084	19.9586	SGK	FSGKD	FSGKD
T004	40	A9NYY0	swissprot_n1	273	393	0.693384	19.9586	GKD	SGKDP	SGKDP
T004	41	B1WQS8	swissprot_n1	55	158	0.344937	19.8873	QMP	GQMPL	GQMPL
T004	42	random_UniRef50_A0A5B8MGG3	random_uniref50	86	136	0.628676	19.3223	RGR	GRGRG	GRGRG
T004	43	A8LX76	swissprot_n1	50	226	0.219027	18.0274	EDD	DEDDE	DEDDE
T004	44	B1WQS8	swissprot_n1	36	158	0.224684	17.5276	MRG	GMRGQ	GMRGQ
T004	45	random_UniRef50_A0A5B8MGG3	random_uniref50	100	136	0.731618	16.8606	RYV	TRYVK	TRYVK
T004	46	random_UniRef50_A0A5B8MGG3	random_uniref50	79	136	0.577206	16.832	RRQ	GRRQG	GRRQG
T004	47	A9NYY0	swissprot_n1	239	393	0.60687	16.1503	FVI	RFVIG	RFVIG
T004	48	A9NYY0	swissprot_n1	237	393	0.601781	16.1503	GRF	SGRFV	SGRFV
T004	49	A9NYY0	swissprot_n1	240	393	0.609415	16.1503	VIG	FVIGG	FVIGG
T004	50	A9NYY0	swissprot_n1	243	393	0.617048	16.1503	GPH	GGPHG	GGPHG
T004	51	A9NYY0	swissprot_n1	242	393	0.614504	16.1503	GGP	IGGPH	IGGPH
T004	52	A9NYY0	swissprot_n1	241	393	0.611959	16.1503	IGG	VIGGP	VIGGP
T004	53	A9NYY0	swissprot_n1	238	393	0.604326	16.1503	RFV	GRFVI	GRFVI
T004	54	random_UniRef50_A0A5B8MGG3	random_uniref50	90	136	0.658088	15.6992	RGR	GRGRR	GRGRR
T004	55	A2Z388	swissprot_n1	61	246	0.245935	15.6172	VCE	WVCEV	WVCEV
T004	56	A2Z388	swissprot_n1	40	246	0.160569	15.5071	FRE	KFRET	KFRET
T004	57	B1WQS8	swissprot_n1	51	158	0.31962	14.6018	FEG	GFEGG	GFEGG
T004	58	random_UniRef50_A0A5B8MGG3	random_uniref50	98	136	0.716912	14.552	VTR	DVTRY	DVTRY
T004	59	B2UBP2	swissprot_n1	124	382	0.323298	13.8931	RGA	YRGAD	YRGAD
T004	60	random_UniRef50_A0A5B8MGG3	random_uniref50	83	136	0.606618	13.0206	HSG	GHSGR	GHSGR
T004	61	B1WQS8	swissprot_n1	48	158	0.300633	13.0147	KAG	TKAGF	TKAGF
T004	62	A2Z388	swissprot_n1	41	246	0.164634	12.1975	RET	FRETR	FRETR
T004	63	B2UBP2	swissprot_n1	250	382	0.653141	12.1265	GPP	GGPPG	GGPPG
T004	64	B2UBP2	swissprot_n1	252	382	0.658377	12.1265	PGD	PPGDL	PPGDL
T004	65	B2UBP2	swissprot_n1	251	382	0.655759	12.1265	PPG	GPPGD	GPPGD
T004	66	random_UniRef50_A0A5B8MGG3	random_uniref50	85	136	0.621324	12.035	GRG	SGRGR	SGRGR
T004	67	random_UniRef50_A0A5B8MGG3	random_uniref50	91	136	0.665441	11.8973	GRR	RGRRG	RGRRG
T004	68	random_UniRef50_A0A5B8MGG3	random_uniref50	93	136	0.680147	11.8973	RGH	RRGHF	RRGHF
T004	69	B1WQS8	swissprot_n1	59	158	0.370253	11.7769	YRR	LYRRV	LYRRV
T004	70	random_UniRef50_A0A060SWD3	random_uniref50	88	164	0.533537	11.5473	ATY	AATYE	AATYE
T004	71	B1WQS8	swissprot_n1	56	158	0.351266	10.9376	MPL	QMPLY	QMPLY
T004	72	random_UniRef50_A0A5B8MGG3	random_uniref50	89	136	0.650735	10.8534	GRG	RGRGR	RGRGR
T004	73	random_UniRef50_A0A5B8MGG3	random_uniref50	62	136	0.452206	10.7743	HQH	GHQHQ	GHQHQ
T004	74	A8LX76	swissprot_n1	48	226	0.210177	10.6768	GDE	FGDED	FGDED
T004	75	B9M6F1	swissprot_n1	9	181	0.0469613	10.6456	KRL	GKRLG	GKRLG
T004	76	A2Z388	swissprot_n1	48	246	0.193089	10.5943	YRG	VYRGV	VYRGV
T004	77	B2UBP2	swissprot_n1	123	382	0.320681	10.3735	YRG	MYRGA	MYRGA
T004	78	B1WQS8	swissprot_n1	41	158	0.256329	10.2322	SRS	KSRSG	KSRSG
T004	79	A8LX76	swissprot_n1	49	226	0.214602	9.18212	DED	GDEDD	GDEDD
T004	80	Q01W95	swissprot_n1	225	276	0.813406	8.91254	SMN	VSMNP	VSMNP
T004	81	Q01W95	swissprot_n1	228	276	0.824275	8.91254	PVD	NPVDH	NPVDH
T004	82	Q01W95	swissprot_n1	237	276	0.856884	8.91254	EGK	GEGKT	GEGKT
T004	83	Q01W95	swissprot_n1	235	276	0.849638	8.91254	GGE	GGGEG	GGGEG
T004	84	Q01W95	swissprot_n1	236	276	0.853261	8.91254	GEG	GGEGK	GGEGK
T004	85	Q01W95	swissprot_n1	234	276	0.846014	8.91254	GGG	HGGGE	HGGGE
T004	86	Q01W95	swissprot_n1	233	276	0.842391	8.91254	HGG	PHGGG	PHGGG
T004	87	Q01W95	swissprot_n1	231	276	0.835145	8.91254	HPH	DHPHG	DHPHG
T004	88	Q01W95	swissprot_n1	232	276	0.838768	8.91254	PHG	HPHGG	HPHGG
T004	89	Q01W95	swissprot_n1	226	276	0.817029	8.91254	MNP	SMNPV	SMNPV
T004	90	Q01W95	swissprot_n1	227	276	0.820652	8.91254	NPV	MNPVD	MNPVD
T004	91	Q01W95	swissprot_n1	230	276	0.831522	8.91254	DHP	VDHPH	VDHPH
T004	92	Q01W95	swissprot_n1	229	276	0.827899	8.91254	VDH	PVDHP	PVDHP
T004	93	A8LX76	swissprot_n1	42	226	0.183628	8.86111	RYS	SRYSE	SRYSE
T004	94	B2VF23	swissprot_n1	312	387	0.80491	8.39467	GVF	VGVFE	VGVFE
T004	95	B2VF23	swissprot_n1	310	387	0.799742	8.39467	PVG	GPVGV	GPVGV
T004	96	B2VF23	swissprot_n1	306	387	0.789406	8.39467	LWN	ILWNG	ILWNG
T004	97	B2VF23	swissprot_n1	313	387	0.807494	8.39467	VFE	GVFEF	GVFEF
T004	98	B2VF23	swissprot_n1	314	387	0.810078	8.39467	FEF	VFEFP	VFEFP
T004	99	B2VF23	swissprot_n1	308	387	0.794574	8.39467	NGP	WNGPV	WNGPV
T004	100	B2VF23	swissprot_n1	307	387	0.79199	8.39467	WNG	LWNGP	LWNGP
T005	1	random_UniRef50_A0A5J9VZT0	random_uniref50	56	215	0.25814	77.1916	RPG	SRPGA	SRPGA
T005	2	random_UniRef50_A0A5J9VZT0	random_uniref50	55	215	0.253488	75.2353	SRP	CSRPG	CSRPG
T005	3	B5QWR2	swissprot_n1	75	140	0.532143	51.8253	AAV	MAAVE	MAAVE
T005	4	B5QWR2	swissprot_n1	74	140	0.525	51.8253	MAA	MMAAV	MMAAV
T005	5	B5QWR2	swissprot_n1	73	140	0.517857	51.8253	MMA	VMMAA	VMMAA
T005	6	random_UniRef50_A0A5J9VZT0	random_uniref50	53	215	0.244186	47.984	PCS	CPCSR	CPCSR
T005	7	random_UniRef50_A0A5J9VZT0	random_uniref50	200	215	0.927907	47.3842	NEL	MNELQ	MNELQ
T005	8	random_UniRef50_A0A5J9VZT0	random_uniref50	198	215	0.918605	47.3842	EMN	HEMNE	HEMNE
T005	9	random_UniRef50_A0A5J9VZT0	random_uniref50	201	215	0.932558	47.3842	ELQ	NELQI	NELQI
T005	10	random_UniRef50_A0A5J9VZT0	random_uniref50	199	215	0.923256	47.3842	MNE	EMNEL	EMNEL
T005	11	random_UniRef50_A0A5J9VZT0	random_uniref50	65	215	0.3	45.5219	RGD	TRGDE	TRGDE
T005	12	B7KKT8	swissprot_n1	111	157	0.703822	44.4172	KFV	EKFVE	EKFVE
T005	13	random_UniRef50_A0A5J9VZT0	random_uniref50	54	215	0.248837	44.0484	CSR	PCSRP	PCSRP
T005	14	P97477	swissprot_n1	194	395	0.489873	42.9938	DAT	HDATR	HDATR
T005	15	P97477	swissprot_n1	332	395	0.83924	39.7049	RIS	RRISR	RRISR
T005	16	Q9WUQ3	swissprot_n1	240	261	0.917625	35.9671	VCK	AVCKF	AVCKF
T005	17	E0CPH4	swissprot_n1	87	226	0.382743	34.9318	RMQ	ERMQE	ERMQE
T005	18	P97477	swissprot_n1	185	395	0.467089	34.6485	ILR	NILRL	NILRL
T005	19	random_UniRef50_A0A5J9VZT0	random_uniref50	51	215	0.234884	34.3853	ACP	VACPC	VACPC
T005	20	random_UniRef50_A0A5J9VZT0	random_uniref50	52	215	0.239535	32.4863	CPC	ACPCS	ACPCS
T005	21	random_UniRef50_A0A5J9VZT0	random_uniref50	62	215	0.286047	26.6092	QST	LQSTR	LQSTR
T005	22	random_UniRef50_A0A5J9VZT0	random_uniref50	41	215	0.188372	26.4779	RPP	PRPPL	PRPPL
T005	23	random_UniRef50_A0A5J9VZT0	random_uniref50	45	215	0.206977	26.3614	LLA	LLLAA	LLLAA
T005	24	random_UniRef50_A0A5J9VZT0	random_uniref50	43	215	0.197674	26.047	PLL	PPLLL	PPLLL
T005	25	random_UniRef50_A0A5J9VZT0	random_uniref50	37	215	0.169767	25.7354	LPQ	SLPQP	SLPQP
T005	26	random_UniRef50_A0A5J9VZT0	random_uniref50	60	215	0.276744	25.3013	ALQ	AALQS	AALQS
T005	27	random_UniRef50_A0A5J9VZT0	random_uniref50	33	215	0.151163	25.278	RPC	RRPCS	RRPCS
T005	28	random_UniRef50_A0A5J9VZT0	random_uniref50	39	215	0.17907	24.6356	QPR	PQPRP	PQPRP
T005	29	random_UniRef50_A0A5J9VZT0	random_uniref50	61	215	0.281395	24.5122	LQS	ALQST	ALQST
T005	30	random_UniRef50_A0A5J9VZT0	random_uniref50	42	215	0.193023	23.5067	PPL	RPPLL	RPPLL
T005	31	random_UniRef50_A0A5J9VZT0	random_uniref50	34	215	0.155814	21.7893	PCS	RPCSL	RPCSL
T005	32	Q3SYV5	swissprot_n1	49	283	0.171378	21.2133	RLM	ARLMK	ARLMK
T005	33	random_UniRef50_A0A5J9VZT0	random_uniref50	38	215	0.174419	20.654	PQP	LPQPR	LPQPR
T005	34	random_UniRef50_A0A5J9VZT0	random_uniref50	40	215	0.183721	20.0367	PRP	QPRPP	QPRPP
T005	35	random_UniRef50_A0A5J9VZT0	random_uniref50	49	215	0.225581	19.5494	AVA	AAVAC	AAVAC
T005	36	random_UniRef50_A0A5J9VZT0	random_uniref50	32	215	0.146512	19.3101	RRP	RRRPC	RRRPC
T005	37	random_UniRef50_A0A5J9VZT0	random_uniref50	27	215	0.123256	18.5151	PSF	TPSFR	TPSFR
T005	38	random_UniRef50_A0A5J9VZT0	random_uniref50	63	215	0.290698	18.3626	STR	QSTRG	QSTRG
T005	39	random_UniRef50_A0A5J9VZT0	random_uniref50	64	215	0.295349	17.6394	TRG	STRGD	STRGD
T005	40	random_UniRef50_A0A5J9VZT0	random_uniref50	44	215	0.202326	16.3969	LLL	PLLLA	PLLLA
T005	41	random_UniRef50_A0A5J9VZT0	random_uniref50	46	215	0.211628	14.8951	LAA	LLAAA	LLAAA
T005	42	random_UniRef50_A0A5J9VZT0	random_uniref50	58	215	0.267442	14.8721	GAA	PGAAL	PGAAL
T005	43	random_UniRef50_A0A5J9VZT0	random_uniref50	36	215	0.165116	14.4314	SLP	CSLPQ	CSLPQ
T005	44	random_UniRef50_A0A5J9VZT0	random_uniref50	35	215	0.160465	13.875	CSL	PCSLP	PCSLP
T005	45	random_UniRef50_A0A5J9VZT0	random_uniref50	57	215	0.262791	13.0935	PGA	RPGAA	RPGAA
T005	46	Q8UC70	swissprot_n1	216	315	0.684127	11.2498	KLC	RKLCP	RKLCP
T005	47	random_UniRef50_A0A5J9VZT0	random_uniref50	70	215	0.323256	11.2287	PSH	SPSHD	SPSHD
T005	48	Q8ZQQ6	swissprot_n1	95	251	0.376494	10.0689	IEA	DIEAI	DIEAI
T005	49	Q8ZQQ6	swissprot_n1	82	251	0.324701	10.0146	RDR	ARDRQ	ARDRQ
T005	50	random_UniRef50_A0A5J9VZT0	random_uniref50	50	215	0.230233	9.6024	VAC	AVACP	AVACP
T005	51	random_UniRef50_A0A5J9VZT0	random_uniref50	69	215	0.318605	9.02846	SPS	ESPSH	ESPSH
T005	52	real_Q9PU28_3.2.1.17	real_lysozyme	9	143	0.0594406	8.90054	LLV	LLLVP	LLLVP
T005	53	Q9LE63	swissprot_n1	271	345	0.784058	8.75536	HDW	EHDWI	EHDWI
T005	54	random_UniRef50_A0A5J9VZT0	random_uniref50	59	215	0.272093	8.58248	AAL	GAALQ	GAALQ
T005	55	Q8ZQQ6	swissprot_n1	88	251	0.348606	7.68497	HHY	AHHYL	AHHYL
T005	56	Q8ZQQ6	swissprot_n1	99	251	0.39243	7.23048	PHD	IPHDA	IPHDA
T005	57	real_D4ANU4_3.2.1.17	real_lysozyme	13	235	0.0531915	6.83947	AGA	AAGAA	AAGAA
T005	58	real_Q9PU28_3.2.1.17	real_lysozyme	8	143	0.0524476	6.31436	LLL	LLLLV	LLLLV
T005	59	random_UniRef50_A0A5J9VZT0	random_uniref50	24	215	0.109302	6.29944	APT	AAPTP	AAPTP
T005	60	random_UniRef50_A0A5J9VZT0	random_uniref50	66	215	0.304651	6.28871	GDE	RGDES	RGDES
T005	61	A2Z388	swissprot_n1	166	246	0.672764	6.04859	APP	SAPPP	SAPPP
T005	62	random_UniRef50_A0A5J9VZT0	random_uniref50	31	215	0.14186	5.55287	RRR	RRRRP	RRRRP
T005	63	P97477	swissprot_n1	241	395	0.608861	5.51046	SKR	HSKRV	HSKRV
T005	64	Q8ZQQ6	swissprot_n1	87	251	0.344622	5.49196	AHH	AAHHY	AAHHY
T005	65	random_UniRef50_A0A5J9VZT0	random_uniref50	30	215	0.137209	4.6717	RRR	FRRRR	FRRRR
T005	66	random_UniRef50_A0A5J9VZT0	random_uniref50	19	215	0.0860465	4.15486	SSA	SSSAA	SSSAA
T005	67	random_UniRef50_A0A5J9VZT0	random_uniref50	47	215	0.216279	3.88852	AAA	LAAAV	LAAAV
T005	68	P75046	swissprot_n1	245	276	0.88587	3.57305	VQM	LVQMG	LVQMG
T005	69	random_UniRef50_A0A5J9VZT0	random_uniref50	25	215	0.113953	3.48596	PTP	APTPS	APTPS
T005	70	A2Z388	swissprot_n1	180	246	0.729675	3.30983	PGP	TPGPS	TPGPS
T005	71	random_UniRef50_A0A5J9VZT0	random_uniref50	28	215	0.127907	3.13447	SFR	PSFRR	PSFRR
T005	72	Q9LE63	swissprot_n1	311	345	0.9	2.95143	GVG	AGVGN	AGVGN
T005	73	random_UniRef50_A0A5J9VZT0	random_uniref50	72	215	0.332558	2.46369	HDE	SHDEP	SHDEP
T005	74	Q8ZQQ6	swissprot_n1	78	251	0.308765	2.44095	LQQ	MLQQA	MLQQA
T005	75	random_UniRef50_A0A5J9VZT0	random_uniref50	48	215	0.22093	2.3885	AAV	AAAVA	AAAVA
T005	76	P01844	swissprot_n1	2	104	0.0144231	2.28957	QPK	edge	QPKS
T005	77	random_UniRef50_A0A5J9VZT0	random_uniref50	76	215	0.351163	1.83853	RRD	PRRDQ	PRRDQ
T005	78	P24824	swissprot_n1	270	400	0.67375	1.65184	HLL	FHLLK	FHLLK
T005	79	Q9WUQ3	swissprot_n1	93	261	0.354406	1.59118	QQQ	QQQQQ	QQQQQ
T005	80	Q8ZQQ6	swissprot_n1	91	251	0.360558	1.38882	LLA	YLLAD	YLLAD
T005	81	random_UniRef50_A0A5J9VZT0	random_uniref50	71	215	0.327907	1.37263	SHD	PSHDE	PSHDE
T005	82	Q13MI0	swissprot_n1	290	372	0.778226	1.3433	NSS	RNSSI	RNSSI
T005	83	random_UniRef50_A0A5J9VZT0	random_uniref50	17	215	0.0767442	0.341592	LSS	LLSSS	LLSSS
T005	84	random_UniRef50_UPI003FD3D3C0	random_uniref50	92	127	0.720472	-0.010763	GAG	LGAGV	LGAGV
T005	85	random_UniRef50_UPI003FD3D3C0	random_uniref50	93	127	0.728346	-0.010763	AGV	GAGVQ	GAGVQ
T005	86	random_UniRef50_UPI003FD3D3C0	random_uniref50	94	127	0.73622	-0.010763	GVQ	AGVQT	AGVQT
T005	87	random_UniRef50_UPI003FD3D3C0	random_uniref50	95	127	0.744094	-0.010763	VQT	GVQTG	GVQTG
T005	88	random_UniRef50_UPI003FD3D3C0	random_uniref50	96	127	0.751969	-0.010763	QTG	VQTGS	VQTGS
T005	89	random_UniRef50_UPI003FD3D3C0	random_uniref50	97	127	0.759843	-0.010763	TGS	QTGSA	QTGSA
T005	90	random_UniRef50_UPI003FD3D3C0	random_uniref50	98	127	0.767717	-0.010763	GSA	TGSAK	TGSAK
T005	91	random_UniRef50_UPI003FD3D3C0	random_uniref50	99	127	0.775591	-0.010763	SAK	GSAKS	GSAKS
T005	92	random_UniRef50_UPI003FD3D3C0	random_uniref50	84	127	0.65748	-0.010763	GFL	QGFLT	QGFLT
T005	93	random_UniRef50_UPI003FD3D3C0	random_uniref50	85	127	0.665354	-0.010763	FLT	GFLTS	GFLTS
T005	94	random_UniRef50_UPI003FD3D3C0	random_uniref50	86	127	0.673228	-0.010763	LTS	FLTSI	FLTSI
T005	95	random_UniRef50_UPI003FD3D3C0	random_uniref50	87	127	0.681102	-0.010763	TSI	LTSIG	LTSIG
T005	96	random_UniRef50_UPI003FD3D3C0	random_uniref50	88	127	0.688976	-0.010763	SIG	TSIGL	TSIGL
T005	97	random_UniRef50_UPI003FD3D3C0	random_uniref50	89	127	0.69685	-0.010763	IGL	SIGLG	SIGLG
T005	98	random_UniRef50_UPI003FD3D3C0	random_uniref50	90	127	0.704724	-0.010763	GLG	IGLGA	IGLGA
T005	99	random_UniRef50_UPI003FD3D3C0	random_uniref50	91	127	0.712598	-0.010763	LGA	GLGAG	GLGAG
T005	100	random_UniRef50_UPI003FD3D3C0	random_uniref50	76	127	0.594488	-0.010763	VMA	RVMAL	RVMAL
T006	1	Q47AM4	swissprot_n1	109	132	0.82197	127.023	FFN	CFFNE	CFFNE
T006	2	A2Z388	swissprot_n1	103	246	0.416667	72.6016	GGA	GGGAA	GGGAA
T006	3	Q9FVW3	swissprot_n1	20	348	0.0560345	63.7328	GGS	GGGSK	GGGSK
T006	4	random_UniRef50_A0ABQ8T343	random_uniref50	84	92	0.907609	55.3897	NNN	NNNNN	NNNNN
T006	5	random_UniRef50_A0ABQ8T343	random_uniref50	85	92	0.918478	52.1821	NNN	NNNNN	NNNNN
T006	6	random_UniRef50_A0ABQ8T343	random_uniref50	83	92	0.896739	50.6766	NNN	NNNNN	NNNNN
T006	7	random_UniRef50_A0ABQ8T343	random_uniref50	86	92	0.929348	45.3241	NNN	NNNNN	NNNNN
T006	8	random_UniRef50_A0ABQ8T343	random_uniref50	87	92	0.940217	40.0773	NNN	NNNNN	NNNNN
T006	9	Q9FVW3	swissprot_n1	21	348	0.058908	39.9112	GSK	GGSKS	GGSKS
T006	10	random_UniRef50_A0ABQ8T343	random_uniref50	82	92	0.88587	34.0238	NNN	NNNNN	NNNNN
T006	11	random_UniRef50_A0ABQ8T343	random_uniref50	81	92	0.875	33.4286	NNN	NNNNN	NNNNN
T006	12	random_UniRef50_A0ABQ8T343	random_uniref50	80	92	0.86413	27.7388	NNN	NNNNN	NNNNN
T006	13	random_UniRef50_A0A5B8MGG3	random_uniref50	39	136	0.283088	23.9996	GGG	PGGGT	PGGGT
T006	14	Q9FVW3	swissprot_n1	331	348	0.949713	23.0818	FFS	PFFSK	PFFSK
T006	15	random_UniRef50_A0ABQ8T343	random_uniref50	89	92	0.961957	21.6062	NND	NNNDL	NNNDL
T006	16	random_UniRef50_A0ABQ8T343	random_uniref50	72	92	0.777174	20.9999	TNN	VTNNN	VTNNN
T006	17	random_UniRef50_A0ABQ8T343	random_uniref50	79	92	0.853261	20.9999	NNN	NNNNN	NNNNN
T006	18	random_UniRef50_A0ABQ8T343	random_uniref50	78	92	0.842391	20.9999	NNN	NNNNN	NNNNN
T006	19	random_UniRef50_A0ABQ8T343	random_uniref50	74	92	0.798913	20.9999	NNN	NNNNN	NNNNN
T006	20	random_UniRef50_A0ABQ8T343	random_uniref50	73	92	0.788043	20.9999	NNN	TNNNN	TNNNN
T006	21	random_UniRef50_A0ABQ8T343	random_uniref50	76	92	0.820652	20.9999	NNN	NNNNN	NNNNN
T006	22	random_UniRef50_A0ABQ8T343	random_uniref50	77	92	0.831522	20.9999	NNN	NNNNN	NNNNN
T006	23	random_UniRef50_A0ABQ8T343	random_uniref50	75	92	0.809783	20.9999	NNN	NNNNN	NNNNN
T006	24	random_UniRef50_A0ABQ8T343	random_uniref50	88	92	0.951087	19.4809	NNN	NNNND	NNNND
T006	25	random_UniRef50_A0A5B8MGG3	random_uniref50	40	136	0.290441	18.4976	GGT	GGGTS	GGGTS
T006	26	random_UniRef50_A0ABQ8T343	random_uniref50	11	92	0.11413	17.4364	EFR	CEFRV	CEFRV
T006	27	A8G8E0	swissprot_n1	33	394	0.0824873	15.4841	ITT	AITTV	AITTV
T006	28	A8G8E0	swissprot_n1	17	394	0.0418782	15.4841	GTI	VGTIG	VGTIG
T006	29	A8G8E0	swissprot_n1	20	394	0.0494924	15.4841	GHV	IGHVD	IGHVD
T006	30	A8G8E0	swissprot_n1	23	394	0.0571066	15.4841	DHG	VDHGK	VDHGK
T006	31	A8G8E0	swissprot_n1	21	394	0.0520305	15.4841	HVD	GHVDH	GHVDH
T006	32	A8G8E0	swissprot_n1	19	394	0.0469543	15.4841	IGH	TIGHV	TIGHV
T006	33	A8G8E0	swissprot_n1	24	394	0.0596447	15.4841	HGK	DHGKT	DHGKT
T006	34	A8G8E0	swissprot_n1	25	394	0.0621827	15.4841	GKT	HGKTT	HGKTT
T006	35	A8G8E0	swissprot_n1	26	394	0.0647208	15.4841	KTT	GKTTL	GKTTL
T006	36	A8G8E0	swissprot_n1	27	394	0.0672589	15.4841	TTL	KTTLT	KTTLT
T006	37	A8G8E0	swissprot_n1	29	394	0.072335	15.4841	LTA	TLTAA	TLTAA
T006	38	A8G8E0	swissprot_n1	28	394	0.069797	15.4841	TLT	TTLTA	TTLTA
T006	39	A8G8E0	swissprot_n1	30	394	0.0748731	15.4841	TAA	LTAAI	LTAAI
T006	40	A8G8E0	swissprot_n1	31	394	0.0774112	15.4841	AAI	TAAIT	TAAIT
T006	41	A8G8E0	swissprot_n1	18	394	0.0444162	15.4841	TIG	GTIGH	GTIGH
T006	42	A8G8E0	swissprot_n1	32	394	0.0799492	15.4841	AIT	AAITT	AAITT
T006	43	A8G8E0	swissprot_n1	22	394	0.0545685	15.4841	VDH	HVDHG	HVDHG
T006	44	P68431	swissprot_n1	68	136	0.496324	11.0281	PFQ	LPFQR	LPFQR
T006	45	P68431	swissprot_n1	64	136	0.466912	11.0281	IRK	LIRKL	LIRKL
T006	46	P68431	swissprot_n1	65	136	0.474265	11.0281	RKL	IRKLP	IRKLP
T006	47	P68431	swissprot_n1	63	136	0.459559	11.0281	LIR	LLIRK	LLIRK
T006	48	P68431	swissprot_n1	70	136	0.511029	11.0281	QRL	FQRLV	FQRLV
T006	49	P68431	swissprot_n1	71	136	0.518382	11.0281	RLV	QRLVR	QRLVR
T006	50	P68431	swissprot_n1	69	136	0.503676	11.0281	FQR	PFQRL	PFQRL
T006	51	P68431	swissprot_n1	67	136	0.488971	11.0281	LPF	KLPFQ	KLPFQ
T006	52	P68431	swissprot_n1	66	136	0.481618	11.0281	KLP	RKLPF	RKLPF
T006	53	P29225	swissprot_n1	72	331	0.216012	8.82881	GKT	SGKTT	SGKTT
T006	54	P29225	swissprot_n1	69	331	0.206949	8.82881	ESS	PESSG	PESSG
T006	55	P29225	swissprot_n1	67	331	0.200906	8.82881	GPE	YGPES	YGPES
T006	56	P29225	swissprot_n1	71	331	0.212991	8.82881	SGK	SSGKT	SSGKT
T006	57	P29225	swissprot_n1	70	331	0.20997	8.82881	SSG	ESSGK	ESSGK
T006	58	P29225	swissprot_n1	73	331	0.219033	8.82881	KTT	GKTTL	GKTTL
T006	59	P29225	swissprot_n1	74	331	0.222054	8.82881	TTL	KTTLT	KTTLT
T006	60	P29225	swissprot_n1	68	331	0.203927	8.82881	PES	GPESS	GPESS
T006	61	P29225	swissprot_n1	75	331	0.225076	8.82881	TLT	TTLTL	TTLTL
T006	62	A9HYZ1	swissprot_n1	89	319	0.277429	7.39761	STE	VSTEV	VSTEV
T006	63	A9HYZ1	swissprot_n1	92	319	0.286834	7.39761	VDA	EVDAR	EVDAR
T006	64	A9HYZ1	swissprot_n1	93	319	0.289969	7.39761	DAR	VDARL	VDARL
T006	65	A9HYZ1	swissprot_n1	90	319	0.280564	7.39761	TEV	STEVD	STEVD
T006	66	A9HYZ1	swissprot_n1	91	319	0.283699	7.39761	EVD	TEVDA	TEVDA
T006	67	A9HYZ1	swissprot_n1	96	319	0.299373	7.39761	LSF	RLSFD	RLSFD
T006	68	A9HYZ1	swissprot_n1	95	319	0.296238	7.39761	RLS	ARLSF	ARLSF
T006	69	A9HYZ1	swissprot_n1	94	319	0.293103	7.39761	ARL	DARLS	DARLS
T006	70	A8G8E0	swissprot_n1	377	394	0.955584	7.27114	AIR	FAIRE	FAIRE
T006	71	A8G8E0	swissprot_n1	376	394	0.953046	7.27114	FAI	RFAIR	RFAIR
T006	72	A8G8E0	swissprot_n1	380	394	0.963198	7.27114	EGG	REGGR	REGGR
T006	73	A8G8E0	swissprot_n1	378	394	0.958122	7.27114	IRE	AIREG	AIREG
T006	74	A8G8E0	swissprot_n1	372	394	0.942893	7.27114	DGL	DDGLR	DDGLR
T006	75	A8G8E0	swissprot_n1	386	394	0.978426	7.27114	GAG	VGAGV	VGAGV
T006	76	A8G8E0	swissprot_n1	387	394	0.980964	7.27114	AGV	GAGVV	GAGVV
T006	77	A8G8E0	swissprot_n1	383	394	0.970812	7.27114	RTV	GRTVG	GRTVG
T006	78	A8G8E0	swissprot_n1	384	394	0.97335	7.27114	TVG	RTVGA	RTVGA
T006	79	A8G8E0	swissprot_n1	382	394	0.968274	7.27114	GRT	GGRTV	GGRTV
T006	80	A8G8E0	swissprot_n1	385	394	0.975888	7.27114	VGA	TVGAG	TVGAG
T006	81	A8G8E0	swissprot_n1	374	394	0.94797	7.27114	LRF	GLRFA	GLRFA
T006	82	A8G8E0	swissprot_n1	379	394	0.96066	7.27114	REG	IREGG	IREGG
T006	83	A8G8E0	swissprot_n1	381	394	0.965736	7.27114	GGR	EGGRT	EGGRT
T006	84	A8G8E0	swissprot_n1	373	394	0.945431	7.27114	GLR	DGLRF	DGLRF
T006	85	A8G8E0	swissprot_n1	375	394	0.950508	7.27114	RFA	LRFAI	LRFAI
T006	86	P20360	swissprot_n1	34	379	0.0883905	6.91877	VFP	SVFPS	SVFPS
T006	87	B9KKD5	swissprot_n1	41	155	0.26129	6.47189	TYE	TTYER	TTYER
T006	88	A2T309	swissprot_n1	32	353	0.0892351	6.27096	GWF	IGWFG	IGWFG
T006	89	A2T309	swissprot_n1	37	353	0.103399	6.27096	LMI	VLMIP	VLMIP
T006	90	A2T309	swissprot_n1	38	353	0.106232	6.27096	MIP	LMIPT	LMIPT
T006	91	A2T309	swissprot_n1	39	353	0.109065	6.27096	IPT	MIPTL	MIPTL
T006	92	A2T309	swissprot_n1	40	353	0.111898	6.27096	PTL	IPTLL	IPTLL
T006	93	A2T309	swissprot_n1	33	353	0.092068	6.27096	WFG	GWFGV	GWFGV
T006	94	A2T309	swissprot_n1	34	353	0.0949008	6.27096	FGV	WFGVL	WFGVL
T006	95	A2T309	swissprot_n1	41	353	0.114731	6.27096	TLL	PTLLT	PTLLT
T006	96	A2T309	swissprot_n1	42	353	0.117564	6.27096	LLT	TLLTA	TLLTA
T006	97	A2T309	swissprot_n1	35	353	0.0977337	6.27096	GVL	FGVLM	FGVLM
T006	98	A2T309	swissprot_n1	36	353	0.100567	6.27096	VLM	GVLMI	GVLMI
T006	99	P0A839	swissprot_n1	264	388	0.679124	4.97849	VNG	MVNGA	MVNGA
T006	100	P0A839	swissprot_n1	266	388	0.684278	4.97849	GAG	NGAGL	NGAGL
T007	1	random_UniRef50_A0ABQ8T343	random_uniref50	89	92	0.961957	69.3029	NND	NNNDL	NNNDL
T007	2	random_UniRef50_A0ABQ8T343	random_uniref50	33	92	0.353261	66.229	KTK	VKTKY	VKTKY
T007	3	random_UniRef50_A0ABQ8T343	random_uniref50	87	92	0.940217	59.8772	NNN	NNNNN	NNNNN
T007	4	random_UniRef50_A0ABQ8T343	random_uniref50	88	92	0.951087	57.3063	NNN	NNNND	NNNND
T007	5	random_UniRef50_A0ABQ8T343	random_uniref50	86	92	0.929348	57.1973	NNN	NNNNN	NNNNN
T007	6	Q329L3	swissprot_n1	37	238	0.153361	55.2456	KVL	TKVLC	TKVLC
T007	7	Q9BIG5	swissprot_n1	64	359	0.17688	51.9318	QEQ	KQEQM	KQEQM
T007	8	P08290	swissprot_n1	26	301	0.0847176	50.0904	EQG	EEQGS	EEQGS
T007	9	random_UniRef50_A0ABQ8T343	random_uniref50	59	92	0.63587	50.0411	EEV	FEEVE	FEEVE
T007	10	A8LX76	swissprot_n1	54	226	0.236726	41.2885	DEE	EDEEA	EDEEA
T007	11	random_UniRef50_A0ABQ8T343	random_uniref50	85	92	0.918478	38.0482	NNN	NNNNN	NNNNN
T007	12	Q667V2	swissprot_n1	59	303	0.193069	28.145	QAI	YQAIY	YQAIY
T007	13	Q83HC7	swissprot_n1	76	124	0.608871	26.019	QEH	LQEHS	LQEHS
T007	14	Q9FKI4	swissprot_n1	166	192	0.861979	22.7079	HHH	HHHHG	HHHHG
T007	15	Q10355	swissprot_n1	43	219	0.194064	22.4825	NDE	VNDES	VNDES
T007	16	A0K4K6	swissprot_n1	65	130	0.496154	22.1313	KVN	IKVNV	IKVNV
T007	17	B8E3P6	swissprot_n1	54	360	0.148611	19.9148	RSH	FRSHL	FRSHL
T007	18	O73872	swissprot_n1	50	154	0.321429	19.8625	HAF	VHAFG	VHAFG
T007	19	random_UniRef50_A0A8X6IGK0	random_uniref50	65	104	0.620192	19.0918	NDP	ANDPY	ANDPY
T007	20	Q99PD4	swissprot_n1	62	370	0.166216	16.7534	APK	WAPKS	WAPKS
T007	21	random_UniRef50_A0ABQ8T343	random_uniref50	77	92	0.831522	15.5336	NNN	NNNNN	NNNNN
T007	22	random_UniRef50_A0ABQ8T343	random_uniref50	76	92	0.820652	15.5336	NNN	NNNNN	NNNNN
T007	23	random_UniRef50_A0ABQ8T343	random_uniref50	75	92	0.809783	15.5336	NNN	NNNNN	NNNNN
T007	24	random_UniRef50_A0ABQ8T343	random_uniref50	78	92	0.842391	15.5336	NNN	NNNNN	NNNNN
T007	25	random_UniRef50_A0ABQ8T343	random_uniref50	72	92	0.777174	15.5336	TNN	VTNNN	VTNNN
T007	26	random_UniRef50_A0ABQ8T343	random_uniref50	73	92	0.788043	15.5336	NNN	TNNNN	TNNNN
T007	27	random_UniRef50_A0ABQ8T343	random_uniref50	79	92	0.853261	15.5336	NNN	NNNNN	NNNNN
T007	28	random_UniRef50_A0ABQ8T343	random_uniref50	80	92	0.86413	15.5336	NNN	NNNNN	NNNNN
T007	29	random_UniRef50_A0ABQ8T343	random_uniref50	81	92	0.875	15.5336	NNN	NNNNN	NNNNN
T007	30	random_UniRef50_A0ABQ8T343	random_uniref50	82	92	0.88587	15.5336	NNN	NNNNN	NNNNN
T007	31	random_UniRef50_A0ABQ8T343	random_uniref50	84	92	0.907609	15.5336	NNN	NNNNN	NNNNN
T007	32	random_UniRef50_A0ABQ8T343	random_uniref50	74	92	0.798913	15.5336	NNN	NNNNN	NNNNN
T007	33	random_UniRef50_A0ABQ8T343	random_uniref50	83	92	0.896739	15.5336	NNN	NNNNN	NNNNN
T007	34	Q9LE63	swissprot_n1	74	345	0.213043	14.826	QEE	VQEEQ	VQEEQ
T007	35	B2RLX7	swissprot_n1	164	183	0.893443	13.5343	GKG	KGKGV	KGKGV
T007	36	B2RLX7	swissprot_n1	165	183	0.898907	13.5343	KGV	GKGVK	GKGVK
T007	37	B2RLX7	swissprot_n1	160	183	0.871585	13.5343	EPY	PEPYK	PEPYK
T007	38	B2RLX7	swissprot_n1	161	183	0.877049	13.5343	PYK	EPYKG	EPYKG
T007	39	B2RLX7	swissprot_n1	162	183	0.882514	13.5343	YKG	PYKGK	PYKGK
T007	40	B2RLX7	swissprot_n1	159	183	0.86612	13.5343	PEP	KPEPY	KPEPY
T007	41	B2RLX7	swissprot_n1	158	183	0.860656	13.5343	KPE	RKPEP	RKPEP
T007	42	B2RLX7	swissprot_n1	163	183	0.887978	13.5343	KGK	YKGKG	YKGKG
T007	43	A5UAH8	swissprot_n1	66	335	0.195522	12.152	GLG	PGLGK	PGLGK
T007	44	A5UAH8	swissprot_n1	64	335	0.189552	12.152	PPG	GPPGL	GPPGL
T007	45	A5UAH8	swissprot_n1	65	335	0.192537	12.152	PGL	PPGLG	PPGLG
T007	46	A5UAH8	swissprot_n1	67	335	0.198507	12.152	LGK	GLGKT	GLGKT
T007	47	A5UAH8	swissprot_n1	71	335	0.210448	12.152	TLA	TTLAN	TTLAN
T007	48	A5UAH8	swissprot_n1	70	335	0.207463	12.152	TTL	KTTLA	KTTLA
T007	49	A5UAH8	swissprot_n1	69	335	0.204478	12.152	KTT	GKTTL	GKTTL
T007	50	A5UAH8	swissprot_n1	63	335	0.186567	12.152	GPP	FGPPG	FGPPG
T007	51	A5UAH8	swissprot_n1	68	335	0.201493	12.152	GKT	LGKTT	LGKTT
T007	52	P0AAH0	swissprot_n1	47	257	0.180934	11.6906	GCG	SGCGK	SGCGK
T007	53	P0AAH0	swissprot_n1	44	257	0.169261	11.6906	GPS	IGPSG	IGPSG
T007	54	P0AAH0	swissprot_n1	45	257	0.173152	11.6906	PSG	GPSGC	GPSGC
T007	55	P0AAH0	swissprot_n1	46	257	0.177043	11.6906	SGC	PSGCG	PSGCG
T007	56	P0AAH0	swissprot_n1	51	257	0.196498	11.6906	STL	KSTLL	KSTLL
T007	57	P0AAH0	swissprot_n1	49	257	0.188716	11.6906	GKS	CGKST	CGKST
T007	58	P0AAH0	swissprot_n1	48	257	0.184825	11.6906	CGK	GCGKS	GCGKS
T007	59	P0AAH0	swissprot_n1	52	257	0.200389	11.6906	TLL	STLLR	STLLR
T007	60	P0AAH0	swissprot_n1	53	257	0.20428	11.6906	LLR	TLLRT	TLLRT
T007	61	P0AAH0	swissprot_n1	50	257	0.192607	11.6906	KST	GKSTL	GKSTL
T007	62	B2AGU6	swissprot_n1	263	291	0.902062	10.7577	RSV	HRSVY	HRSVY
T007	63	B2AGU6	swissprot_n1	262	291	0.898625	10.7577	HRS	QHRSV	QHRSV
T007	64	B2AGU6	swissprot_n1	260	291	0.891753	10.7577	GQH	GGQHR	GGQHR
T007	65	B2AGU6	swissprot_n1	258	291	0.88488	10.7577	TGG	CTGGQ	CTGGQ
T007	66	B2AGU6	swissprot_n1	259	291	0.888316	10.7577	GGQ	TGGQH	TGGQH
T007	67	B2AGU6	swissprot_n1	261	291	0.895189	10.7577	QHR	GQHRS	GQHRS
T007	68	B2AGU6	swissprot_n1	253	291	0.867698	10.7577	VAI	TVAIG	TVAIG
T007	69	B2AGU6	swissprot_n1	255	291	0.87457	10.7577	IGC	AIGCT	AIGCT
T007	70	B2AGU6	swissprot_n1	256	291	0.878007	10.7577	GCT	IGCTG	IGCTG
T007	71	B2AGU6	swissprot_n1	257	291	0.881443	10.7577	CTG	GCTGG	GCTGG
T007	72	B2AGU6	swissprot_n1	254	291	0.871134	10.7577	AIG	VAIGC	VAIGC
T007	73	O03848	swissprot_n1	111	230	0.480435	10.6228	YTD	EYTDY	EYTDY
T007	74	O03848	swissprot_n1	110	230	0.476087	10.6228	EYT	YEYTD	YEYTD
T007	75	O03848	swissprot_n1	112	230	0.484783	10.6228	TDY	YTDYE	YTDYE
T007	76	O03848	swissprot_n1	109	230	0.471739	10.6228	YEY	SYEYT	SYEYT
T007	77	O03848	swissprot_n1	108	230	0.467391	10.6228	SYE	WSYEY	WSYEY
T007	78	O03848	swissprot_n1	106	230	0.458696	10.6228	YWS	WYWSY	WYWSY
T007	79	O03848	swissprot_n1	103	230	0.445652	10.6228	HQW	GHQWY	GHQWY
T007	80	O03848	swissprot_n1	104	230	0.45	10.6228	QWY	HQWYW	HQWYW
T007	81	O03848	swissprot_n1	107	230	0.463043	10.6228	WSY	YWSYE	YWSYE
T007	82	O03848	swissprot_n1	102	230	0.441304	10.6228	GHQ	MGHQW	MGHQW
T007	83	O03848	swissprot_n1	105	230	0.454348	10.6228	WYW	QWYWS	QWYWS
T007	84	Q1R0I5	swissprot_n1	141	230	0.61087	9.64242	PKV	NPKVG	NPKVG
T007	85	Q1R0I5	swissprot_n1	143	230	0.619565	9.64242	VGT	KVGTV	KVGTV
T007	86	Q1R0I5	swissprot_n1	145	230	0.628261	9.64242	TVT	GTVTP	GTVTP
T007	87	Q1R0I5	swissprot_n1	136	230	0.58913	9.64242	GLM	RGLMP	RGLMP
T007	88	Q1R0I5	swissprot_n1	134	230	0.580435	9.64242	PRG	GPRGL	GPRGL
T007	89	Q1R0I5	swissprot_n1	133	230	0.576087	9.64242	GPR	LGPRG	LGPRG
T007	90	Q1R0I5	swissprot_n1	135	230	0.584783	9.64242	RGL	PRGLM	PRGLM
T007	91	Q1R0I5	swissprot_n1	138	230	0.597826	9.64242	MPN	LMPNP	LMPNP
T007	92	Q1R0I5	swissprot_n1	146	230	0.632609	9.64242	VTP	TVTPD	TVTPD
T007	93	Q1R0I5	swissprot_n1	144	230	0.623913	9.64242	GTV	VGTVT	VGTVT
T007	94	Q1R0I5	swissprot_n1	139	230	0.602174	9.64242	PNP	MPNPK	MPNPK
T007	95	Q1R0I5	swissprot_n1	140	230	0.606522	9.64242	NPK	PNPKV	PNPKV
T007	96	Q1R0I5	swissprot_n1	142	230	0.615217	9.64242	KVG	PKVGT	PKVGT
T007	97	Q1R0I5	swissprot_n1	137	230	0.593478	9.64242	LMP	GLMPN	GLMPN
T007	98	A7X160	swissprot_n1	306	352	0.867898	8.6203	SEY	SSEYS	SSEYS
T007	99	A9NYY0	swissprot_n1	61	393	0.153944	8.5468	KAD	TKADI	TKADI
T007	100	B4SWP7	swissprot_n1	271	375	0.721333	8.27602	RNA	TRNAR	TRNAR
T008	1	random_UniRef50_UPI000BEFCD6D	random_uniref50	49	82	0.591463	109.975	LRI	FLRIG	FLRIG
T008	2	Q633I4	swissprot_n1	30	227	0.129956	72.3908	NPK	GNPKT	GNPKT
T008	3	Q0HVI0	swissprot_n1	19	351	0.0527066	53.0039	LGK	LLGKM	LLGKM
T008	4	B2UL32	swissprot_n1	33	270	0.12037	44.5788	MKR	FMKRT	FMKRT
T008	5	Q4A9R0	swissprot_n1	126	185	0.678378	37.1627	LPA	ELPAK	ELPAK
T008	6	B5EWS4	swissprot_n1	117	303	0.384488	34.1086	LPR	LLPRA	LLPRA
T008	7	B9MH49	swissprot_n1	129	168	0.764881	33.2563	IPT	NIPTK	NIPTK
T008	8	Q1JE85	swissprot_n1	15	335	0.0432836	31.7448	APK	NAPKA	NAPKA
T008	9	A1SRS0	swissprot_n1	26	136	0.1875	31.0106	LPH	RLPHA	RLPHA
T008	10	P15094	swissprot_n1	24	149	0.157718	30.8008	DGD	KDGDG	KDGDG
T008	11	P15094	swissprot_n1	23	149	0.151007	30.8008	KDG	DKDGD	DKDGD
T008	12	P15094	swissprot_n1	22	149	0.144295	30.8008	DKD	FDKDG	FDKDG
T008	13	P0C8Z1	swissprot_n1	205	294	0.695578	29.9309	LPE	VLPEL	VLPEL
T008	14	P15094	swissprot_n1	95	149	0.634228	24.68	DKD	FDKDG	FDKDG
T008	15	P15094	swissprot_n1	96	149	0.64094	24.68	KDG	DKDGN	DKDGN
T008	16	P15094	swissprot_n1	97	149	0.647651	24.68	DGN	KDGNG	KDGNG
T008	17	Q9XDZ7	swissprot_n1	34	273	0.122711	24.1289	LPH	QLPHE	QLPHE
T008	18	C6DEQ3	swissprot_n1	309	376	0.820479	22.6802	PPR	NPPRR	NPPRR
T008	19	B1LPK4	swissprot_n1	160	165	0.966667	20.551	LPA	FLPAS	FLPAS
T008	20	P50060	swissprot_n1	127	239	0.529289	20.0264	QPT	GQPTG	GQPTG
T008	21	random_UniRef50_UPI000BEFCD6D	random_uniref50	41	82	0.493902	18.4846	IRF	DIRFV	DIRFV
T008	22	P15094	swissprot_n1	135	149	0.902685	18.3764	DGQ	GDGQI	GDGQI
T008	23	P15094	swissprot_n1	134	149	0.895973	18.3764	GDG	DGDGQ	DGDGQ
T008	24	P15094	swissprot_n1	131	149	0.875839	18.3764	DID	ADIDG	ADIDG
T008	25	P15094	swissprot_n1	132	149	0.88255	18.3764	IDG	DIDGD	DIDGD
T008	26	P15094	swissprot_n1	133	149	0.889262	18.3764	DGD	IDGDG	IDGDG
T008	27	P15094	swissprot_n1	67	149	0.446309	17.8441	FPE	DFPEF	DFPEF
T008	28	P15094	swissprot_n1	57	149	0.379195	17.6984	VDA	EVDAD	EVDAD
T008	29	P15094	swissprot_n1	60	149	0.399329	17.6984	DGN	ADGNG	ADGNG
T008	30	P15094	swissprot_n1	56	149	0.372483	17.6984	EVD	NEVDA	NEVDA
T008	31	P15094	swissprot_n1	58	149	0.385906	17.6984	DAD	VDADG	VDADG
T008	32	P15094	swissprot_n1	59	149	0.392617	17.6984	ADG	DADGN	DADGN
T008	33	P01844	swissprot_n1	34	104	0.322115	17.5742	SPS	FSPSG	FSPSG
T008	34	Q02IQ1	swissprot_n1	181	369	0.48916	17.5055	VPS	AVPSG	AVPSG
T008	35	Q5E4Z3	swissprot_n1	65	303	0.212871	17.4198	IPG	GIPGM	GIPGM
T008	36	Q97FV2	swissprot_n1	147	333	0.43994	17.3103	LPL	TLPLN	TLPLN
T008	37	Q65G65	swissprot_n1	230	395	0.581013	14.741	TPL	FTPLA	FTPLA
T008	38	P20360	swissprot_n1	30	379	0.0778364	13.8137	QPC	NQPCS	NQPCS
T008	39	P50060	swissprot_n1	121	239	0.504184	13.3444	SPD	MSPDG	MSPDG
T008	40	A2Z388	swissprot_n1	54	246	0.21748	12.9325	RGG	RRGGA	RRGGA
T008	41	A2Z388	swissprot_n1	55	246	0.221545	12.9325	GGA	RGGAG	RGGAG
T008	42	A2Z388	swissprot_n1	53	246	0.213415	12.9325	RRG	RRRGG	RRRGG
T008	43	Q487R8	swissprot_n1	23	153	0.147059	12.3595	EPT	REPTI	REPTI
T008	44	P15094	swissprot_n1	21	149	0.137584	12.1349	FDK	LFDKD	LFDKD
T008	45	P15094	swissprot_n1	20	149	0.130872	12.1349	LFD	SLFDK	SLFDK
T008	46	C1KWZ5	swissprot_n1	90	143	0.625874	11.4423	IPS	NIPSN	NIPSN
T008	47	Q8UVR3	swissprot_n1	243	400	0.60625	11.0933	KPC	SKPCR	SKPCR
T008	48	Q8UVR3	swissprot_n1	242	400	0.60375	11.0933	SKP	SSKPC	SSKPC
T008	49	Q65G65	swissprot_n1	245	395	0.618987	11.0663	DPA	IDPAL	IDPAL
T008	50	P15094	swissprot_n1	25	149	0.16443	11.0298	GDG	DGDGT	DGDGT
T008	51	P15094	swissprot_n1	27	149	0.177852	11.0298	GTI	DGTIT	DGTIT
T008	52	P15094	swissprot_n1	29	149	0.191275	11.0298	ITT	TITTK	TITTK
T008	53	P15094	swissprot_n1	28	149	0.184564	11.0298	TIT	GTITT	GTITT
T008	54	P15094	swissprot_n1	26	149	0.171141	11.0298	DGT	GDGTI	GDGTI
T008	55	Q2G1N3	swissprot_n1	29	326	0.0874233	10.9205	FPK	LFPKH	LFPKH
T008	56	E0CPH4	swissprot_n1	27	226	0.117257	10.6729	NGI	RNGIF	RNGIF
T008	57	E0CPH4	swissprot_n1	26	226	0.112832	10.6729	RNG	RRNGI	RRNGI
T008	58	P15094	swissprot_n1	98	149	0.654362	10.1277	GNG	DGNGF	DGNGF
T008	59	P15094	swissprot_n1	99	149	0.661074	10.1277	NGF	GNGFI	GNGFI
T008	60	Q9LE63	swissprot_n1	86	345	0.247826	9.91488	LGN	LLGNR	LLGNR
T008	61	Q9LE63	swissprot_n1	84	345	0.242029	9.91488	ALL	HALLG	HALLG
T008	62	Q9LE63	swissprot_n1	85	345	0.244928	9.91488	LLG	ALLGN	ALLGN
T008	63	Q9LE63	swissprot_n1	83	345	0.23913	9.91488	HAL	LHALL	LHALL
T008	64	Q9LE63	swissprot_n1	32	345	0.0913043	9.86078	EHG	EEHGH	EEHGH
T008	65	Q9LE63	swissprot_n1	33	345	0.0942029	9.86078	HGH	EHGHG	EHGHG
T008	66	Q13MI0	swissprot_n1	137	372	0.366935	9.64348	VPR	PVPRK	PVPRK
T008	67	A2Z388	swissprot_n1	57	246	0.229675	9.44094	AGR	GAGRW	GAGRW
T008	68	A2Z388	swissprot_n1	56	246	0.22561	9.44094	GAG	GGAGR	GGAGR
T008	69	P15094	swissprot_n1	80	149	0.533557	9.31277	DTD	KDTDS	KDTDS
T008	70	P15094	swissprot_n1	81	149	0.540268	9.31277	TDS	DTDSE	DTDSE
T008	71	P15094	swissprot_n1	82	149	0.54698	9.31277	DSE	TDSEE	TDSEE
T008	72	Q9LE63	swissprot_n1	35	345	0.1	9.1196	HGS	GHGSW	GHGSW
T008	73	Q9LE63	swissprot_n1	34	345	0.0971014	9.1196	GHG	HGHGS	HGHGS
T008	74	Q9LE63	swissprot_n1	36	345	0.102899	9.1196	GSW	HGSWR	HGSWR
T008	75	B4SWP7	swissprot_n1	249	375	0.662667	9.11672	KPE	GKPED	GKPED
T008	76	B0BS35	swissprot_n1	290	344	0.84157	8.88945	LGT	VLGTC	VLGTC
T008	77	B7UM08	swissprot_n1	57	167	0.338323	8.70059	GAN	RGANF	RGANF
T008	78	Q8UVR3	swissprot_n1	241	400	0.60125	8.56622	SSK	VSSKP	VSSKP
T008	79	Q8UVR3	swissprot_n1	240	400	0.59875	8.56622	VSS	EVSSK	EVSSK
T008	80	Q8UVR3	swissprot_n1	239	400	0.59625	8.56622	EVS	FEVSS	FEVSS
T008	81	Q5RBF1	swissprot_n1	203	352	0.575284	8.56005	LPA	SLPAR	SLPAR
T008	82	random_UniRef50_UPI000BEFCD6D	random_uniref50	29	82	0.347561	8.49202	DIN	EDINQ	EDINQ
T008	83	random_UniRef50_UPI000BEFCD6D	random_uniref50	30	82	0.359756	8.49202	INQ	DINQD	DINQD
T008	84	random_UniRef50_UPI000BEFCD6D	random_uniref50	28	82	0.335366	8.49202	EDI	KEDIN	KEDIN
T008	85	Q8NZY8	swissprot_n1	35	274	0.125912	8.31616	LRK	YLRKH	YLRKH
T008	86	P15094	swissprot_n1	127	149	0.848993	8.08638	IRE	MIREA	MIREA
T008	87	P15094	swissprot_n1	129	149	0.862416	8.08638	EAD	READI	READI
T008	88	P15094	swissprot_n1	130	149	0.869128	8.08638	ADI	EADID	EADID
T008	89	P15094	swissprot_n1	128	149	0.855705	8.08638	REA	IREAD	IREAD
T008	90	P15094	swissprot_n1	42	149	0.278524	8.03118	GQN	VGQNP	VGQNP
T008	91	P15094	swissprot_n1	43	149	0.285235	8.03118	QNP	GQNPT	GQNPT
T008	92	P15094	swissprot_n1	44	149	0.291946	8.03118	NPT	QNPTE	QNPTE
T008	93	A2Z388	swissprot_n1	58	246	0.23374	7.60443	GRW	AGRWV	AGRWV
T008	94	A2Z388	swissprot_n1	59	246	0.237805	7.60443	RWV	GRWVC	GRWVC
T008	95	Q9WUQ3	swissprot_n1	135	261	0.515326	7.4629	PGR	APGRK	APGRK
T008	96	Q9WUQ3	swissprot_n1	134	261	0.511494	7.4629	APG	GAPGR	GAPGR
T008	97	Q9WUQ3	swissprot_n1	133	261	0.507663	7.4629	GAP	QGAPG	QGAPG
T008	98	A2Z388	swissprot_n1	65	246	0.262195	7.14105	RVP	VRVPG	VRVPG
T008	99	A2Z388	swissprot_n1	67	246	0.270325	7.14105	PGK	VPGKR	VPGKR
T008	100	A2Z388	swissprot_n1	66	246	0.26626	7.14105	VPG	RVPGK	RVPGK
T009	1	random_UniRef50_UPI003C7C62D2	random_uniref50	155	232	0.665948	90.3474	LGG	VLGGE	VLGGE
T009	2	Q2T2A9	swissprot_n1	138	285	0.482456	46.8449	KHR	VKHRD	VKHRD
T009	3	Q6HPD7	swissprot_n1	74	152	0.483553	43.7285	HLH	YHLHI	YHLHI
T009	4	P0A6K4	swissprot_n1	140	169	0.825444	41.3754	VGK	LVGKL	LVGKL
T009	5	A9NC56	swissprot_n1	121	152	0.792763	34.1955	LGY	LLGYD	LLGYD
T009	6	Q8UVR3	swissprot_n1	361	400	0.90125	23.3729	DTS	SDTSL	SDTSL
T009	7	Q8UVR3	swissprot_n1	362	400	0.90375	23.3729	TSL	DTSLT	DTSLT
T009	8	Q8UVR3	swissprot_n1	363	400	0.90625	23.3729	SLT	TSLTS	TSLTS
T009	9	Q8UVR3	swissprot_n1	366	400	0.91375	23.3545	SLS	TSLSD	TSLSD
T009	10	Q8UVR3	swissprot_n1	365	400	0.91125	23.3545	TSL	LTSLS	LTSLS
T009	11	Q8UVR3	swissprot_n1	364	400	0.90875	23.3545	LTS	SLTSL	SLTSL
T009	12	B7I4X6	swissprot_n1	157	227	0.689427	23.3025	TSL	STSLH	STSLH
T009	13	B7I4X6	swissprot_n1	158	227	0.693833	23.3025	SLH	TSLHE	TSLHE
T009	14	B7I4X6	swissprot_n1	156	227	0.685022	23.3025	STS	PSTSL	PSTSL
T009	15	B9MS26	swissprot_n1	117	300	0.388333	23.2605	SLV	TSLVD	TSLVD
T009	16	B9MS26	swissprot_n1	116	300	0.385	23.2605	TSL	LTSLV	LTSLV
T009	17	B9MS26	swissprot_n1	115	300	0.381667	23.2605	LTS	ILTSL	ILTSL
T009	18	Q9LEH3	swissprot_n1	161	327	0.490826	23.2151	TSL	NTSLP	NTSLP
T009	19	Q9LEH3	swissprot_n1	162	327	0.493884	23.2151	SLP	TSLPS	TSLPS
T009	20	Q9LEH3	swissprot_n1	160	327	0.487768	23.2151	NTS	ANTSL	ANTSL
T009	21	P22674	swissprot_n1	331	350	0.944286	23.0189	SLT	TSLTH	TSLTH
T009	22	P22674	swissprot_n1	330	350	0.941429	23.0189	TSL	STSLT	STSLT
T009	23	P22674	swissprot_n1	329	350	0.938571	23.0189	STS	NSTSL	NSTSL
T009	24	Q65FU5	swissprot_n1	61	157	0.38535	22.9761	LAF	LLAFT	LLAFT
T009	25	Q9SIP7	swissprot_n1	70	250	0.278	22.8967	LTS	ELTSL	ELTSL
T009	26	Q9SIP7	swissprot_n1	72	250	0.286	22.8967	SLV	TSLVQ	TSLVQ
T009	27	Q9SIP7	swissprot_n1	71	250	0.282	22.8967	TSL	LTSLV	LTSLV
T009	28	Q5RBF1	swissprot_n1	226	352	0.640625	22.6076	TSL	GTSLQ	GTSLQ
T009	29	Q5RBF1	swissprot_n1	227	352	0.643466	22.6076	SLQ	TSLQV	TSLQV
T009	30	Q5RBF1	swissprot_n1	225	352	0.637784	22.6076	GTS	MGTSL	MGTSL
T009	31	Q9SL78	swissprot_n1	185	390	0.473077	22.2973	SLR	TSLRI	TSLRI
T009	32	Q9SL78	swissprot_n1	183	390	0.467949	22.2973	STS	SSTSL	SSTSL
T009	33	Q9SL78	swissprot_n1	184	390	0.470513	22.2973	TSL	STSLR	STSLR
T009	34	P37729	swissprot_n1	164	274	0.596715	22.2134	PTS	IPTSL	IPTSL
T009	35	P37729	swissprot_n1	166	274	0.604015	22.2134	SLD	TSLDE	TSLDE
T009	36	P37729	swissprot_n1	165	274	0.600365	22.2134	TSL	PTSLD	PTSLD
T009	37	A4FZN7	swissprot_n1	9	126	0.0674603	21.4223	TSV	ATSVL	ATSVL
T009	38	random_UniRef50_UPI003C7C62D2	random_uniref50	74	232	0.31681	19.9915	FPL	GFPLV	GFPLV
T009	39	random_UniRef50_UPI003C7C62D2	random_uniref50	73	232	0.3125	19.9915	GFP	LGFPL	LGFPL
T009	40	random_UniRef50_UPI003C7C62D2	random_uniref50	75	232	0.321121	19.9915	PLV	FPLVS	FPLVS
T009	41	Q8ZW80	swissprot_n1	236	345	0.682609	16.763	LER	ALERV	ALERV
T009	42	Q8DET7	swissprot_n1	75	370	0.201351	15.6751	FAD	LFADA	LFADA
T009	43	P18286	swissprot_n1	299	329	0.907295	13.9499	EGA	PEGAA	PEGAA
T009	44	Q57L24	swissprot_n1	255	292	0.871575	12.9983	EGE	QEGED	QEGED
T009	45	Q21J11	swissprot_n1	238	255	0.931373	12.8574	GGV	PGGVD	PGGVD
T009	46	Q02IQ1	swissprot_n1	299	369	0.808943	12.8453	PGA	QPGAF	QPGAF
T009	47	Q6Q788	swissprot_n1	320	366	0.872951	12.6881	PGH	PPGHS	PPGHS
T009	48	A8FHS4	swissprot_n1	268	310	0.862903	12.4247	PGR	RPGRN	RPGRN
T009	49	A0A367	swissprot_n1	252	335	0.750746	12.2471	FFF	PFFFH	PFFFH
T009	50	Q1QH29	swissprot_n1	78	326	0.23773	11.8701	IVC	GIVCP	GIVCP
T009	51	Q3YYT5	swissprot_n1	224	229	0.975983	11.7896	VLP	PVLPA	PVLPA
T009	52	B0THR7	swissprot_n1	191	306	0.622549	11.7729	LGC	RLGCG	RLGCG
T009	53	C3PM81	swissprot_n1	247	259	0.951737	11.7447	LLL	MLLLG	MLLLG
T009	54	Q2SEP7	swissprot_n1	262	324	0.807099	11.4218	AAY	PAAYG	PAAYG
T009	55	B6HEM2	swissprot_n1	242	395	0.611392	11.4158	VGA	KVGAT	KVGAT
T009	56	random_UniRef50_UPI003C7C62D2	random_uniref50	215	232	0.924569	11.3386	LLA	PLLAT	PLLAT
T009	57	B6IN13	swissprot_n1	273	291	0.936426	11.109	PTQ	PPTQA	PPTQA
T009	58	Q72N87	swissprot_n1	218	290	0.75	10.8838	DFF	EDFFN	EDFFN
T009	59	A0A367	swissprot_n1	251	335	0.747761	10.6522	PFF	APFFF	APFFF
T009	60	B1WNP5	swissprot_n1	274	398	0.687186	10.5818	ALS	YALSW	YALSW
T009	61	B1WNP5	swissprot_n1	271	398	0.679648	10.3864	LLY	PLLYA	PLLYA
T009	62	C3PM81	swissprot_n1	246	259	0.947876	10.0554	MLL	PMLLL	PMLLL
T009	63	C3PM81	swissprot_n1	248	259	0.955598	9.81256	LLG	LLLGG	LLLGG
T009	64	B3EPK0	swissprot_n1	246	313	0.784345	9.60591	IGS	PIGSY	PIGSY
T009	65	A7N655	swissprot_n1	221	342	0.644737	9.59748	ILK	PILKR	PILKR
T009	66	Q72N87	swissprot_n1	217	290	0.746552	9.5129	EDF	PEDFF	PEDFF
T009	67	Q4ZPE5	swissprot_n1	257	319	0.804075	9.3975	LWM	ELWMR	ELWMR
T009	68	B1WNP5	swissprot_n1	272	398	0.682161	9.38544	LYA	LLYAL	LLYAL
T009	69	Q487H6	swissprot_n1	288	352	0.816761	9.21393	QGV	RQGVK	RQGVK
T009	70	random_UniRef50_UPI003C7C62D2	random_uniref50	212	232	0.911638	9.11632	ALP	PALPL	PALPL
T009	71	Q39QR8	swissprot_n1	320	392	0.815051	9.06037	AAS	PAASH	PAASH
T009	72	random_UniRef50_UPI003C7C62D2	random_uniref50	218	232	0.9375	9.03684	TGG	ATGGV	ATGGV
T009	73	Q889J2	swissprot_n1	245	317	0.771293	8.96881	LSN	PLSNT	PLSNT
T009	74	Q72N87	swissprot_n1	214	290	0.736207	8.95205	YLP	PYLPE	PYLPE
T009	75	Q61125	swissprot_n1	226	334	0.67515	8.87757	ILY	AILYF	AILYF
T009	76	Q2SEP7	swissprot_n1	256	324	0.78858	8.84722	PGV	APGVS	APGVS
T009	77	P33091	swissprot_n1	158	200	0.7875	8.80401	AMH	MAMHA	MAMHA
T009	78	Q1QH29	swissprot_n1	188	326	0.575153	8.80228	AGV	PAGVI	PAGVI
T009	79	Q73SJ5	swissprot_n1	286	320	0.892187	8.77706	ELM	PELMA	PELMA
T009	80	B0UFS2	swissprot_n1	244	317	0.768139	8.7283	ALG	VALGF	VALGF
T009	81	Q9BIG5	swissprot_n1	293	359	0.814763	8.62362	EYQ	PEYQG	PEYQG
T009	82	A0A367	swissprot_n1	250	335	0.744776	8.50762	APF	LAPFF	LAPFF
T009	83	B1WNP5	swissprot_n1	270	398	0.677136	8.49275	PLL	LPLLY	LPLLY
T009	84	Q2SEP7	swissprot_n1	261	324	0.804012	8.48308	PAA	APAAY	APAAY
T009	85	Q7CPQ7	swissprot_n1	263	284	0.924296	8.36302	PAK	QPAKQ	QPAKQ
T009	86	Q3SIB0	swissprot_n1	242	256	0.943359	8.34201	ATV	PATVF	PATVF
T009	87	Q9XDZ7	swissprot_n1	241	273	0.880952	8.20623	PSY	EPSYS	EPSYS
T009	88	A9NYY0	swissprot_n1	236	393	0.599237	8.19535	SGR	PSGRF	PSGRF
T009	89	P22674	swissprot_n1	349	350	0.995714	8.12955	SSK	edge	PSSK
T009	90	B1WNP5	swissprot_n1	276	398	0.692211	8.11714	SWP	LSWPE	LSWPE
T009	91	Q8DL38	swissprot_n1	269	360	0.745833	8.10671	PGT	IPGTP	IPGTP
T009	92	B5R6X5	swissprot_n1	104	288	0.359375	8.07884	AGI	PAGID	PAGID
T009	93	Q53084	swissprot_n1	251	255	0.982353	8.0593	NGD	ANGDA	ANGDA
T009	94	Q72N87	swissprot_n1	215	290	0.739655	8.02127	LPE	YLPED	YLPED
T009	95	Q9SIP7	swissprot_n1	250	250	0.998	8.01426	edge	edge	PVA
T009	96	Q21J11	swissprot_n1	237	255	0.927451	8.00608	PGG	VPGGV	VPGGV
T009	97	Q4ZPE5	swissprot_n1	254	319	0.794671	7.97182	ALE	PALEL	PALEL
T009	98	random_UniRef50_UPI003C7C62D2	random_uniref50	214	232	0.920259	7.93443	PLL	LPLLA	LPLLA
T009	99	P56627	swissprot_n1	256	295	0.866102	7.86668	AFL	GAFLG	GAFLG
T009	100	P97477	swissprot_n1	384	395	0.970886	7.82313	TGH	PTGHT	PTGHT
T010	1	A8LX76	swissprot_n1	23	226	0.0995575	92.3458	YDD	AYDDA	AYDDA
T010	2	random_UniRef50_A0A4D4M9C1	random_uniref50	30	134	0.220149	63.4324	LRE	ALREH	ALREH
T010	3	A8LX76	swissprot_n1	28	226	0.121681	51.5336	YDK	GYDKG	GYDKG
T010	4	random_UniRef50_A0A4D4M9C1	random_uniref50	112	134	0.83209	35.9293	QVC	GQVCG	GQVCG
T010	5	random_UniRef50_A0A4D4M9C1	random_uniref50	111	134	0.824627	35.0356	GQV	RGQVC	RGQVC
T010	6	random_UniRef50_A0A4D4M9C1	random_uniref50	93	134	0.690298	34.8797	GEL	VGELC	VGELC
T010	7	random_UniRef50_A0A4D4M9C1	random_uniref50	92	134	0.682836	34.2903	VGE	RVGEL	RVGEL
T010	8	random_UniRef50_A0A4D4M9C1	random_uniref50	113	134	0.839552	33.9476	VCG	QVCGG	QVCGG
T010	9	random_UniRef50_A0A4D4M9C1	random_uniref50	94	134	0.697761	33.9376	ELC	GELCL	GELCL
T010	10	A8LX76	swissprot_n1	59	226	0.25885	33.7799	VPR	AVPRS	AVPRS
T010	11	random_UniRef50_A0A4D4M9C1	random_uniref50	66	134	0.488806	33.5462	GAR	PGARS	PGARS
T010	12	random_UniRef50_A0A4D4M9C1	random_uniref50	110	134	0.817164	33.3083	RGQ	ERGQV	ERGQV
T010	13	random_UniRef50_A0A4D4M9C1	random_uniref50	65	134	0.481343	33.2337	PGA	RPGAR	RPGAR
T010	14	random_UniRef50_A0A4D4M9C1	random_uniref50	46	134	0.339552	32.6978	HDQ	VHDQF	VHDQF
T010	15	random_UniRef50_A0A4D4M9C1	random_uniref50	47	134	0.347015	32.5748	DQF	HDQFL	HDQFL
T010	16	random_UniRef50_A0A4D4M9C1	random_uniref50	67	134	0.496269	31.9161	ARS	GARSL	GARSL
T010	17	random_UniRef50_A0A4D4M9C1	random_uniref50	86	134	0.63806	31.7906	REE	DREEP	DREEP
T010	18	random_UniRef50_A0A4D4M9C1	random_uniref50	91	134	0.675373	31.7432	RVG	VRVGE	VRVGE
T010	19	random_UniRef50_A0A4D4M9C1	random_uniref50	87	134	0.645522	31.3736	EEP	REEPV	REEPV
T010	20	random_UniRef50_A0A4D4M9C1	random_uniref50	89	134	0.660448	30.8008	PVR	EPVRV	EPVRV
T010	21	random_UniRef50_A0A4D4M9C1	random_uniref50	63	134	0.466418	30.54	GRP	AGRPG	AGRPG
T010	22	random_UniRef50_A0A4D4M9C1	random_uniref50	109	134	0.809702	30.4697	ERG	GERGQ	GERGQ
T010	23	random_UniRef50_A0A4D4M9C1	random_uniref50	108	134	0.802239	30.465	GER	VGERG	VGERG
T010	24	random_UniRef50_A0A4D4M9C1	random_uniref50	115	134	0.854478	30.0375	GGA	CGGAL	CGGAL
T010	25	random_UniRef50_A0A4D4M9C1	random_uniref50	64	134	0.473881	29.1333	RPG	GRPGA	GRPGA
T010	26	random_UniRef50_A0A4D4M9C1	random_uniref50	98	134	0.727612	28.9509	LPG	LLPGV	LLPGV
T010	27	random_UniRef50_A0A4D4M9C1	random_uniref50	120	134	0.891791	28.7206	GHV	NGHVC	NGHVC
T010	28	random_UniRef50_A0A4D4M9C1	random_uniref50	90	134	0.66791	28.6975	VRV	PVRVG	PVRVG
T010	29	random_UniRef50_A0A4D4M9C1	random_uniref50	88	134	0.652985	28.4059	EPV	EEPVR	EEPVR
T010	30	random_UniRef50_A0A4D4M9C1	random_uniref50	71	134	0.526119	27.8624	REA	LREAL	LREAL
T010	31	random_UniRef50_A0A4D4M9C1	random_uniref50	106	134	0.787313	27.0963	VVG	PVVGE	PVVGE
T010	32	random_UniRef50_A0A4D4M9C1	random_uniref50	72	134	0.533582	26.9937	EAL	REALR	REALR
T010	33	random_UniRef50_A0A4D4M9C1	random_uniref50	119	134	0.884328	26.618	NGH	LNGHV	LNGHV
T010	34	random_UniRef50_A0A4D4M9C1	random_uniref50	100	134	0.742537	26.4205	GVP	PGVPL	PGVPL
T010	35	random_UniRef50_A0A4D4M9C1	random_uniref50	85	134	0.630597	26.4116	DRE	GDREE	GDREE
T010	36	random_UniRef50_A0A4D4M9C1	random_uniref50	84	134	0.623134	26.4109	GDR	TGDRE	TGDRE
T010	37	random_UniRef50_A0A4D4M9C1	random_uniref50	99	134	0.735075	25.6754	PGV	LPGVP	LPGVP
T010	38	random_UniRef50_A0A4D4M9C1	random_uniref50	60	134	0.44403	25.6406	VGA	PVGAG	PVGAG
T010	39	random_UniRef50_A0A4D4M9C1	random_uniref50	61	134	0.451493	25.6158	GAG	VGAGR	VGAGR
T010	40	random_UniRef50_A0A4D4M9C1	random_uniref50	62	134	0.458955	25.5917	AGR	GAGRP	GAGRP
T010	41	random_UniRef50_A0A4D4M9C1	random_uniref50	114	134	0.847015	25.4634	CGG	VCGGA	VCGGA
T010	42	random_UniRef50_A0A4D4M9C1	random_uniref50	117	134	0.869403	25.3418	ALN	GALNG	GALNG
T010	43	random_UniRef50_A0A4D4M9C1	random_uniref50	70	134	0.518657	24.7105	LRE	SLREA	SLREA
T010	44	random_UniRef50_A0A7K8ZUN0	random_uniref50	18	92	0.190217	24.7028	QHC	VQHCS	VQHCS
T010	45	random_UniRef50_A0A4D4M9C1	random_uniref50	69	134	0.511194	24.4446	SLR	RSLRE	RSLRE
T010	46	random_UniRef50_A0A4D4M9C1	random_uniref50	101	134	0.75	24.1114	VPL	GVPLL	GVPLL
T010	47	random_UniRef50_A0A4D4M9C1	random_uniref50	103	134	0.764925	23.8978	LLP	PLLPV	PLLPV
T010	48	random_UniRef50_A0A4D4M9C1	random_uniref50	102	134	0.757463	23.3531	PLL	VPLLP	VPLLP
T010	49	random_UniRef50_A0A4D4M9C1	random_uniref50	116	134	0.86194	23.1095	GAL	GGALN	GGALN
T010	50	random_UniRef50_A0A4D4M9C1	random_uniref50	49	134	0.36194	23.0582	FLT	QFLTL	QFLTL
T010	51	random_UniRef50_A0A4D4M9C1	random_uniref50	59	134	0.436567	23.0024	PVG	DPVGA	DPVGA
T010	52	random_UniRef50_A0A4D4M9C1	random_uniref50	75	134	0.55597	22.6354	RLA	LRLAA	LRLAA
T010	53	random_UniRef50_A0A4D4M9C1	random_uniref50	118	134	0.876866	22.1943	LNG	ALNGH	ALNGH
T010	54	random_UniRef50_A0A4D4M9C1	random_uniref50	45	134	0.33209	21.9932	VHD	SVHDQ	SVHDQ
T010	55	random_UniRef50_A0A4D4M9C1	random_uniref50	74	134	0.548507	21.7903	LRL	ALRLA	ALRLA
T010	56	Q63S31	swissprot_n1	39	229	0.168122	21.7717	VDS	AVDSQ	AVDSQ
T010	57	random_UniRef50_A0A4D4M9C1	random_uniref50	73	134	0.541045	21.431	ALR	EALRL	EALRL
T010	58	random_UniRef50_A0A4D4M9C1	random_uniref50	48	134	0.354478	21.2589	QFL	DQFLT	DQFLT
T010	59	random_UniRef50_A0A4D4M9C1	random_uniref50	68	134	0.503731	21.1166	RSL	ARSLR	ARSLR
T010	60	random_UniRef50_A0A4D4M9C1	random_uniref50	121	134	0.899254	20.9789	HVC	GHVCS	GHVCS
T010	61	random_UniRef50_A0A4D4M9C1	random_uniref50	96	134	0.712687	20.8715	CLL	LCLLP	LCLLP
T010	62	random_UniRef50_A0A4D4M9C1	random_uniref50	122	134	0.906716	20.6804	VCS	HVCSF	HVCSF
T010	63	random_UniRef50_A0A4D4M9C1	random_uniref50	95	134	0.705224	20.5863	LCL	ELCLL	ELCLL
T010	64	random_UniRef50_A0A4D4M9C1	random_uniref50	107	134	0.794776	20.5616	VGE	VVGER	VVGER
T010	65	random_UniRef50_A0A4D4M9C1	random_uniref50	104	134	0.772388	20.5337	LPV	LLPVV	LLPVV
T010	66	random_UniRef50_A0A4D4M9C1	random_uniref50	105	134	0.779851	19.1346	PVV	LPVVG	LPVVG
T010	67	random_UniRef50_A0A4D4M9C1	random_uniref50	97	134	0.720149	18.9095	LLP	CLLPG	CLLPG
T010	68	random_UniRef50_A0A4D4M9C1	random_uniref50	81	134	0.600746	18.8195	VQT	PVQTG	PVQTG
T010	69	random_UniRef50_A0A4D4M9C1	random_uniref50	55	134	0.406716	18.7335	DHD	EDHDD	EDHDD
T010	70	random_UniRef50_A0A498PM74	random_uniref50	130	205	0.631707	17.5581	QPV	HQPVM	HQPVM
T010	71	random_UniRef50_A0A498PM74	random_uniref50	129	205	0.626829	17.5581	HQP	VHQPV	VHQPV
T010	72	random_UniRef50_A0A498PM74	random_uniref50	126	205	0.612195	17.4428	QPV	DQPVH	DQPVH
T010	73	random_UniRef50_A0A498PM74	random_uniref50	127	205	0.617073	17.4428	PVH	QPVHQ	QPVHQ
T010	74	random_UniRef50_A0A498PM74	random_uniref50	128	205	0.621951	17.4428	VHQ	PVHQP	PVHQP
T010	75	random_UniRef50_A0A498PM74	random_uniref50	125	205	0.607317	17.4428	DQP	PDQPV	PDQPV
T010	76	random_UniRef50_A0A4D4M9C1	random_uniref50	56	134	0.414179	17.3259	HDD	DHDDP	DHDDP
T010	77	random_UniRef50_A0A4D4M9C1	random_uniref50	44	134	0.324627	16.8463	SVH	GSVHD	GSVHD
T010	78	random_UniRef50_A0A4D4M9C1	random_uniref50	123	134	0.914179	16.4374	CSF	VCSFA	VCSFA
T010	79	random_UniRef50_A0A4D4M9C1	random_uniref50	77	134	0.570895	15.763	AAE	LAAEP	LAAEP
T010	80	random_UniRef50_A0A4D4M9C1	random_uniref50	125	134	0.929105	15.2755	FAS	SFASS	SFASS
T010	81	random_UniRef50_A0A4D4M9C1	random_uniref50	57	134	0.421642	15.0008	DDP	HDDPV	HDDPV
T010	82	random_UniRef50_A0A4D4M9C1	random_uniref50	34	134	0.25	14.3339	PEA	HPEAV	HPEAV
T010	83	random_UniRef50_A0A4D4M9C1	random_uniref50	126	134	0.936567	13.7577	ASS	FASSG	FASSG
T010	84	random_UniRef50_A0A4D4M9C1	random_uniref50	32	134	0.235075	13.5656	EHP	REHPE	REHPE
T010	85	random_UniRef50_A0A4D4M9C1	random_uniref50	36	134	0.264925	13.4514	AVL	EAVLA	EAVLA
T010	86	random_UniRef50_UPI003C781484	random_uniref50	14	143	0.0944056	13.3806	GRH	QGRHF	QGRHF
T010	87	random_UniRef50_UPI003C781484	random_uniref50	15	143	0.101399	13.3806	RHF	GRHFH	GRHFH
T010	88	random_UniRef50_A0A7K8ZUN0	random_uniref50	17	92	0.179348	13.2537	VQH	AVQHC	AVQHC
T010	89	random_UniRef50_A0A4D4M9C1	random_uniref50	130	134	0.966418	12.9249	WGA	GWGAA	GWGAA
T010	90	random_UniRef50_A0A4D4M9C1	random_uniref50	33	134	0.242537	12.7994	HPE	EHPEA	EHPEA
T010	91	random_UniRef50_A0A4D4M9C1	random_uniref50	54	134	0.399254	12.6819	EDH	VEDHD	VEDHD
T010	92	random_UniRef50_A0A4D4M9C1	random_uniref50	79	134	0.585821	12.6689	EPV	AEPVQ	AEPVQ
T010	93	random_UniRef50_A0A4D4M9C1	random_uniref50	124	134	0.921642	12.2328	SFA	CSFAS	CSFAS
T010	94	random_UniRef50_A0A4D4M9C1	random_uniref50	78	134	0.578358	12.1343	AEP	AAEPV	AAEPV
T010	95	random_UniRef50_A0A7K8ZUN0	random_uniref50	15	92	0.157609	11.9321	EAV	LEAVQ	LEAVQ
T010	96	random_UniRef50_A0A7K8ZUN0	random_uniref50	16	92	0.168478	11.9321	AVQ	EAVQH	EAVQH
T010	97	random_UniRef50_A0A4D4M9C1	random_uniref50	41	134	0.302239	11.3587	DGG	ADGGS	ADGGS
T010	98	random_UniRef50_A0A4D4M9C1	random_uniref50	52	134	0.384328	11.1953	LVE	TLVED	TLVED
T010	99	random_UniRef50_A0A4D4M9C1	random_uniref50	132	134	0.981343	11.0829	AAV	GAAVA	GAAVA
T010	100	random_UniRef50_UPI003C781484	random_uniref50	16	143	0.108392	10.7071	HFH	RHFHA	RHFHA
T011	1	P75046	swissprot_n1	2	276	0.00543478	11.4214	MPA	edge	MPAL
T011	2	Q8DMD9	swissprot_n1	2	211	0.007109	11.3935	MLT	edge	MLTI
T011	3	Q21P93	swissprot_n1	2	168	0.00892857	11.3722	MLE	edge	MLEI
T011	4	B5YFL3	swissprot_n1	2	158	0.00949367	11.3671	MIV	edge	MIVI
T011	5	Q974Q9	swissprot_n1	2	168	0.00892857	11.3671	MIV	edge	MIVE
T011	6	B0RD39	swissprot_n1	2	119	0.012605	11.3671	MIR	edge	MIRG
T011	7	P0A4R3	swissprot_n1	2	102	0.0147059	11.3671	MIP	edge	MIPG
T011	8	Q6AD05	swissprot_n1	2	122	0.0122951	11.3671	MIQ	edge	MIQQ
T011	9	Q8Y6Q5	swissprot_n1	2	202	0.00742574	11.3663	MIV	edge	MIVK
T011	10	real_P61628_3.2.1.17	real_lysozyme	2	148	0.0101351	11.3522	MKA	edge	MKAL
T011	11	real_P61632_3.2.1.17	real_lysozyme	2	148	0.0101351	11.3522	MKA	edge	MKAL
T011	12	real_P67978_3.2.1.17	real_lysozyme	2	148	0.0101351	11.3522	MKA	edge	MKAL
T011	13	real_P61631_3.2.1.17	real_lysozyme	2	148	0.0101351	11.3522	MKA	edge	MKAL
T011	14	real_P61627_3.2.1.17	real_lysozyme	2	148	0.0101351	11.3522	MKA	edge	MKAL
T011	15	real_P79180_3.2.1.17	real_lysozyme	2	148	0.0101351	11.3522	MKA	edge	MKAL
T011	16	Q2T1B9	swissprot_n1	2	201	0.00746269	11.3514	MIK	edge	MIKL
T011	17	Q6D262	swissprot_n1	2	172	0.00872093	11.3376	MDY	edge	MDYF
T011	18	A7MQ91	swissprot_n1	2	310	0.00483871	11.3355	MII	edge	MIIV
T011	19	B7N9V2	swissprot_n1	2	244	0.00614754	11.3301	MKI	edge	MKID
T011	20	Q5X446	swissprot_n1	2	224	0.00669643	11.3301	MKI	edge	MKIN
T011	21	Q8NWS4	swissprot_n1	2	240	0.00625	11.3301	MKI	edge	MKIL
T011	22	C0MCU1	swissprot_n1	2	234	0.00641026	11.3301	MKI	edge	MKII
T011	23	Q0SU08	swissprot_n1	2	119	0.012605	11.3298	MKI	edge	MKIA
T011	24	Q1D104	swissprot_n1	2	153	0.00980392	11.3298	MKI	edge	MKIW
T011	25	C0MBH4	swissprot_n1	2	159	0.00943396	11.3298	MKI	edge	MKIK
T011	26	B5QWR2	swissprot_n1	2	140	0.0107143	11.3296	MLK	edge	MLKT
T011	27	real_P12068_3.2.1.17	real_lysozyme	2	146	0.010274	11.3218	MKT	edge	MKTL
T011	28	real_P08905_3.2.1.17	real_lysozyme	2	148	0.0101351	11.3218	MKT	edge	MKTL
T011	29	Q639M5	swissprot_n1	2	215	0.00697674	11.3214	MKT	edge	MKTV
T011	30	Q891I4	swissprot_n1	2	201	0.00746269	11.3214	MKT	edge	MKTV
T011	31	Q72N87	swissprot_n1	2	290	0.00517241	11.3214	MKT	edge	MKTK
T011	32	Q4QML9	swissprot_n1	2	339	0.00442478	11.3201	MLE	edge	MLEQ
T011	33	Q5RBF1	swissprot_n1	2	352	0.00426136	11.3201	MDF	edge	MDFL
T011	34	P33091	swissprot_n1	2	200	0.0075	11.3181	LPI	edge	LPIC
T011	35	A4J146	swissprot_n1	2	345	0.00434783	11.3054	MIT	edge	MITE
T011	36	P18286	swissprot_n1	2	329	0.00455927	11.3015	MPI	edge	MPIL
T011	37	Q0HVI0	swissprot_n1	2	351	0.0042735	11.3003	MTI	edge	MTIK
T011	38	Q55216	swissprot_n1	2	356	0.00421348	11.3003	MTA	edge	MTAE
T011	39	B0UFS2	swissprot_n1	2	317	0.00473186	11.3003	MTS	edge	MTSL
T011	40	random_UniRef50_A0ACB8R9E9	random_uniref50	2	92	0.0163043	11.3002	MTA	edge	MTAV
T011	41	A2T309	swissprot_n1	2	353	0.00424929	11.3001	MTA	edge	MTAS
T011	42	Q5X8J5	swissprot_n1	2	105	0.0142857	11.3001	MTM	edge	MTMM
T011	43	random_UniRef50_A0AAN9HZ37	random_uniref50	2	179	0.00837989	11.3001	MTA	edge	MTAT
T011	44	B3Q8B5	swissprot_n1	2	157	0.00955414	11.3001	MTN	edge	MTNG
T011	45	random_UniRef50_UPI003639B9DD	random_uniref50	2	159	0.00943396	11.3001	MTI	edge	MTIL
T011	46	B4E5L4	swissprot_n1	2	162	0.00925926	11.3001	MTA	edge	MTAI
T011	47	random_UniRef50_UPI001933813B	random_uniref50	2	205	0.00731707	11.2998	MTA	edge	MTAL
T011	48	Q3AD50	swissprot_n1	2	199	0.00753769	11.2998	MTV	edge	MTVV
T011	49	P56904	swissprot_n1	2	266	0.0056391	11.2998	MTA	edge	MTAI
T011	50	Q8FV25	swissprot_n1	2	284	0.00528169	11.2998	MTK	edge	MTKP
T011	51	random_UniRef50_C4WVJ7	random_uniref50	2	137	0.0109489	11.2992	MSK	edge	MSKR
T011	52	Q15R05	swissprot_n1	2	164	0.00914634	11.2992	MLN	edge	MLNL
T011	53	B5EWS4	swissprot_n1	2	303	0.00495049	11.2966	MLW	edge	MLWF
T011	54	A5CZ74	swissprot_n1	2	259	0.00579151	11.2965	MLI	edge	MLII
T011	55	real_Q9DA11_3.2.1.17	real_lysozyme	2	148	0.0101351	11.2965	MLK	edge	MLKA
T011	56	O66475	swissprot_n1	2	147	0.0102041	11.2965	MLN	edge	MLNK
T011	57	random_UniRef50_UPI00019AB2AC	random_uniref50	2	150	0.01	11.2965	MLV	edge	MLVG
T011	58	random_UniRef50_M5PA52	random_uniref50	2	219	0.00684932	11.2965	MLA	edge	MLAK
T011	59	random_UniRef50_A0A2I7N9B6	random_uniref50	2	203	0.00738916	11.2965	MLQ	edge	MLQF
T011	60	A1U3K5	swissprot_n1	2	256	0.00585938	11.2965	MLM	edge	MLMI
T011	61	C6E8Y9	swissprot_n1	2	197	0.00761421	11.2965	MLH	edge	MLHF
T011	62	Q3SIB0	swissprot_n1	2	256	0.00585938	11.2965	MLT	edge	MLTL
T011	63	P0CY58	swissprot_n1	2	116	0.012931	11.2965	MLQ	edge	MLQL
T011	64	Q30ZW0	swissprot_n1	2	250	0.006	11.2938	MKK	edge	MKKL
T011	65	random_UniRef50_A0ABX4WVU2	random_uniref50	2	128	0.0117188	11.2934	MKK	edge	MKKL
T011	66	Q6ZRF7	swissprot_n1	2	136	0.0110294	11.2896	MLE	edge	MLER
T011	67	real_P27042_3.2.1.17	real_lysozyme	2	211	0.007109	11.2838	MLG	edge	MLGK
T011	68	Q1JC96	swissprot_n1	2	279	0.00537634	11.282	MTK	edge	MTKA
T011	69	P64136	swissprot_n1	2	311	0.00482315	11.282	MTK	edge	MTKI
T011	70	Q39XL1	swissprot_n1	2	203	0.00738916	11.2749	MKV	edge	MKVL
T011	71	real_P62693_3.2.1.17	real_lysozyme	2	226	0.00663717	11.2749	MKV	edge	MKVS
T011	72	Q06283	swissprot_n1	2	147	0.0102041	11.2748	MKA	edge	MKAL
T011	73	real_Q9TUN1_3.2.1.17	real_lysozyme	2	147	0.0102041	11.2748	MKA	edge	MKAL
T011	74	real_Q6B411_3.2.1.17	real_lysozyme	2	148	0.0101351	11.2748	MKA	edge	MKAL
T011	75	random_UniRef50_UPI0004E0CAC0	random_uniref50	2	177	0.00847458	11.2748	MKI	edge	MKIN
T011	76	real_Q659U1_3.2.1.17	real_lysozyme	2	148	0.0101351	11.2748	MKA	edge	MKAL
T011	77	real_P00705_3.2.1.17	real_lysozyme	2	147	0.0102041	11.2748	MKA	edge	MKAL
T011	78	real_P80189_3.2.1.17	real_lysozyme	2	148	0.0101351	11.2748	MKA	edge	MKAL
T011	79	real_Q06283_3.2.1.17	real_lysozyme	2	147	0.0102041	11.2748	MKA	edge	MKAL
T011	80	real_P17897_3.2.1.17	real_lysozyme	2	148	0.0101351	11.2748	MKA	edge	MKAL
T011	81	real_P61944_3.2.1.17	real_lysozyme	2	143	0.0104895	11.2748	MKI	edge	MKIP
T011	82	A6TFJ4	swissprot_n1	2	382	0.0039267	11.2747	MKA	edge	MKAL
T011	83	Q94VI4	swissprot_n1	2	319	0.00470219	11.2739	MLP	edge	MLPT
T011	84	random_UniRef50_A0ABV3DDT5	random_uniref50	2	241	0.00622407	11.2737	MLP	edge	MLPI
T011	85	real_A2AE20_3.2.1.17	real_lysozyme	2	160	0.009375	11.2714	MKV	edge	MKVC
T011	86	C4L3Z5	swissprot_n1	2	317	0.00473186	11.2711	MKV	edge	MKVK
T011	87	Q3JWH3	swissprot_n1	2	332	0.00451807	11.2711	MKV	edge	MKVA
T011	88	B8DNA7	swissprot_n1	2	107	0.0140187	11.2705	MKQ	edge	MKQF
T011	89	A1JQ17	swissprot_n1	2	180	0.00833333	11.2705	MKQ	edge	MKQL
T011	90	Q0BB53	swissprot_n1	2	229	0.00655022	11.2704	MKQ	edge	MKQV
T011	91	B5RH70	swissprot_n1	2	305	0.00491803	11.2703	MIK	edge	MIKQ
T011	92	A9KEY5	swissprot_n1	2	366	0.00409836	11.2703	MIK	edge	MIKI
T011	93	A4FYB9	swissprot_n1	2	231	0.00649351	11.2702	MIK	edge	MIKD
T011	94	Q4ZPE5	swissprot_n1	2	319	0.00470219	11.2698	MID	edge	MIDL
T011	95	A4G642	swissprot_n1	2	198	0.00757576	11.267	MTI	edge	MTIK
T011	96	A1JPP6	swissprot_n1	2	297	0.00505051	11.2657	MKR	edge	MKRP
T011	97	Q1JE85	swissprot_n1	2	335	0.00447761	11.2656	MKR	edge	MKRI
T011	98	Q5FKG6	swissprot_n1	2	320	0.0046875	11.2656	MKR	edge	MKRI
T011	99	Q6G9L1	swissprot_n1	2	120	0.0125	11.2611	MLK	edge	MLKE
T011	100	random_UniRef50_A0A060BMV3	random_uniref50	2	114	0.0131579	11.2592	MPA	edge	MPAA
T012	1	Q21J11	swissprot_n1	18	255	0.0686275	93.4325	PGK	LPGKP	LPGKP
T012	2	random_UniRef50_A0A060SWD3	random_uniref50	34	164	0.204268	84.5102	PGP	SPGPS	SPGPS
T012	3	A8LX76	swissprot_n1	131	226	0.577434	42.6869	ADE	PADEE	PADEE
T012	4	random_UniRef50_A0A060SWD3	random_uniref50	45	164	0.271341	41.7389	FDN	DFDNF	DFDNF
T012	5	random_UniRef50_A0A060SWD3	random_uniref50	44	164	0.265244	41.7389	DFD	DDFDN	DDFDN
T012	6	random_UniRef50_A0A060SWD3	random_uniref50	96	164	0.582317	39.5876	IGG	VIGGP	VIGGP
T012	7	random_UniRef50_A0A060SWD3	random_uniref50	94	164	0.570122	31.758	EVI	PEVIG	PEVIG
T012	8	A8LX76	swissprot_n1	53	226	0.232301	30.1098	EDE	DEDEE	DEDEE
T012	9	A8LX76	swissprot_n1	52	226	0.227876	30.1098	DED	DDEDE	DDEDE
T012	10	A8LX76	swissprot_n1	54	226	0.236726	30.1098	DEE	EDEEA	EDEEA
T012	11	A8LX76	swissprot_n1	51	226	0.223451	30.1098	DDE	EDDED	EDDED
T012	12	A8LX76	swissprot_n1	55	226	0.24115	30.1098	EEA	DEEAA	DEEAA
T012	13	random_UniRef50_A0A060SWD3	random_uniref50	93	164	0.564024	29.9171	PEV	EPEVI	EPEVI
T012	14	Q639M5	swissprot_n1	180	215	0.834884	28.8042	PGQ	YPGQS	YPGQS
T012	15	random_UniRef50_A0A060SWD3	random_uniref50	64	164	0.387195	28.4492	DDF	EDDFG	EDDFG
T012	16	random_UniRef50_A0A060SWD3	random_uniref50	63	164	0.381098	28.4492	EDD	GEDDF	GEDDF
T012	17	random_UniRef50_A0A060SWD3	random_uniref50	88	164	0.533537	27.5409	ATY	AATYE	AATYE
T012	18	random_UniRef50_A0A060SWD3	random_uniref50	71	164	0.429878	25.923	DTE	GDTEQ	GDTEQ
T012	19	random_UniRef50_A0A060SWD3	random_uniref50	70	164	0.423781	25.0771	GDT	FGDTE	FGDTE
T012	20	A8LX76	swissprot_n1	129	226	0.568584	25.0079	VPA	RVPAD	RVPAD
T012	21	random_UniRef50_A0A060SWD3	random_uniref50	102	164	0.618902	24.6771	TAD	YTADW	YTADW
T012	22	random_UniRef50_A0A060SWD3	random_uniref50	73	164	0.442073	24.6154	EQM	TEQMP	TEQMP
T012	23	random_UniRef50_A0A060SWD3	random_uniref50	101	164	0.612805	24.2375	YTA	SYTAD	SYTAD
T012	24	random_UniRef50_A0A060SWD3	random_uniref50	92	164	0.557927	23.7156	EPE	EEPEV	EEPEV
T012	25	random_UniRef50_A0A060SWD3	random_uniref50	99	164	0.60061	23.2857	PSY	GPSYT	GPSYT
T012	26	random_UniRef50_A0A060SWD3	random_uniref50	97	164	0.588415	23.0705	GGP	IGGPS	IGGPS
T012	27	random_UniRef50_A0A060SWD3	random_uniref50	86	164	0.521341	22.4369	GAA	FGAAT	FGAAT
T012	28	Q2T0G2	swissprot_n1	40	262	0.150763	22.2198	AAG	PAAGA	PAAGA
T012	29	random_UniRef50_A0A060SWD3	random_uniref50	65	164	0.393293	22.0568	DFG	DDFGD	DDFGD
T012	30	random_UniRef50_A0A060SWD3	random_uniref50	66	164	0.39939	22.0568	FGD	DFGDF	DFGDF
T012	31	random_UniRef50_A0A060SWD3	random_uniref50	67	164	0.405488	22.0568	GDF	FGDFG	FGDFG
T012	32	random_UniRef50_A0A060SWD3	random_uniref50	100	164	0.606707	20.7531	SYT	PSYTA	PSYTA
T012	33	random_UniRef50_A0A060SWD3	random_uniref50	112	164	0.679878	20.1358	PLP	SPLPS	SPLPS
T012	34	random_UniRef50_A0A060SWD3	random_uniref50	80	164	0.484756	19.5388	SGF	RSGFS	RSGFS
T012	35	P37729	swissprot_n1	172	274	0.625912	18.6502	LID	ALIDG	ALIDG
T012	36	random_UniRef50_A0A060SWD3	random_uniref50	104	164	0.631098	18.0296	DWK	ADWKP	ADWKP
T012	37	random_UniRef50_T1H7H2	random_uniref50	10	188	0.0505319	17.3139	EPG	PEPGF	PEPGF
T012	38	Q8XB36	swissprot_n1	27	259	0.102317	17.2233	DEK	TDEKV	TDEKV
T012	39	Q8XB36	swissprot_n1	24	259	0.0907336	17.2233	DDT	DDDTD	DDDTD
T012	40	Q8XB36	swissprot_n1	25	259	0.0945946	17.2233	DTD	DDTDE	DDTDE
T012	41	Q8XB36	swissprot_n1	26	259	0.0984556	17.2233	TDE	DTDEK	DTDEK
T012	42	random_UniRef50_A0A060SWD3	random_uniref50	61	164	0.368902	17.016	DGE	DDGED	DDGED
T012	43	P50060	swissprot_n1	44	239	0.182008	16.4008	GAL	AGALS	AGALS
T012	44	random_UniRef50_A0A060SWD3	random_uniref50	43	164	0.259146	15.8707	DDF	FDDFD	FDDFD
T012	45	random_UniRef50_A0A060SWD3	random_uniref50	42	164	0.253049	15.8707	FDD	DFDDF	DFDDF
T012	46	random_UniRef50_A0A060SWD3	random_uniref50	41	164	0.246951	15.8707	DFD	DDFDD	DDFDD
T012	47	A8LX76	swissprot_n1	107	226	0.471239	15.2075	SES	PSESL	PSESL
T012	48	A8LX76	swissprot_n1	125	226	0.550885	14.9084	VRE	PVRER	PVRER
T012	49	random_UniRef50_A0A060SWD3	random_uniref50	117	164	0.710366	14.8877	DAL	RDALQ	RDALQ
T012	50	random_UniRef50_A0A060SWD3	random_uniref50	69	164	0.417683	14.7584	FGD	DFGDT	DFGDT
T012	51	random_UniRef50_A0A060SWD3	random_uniref50	68	164	0.411585	14.7584	DFG	GDFGD	GDFGD
T012	52	random_UniRef50_A0A060SWD3	random_uniref50	87	164	0.527439	14.5403	AAT	GAATY	GAATY
T012	53	random_UniRef50_A0A060SWD3	random_uniref50	103	164	0.625	14.4514	ADW	TADWK	TADWK
T012	54	random_UniRef50_A0A060SWD3	random_uniref50	114	164	0.692073	14.0306	PSR	LPSRD	LPSRD
T012	55	Q10RE5	swissprot_n1	24	198	0.118687	13.6676	EDQ	EEDQR	EEDQR
T012	56	Q10RE5	swissprot_n1	25	198	0.123737	13.6676	DQR	EDQRL	EDQRL
T012	57	A8LX76	swissprot_n1	133	226	0.586283	13.1621	EEQ	DEEQR	DEEQR
T012	58	Q7NT63	swissprot_n1	7	180	0.0361111	13.0758	NDD	QNDDD	QNDDD
T012	59	Q7NT63	swissprot_n1	10	180	0.0527778	13.0758	DGF	DDGFV	DDGFV
T012	60	Q7NT63	swissprot_n1	9	180	0.0472222	13.0758	DDG	DDDGF	DDDGF
T012	61	Q7NT63	swissprot_n1	8	180	0.0416667	13.0758	DDD	NDDDG	NDDDG
T012	62	random_UniRef50_A0A060SWD3	random_uniref50	109	164	0.661585	12.2803	HTS	LHTSP	LHTSP
T012	63	random_UniRef50_A0A060SWD3	random_uniref50	83	164	0.503049	12.2721	SSF	FSSFG	FSSFG
T012	64	Q47AM4	swissprot_n1	8	132	0.0568182	12.2297	SQD	NSQDW	NSQDW
T012	65	Q47AM4	swissprot_n1	9	132	0.0643939	12.2297	QDW	SQDWL	SQDWL
T012	66	Q08143	swissprot_n1	55	288	0.189236	11.6422	DDI	HDDIE	HDDIE
T012	67	Q08143	swissprot_n1	54	288	0.185764	11.6422	HDD	DHDDI	DHDDI
T012	68	Q08143	swissprot_n1	57	288	0.196181	11.6422	IEV	DIEVV	DIEVV
T012	69	Q08143	swissprot_n1	56	288	0.192708	11.6422	DIE	DDIEV	DDIEV
T012	70	random_UniRef50_A0A060SWD3	random_uniref50	79	164	0.478659	11.5819	RSG	TRSGF	TRSGF
T012	71	Q39I71	swissprot_n1	50	278	0.178058	9.90384	PAY	QPAYV	QPAYV
T012	72	random_UniRef50_UPI00020A0FF0	random_uniref50	23	114	0.197368	9.72498	DEQ	YDEQI	YDEQI
T012	73	random_UniRef50_UPI00020A0FF0	random_uniref50	22	114	0.188596	9.72498	YDE	YYDEQ	YYDEQ
T012	74	random_UniRef50_UPI00020A0FF0	random_uniref50	21	114	0.179825	9.72498	YYD	DYYDE	DYYDE
T012	75	random_UniRef50_T1H7H2	random_uniref50	11	188	0.0558511	9.66562	PGF	EPGFI	EPGFI
T012	76	random_UniRef50_T1H7H2	random_uniref50	12	188	0.0611702	9.53667	GFI	PGFIQ	PGFIQ
T012	77	random_UniRef50_A0A060SWD3	random_uniref50	91	164	0.551829	9.09444	EEP	YEEPE	YEEPE
T012	78	A8LX76	swissprot_n1	132	226	0.581858	8.71978	DEE	ADEEQ	ADEEQ
T012	79	random_UniRef50_UPI00020A0FF0	random_uniref50	20	114	0.171053	8.54915	DYY	DDYYD	DDYYD
T012	80	random_UniRef50_UPI00020A0FF0	random_uniref50	19	114	0.162281	8.54915	DDY	DDDYY	DDDYY
T012	81	P15094	swissprot_n1	65	149	0.432886	8.53861	IDF	TIDFP	TIDFP
T012	82	P15094	swissprot_n1	62	149	0.412752	8.53861	NGT	GNGTI	GNGTI
T012	83	P15094	swissprot_n1	63	149	0.419463	8.53861	GTI	NGTID	NGTID
T012	84	P15094	swissprot_n1	64	149	0.426174	8.53861	TID	GTIDF	GTIDF
T012	85	P15094	swissprot_n1	61	149	0.40604	8.53861	GNG	DGNGT	DGNGT
T012	86	A8LX76	swissprot_n1	48	226	0.210177	8.18095	GDE	FGDED	FGDED
T012	87	A8LX76	swissprot_n1	49	226	0.214602	8.18095	DED	GDEDD	GDEDD
T012	88	A8LX76	swissprot_n1	50	226	0.219027	8.18095	EDD	DEDDE	DEDDE
T012	89	A8LX76	swissprot_n1	145	226	0.639381	7.99354	TTY	PTTYR	PTTYR
T012	90	A8LX76	swissprot_n1	116	226	0.511062	7.97883	DNL	RDNLA	RDNLA
T012	91	random_UniRef50_UPI00388CE501	random_uniref50	33	129	0.251938	7.67095	DEI	DDEIE	DDEIE
T012	92	random_UniRef50_UPI00388CE501	random_uniref50	32	129	0.244186	7.67095	DDE	EDDEI	EDDEI
T012	93	random_UniRef50_UPI00388CE501	random_uniref50	35	129	0.267442	7.67095	IEW	EIEWV	EIEWV
T012	94	random_UniRef50_UPI00388CE501	random_uniref50	34	129	0.25969	7.67095	EIE	DEIEW	DEIEW
T012	95	random_UniRef50_T1H7H2	random_uniref50	17	188	0.087766	7.45329	PPA	PPPAG	PPPAG
T012	96	P50060	swissprot_n1	33	239	0.135983	6.95924	PAQ	SPAQL	SPAQL
T012	97	random_UniRef50_T1H7H2	random_uniref50	18	188	0.0930851	6.95816	PAG	PPAGY	PPAGY
T012	98	random_UniRef50_T1H7H2	random_uniref50	19	188	0.0984043	6.91904	AGY	PAGYN	PAGYN
T012	99	Q8P4F6	swissprot_n1	120	157	0.761146	6.82238	DLD	LDLDD	LDLDD
T012	100	Q8P4F6	swissprot_n1	119	157	0.754777	6.82238	LDL	ELDLD	ELDLD
T013	1	P0AAH0	swissprot_n1	160	257	0.620623	51.6484	QQR	QQQRL	QQQRL
T013	2	A5GVE0	swissprot_n1	38	237	0.158228	48.2809	NLT	VNLTR	VNLTR
T013	3	A7X160	swissprot_n1	72	352	0.203125	48.2142	QNE	IQNEL	IQNEL
T013	4	random_UniRef50_UPI0018F6ACB8	random_uniref50	23	102	0.220588	47.6577	TTL	VTTLR	VTTLR
T013	5	P50060	swissprot_n1	116	239	0.483264	47.2887	FWQ	IFWQI	IFWQI
T013	6	P0AAH0	swissprot_n1	166	257	0.643969	46.2297	ARG	IARGI	IARGI
T013	7	A8FWJ5	swissprot_n1	211	221	0.952489	41.9661	VML	VVMLK	VVMLK
T013	8	A5UAH8	swissprot_n1	317	335	0.944776	39.5695	RGR	PRGRI	PRGRI
T013	9	Q5WEB9	swissprot_n1	100	200	0.4975	37.4711	YRM	VYRMG	VYRMG
T013	10	B7H3X2	swissprot_n1	24	139	0.169065	37.3399	TRQ	ITRQK	ITRQK
T013	11	B4E5L4	swissprot_n1	162	162	0.996914	33.6456	edge	edge	PYR
T013	12	P0AAH0	swissprot_n1	159	257	0.616732	33.495	QQQ	GQQQR	GQQQR
T013	13	Q39I71	swissprot_n1	185	278	0.663669	32.1407	TGY	ETGYA	ETGYA
T013	14	Q5ZHX1	swissprot_n1	67	184	0.361413	30.9776	AMR	TAMRD	TAMRD
T013	15	Q5ZHX1	swissprot_n1	184	184	0.997283	29.8018	edge	edge	QLL
T013	16	A5UAH8	swissprot_n1	227	335	0.676119	27.3543	LLR	RLLRR	RLLRR
T013	17	P0AAH0	swissprot_n1	173	257	0.671206	26.4482	PEV	RPEVL	RPEVL
T013	18	A8A533	swissprot_n1	13	229	0.0545852	26.1246	AAN	IAANG	IAANG
T013	19	A5UAH8	swissprot_n1	173	335	0.514925	24.4043	RDR	LRDRF	LRDRF
T013	20	P0AAH0	swissprot_n1	161	257	0.624514	23.4454	QRL	QQRLC	QQRLC
T013	21	A5UAH8	swissprot_n1	223	335	0.664179	21.4972	IAN	RIANR	RIANR
T013	22	Q5ZHX1	swissprot_n1	136	184	0.736413	21.2109	ARQ	LARQW	LARQW
T013	23	Q5ZHX1	swissprot_n1	167	184	0.904891	20.9784	NRK	INRKT	INRKT
T013	24	A4ST50	swissprot_n1	22	302	0.0711921	19.8511	CRS	ICRSL	ICRSL
T013	25	random_UniRef50_UPI0018F6ACB8	random_uniref50	95	102	0.926471	18.66	KKF	SKKFG	SKKFG
T013	26	P18846	swissprot_n1	258	271	0.950185	18.1469	EEL	IEELK	IEELK
T013	27	P18846	swissprot_n1	254	271	0.935424	17.5481	KTL	NKTLI	NKTLI
T013	28	A5UAH8	swissprot_n1	318	335	0.947761	16.0762	GRI	RGRIA	RGRIA
T013	29	A6WCD3	swissprot_n1	16	136	0.113971	16.0143	LFE	VLFEA	VLFEA
T013	30	P0AAH0	swissprot_n1	129	257	0.5	15.5208	ERV	DERVQ	DERVQ
T013	31	P97477	swissprot_n1	361	395	0.912658	15.3421	SQR	ASQRL	ASQRL
T013	32	Q329L3	swissprot_n1	210	238	0.880252	14.2261	FTH	PFTHE	PFTHE
T013	33	A5UAH8	swissprot_n1	171	335	0.508955	13.6074	PLR	SPLRD	SPLRD
T013	34	Q9Y0B7	swissprot_n1	25	305	0.0803279	13.4421	RAL	VRALC	VRALC
T013	35	Q39I71	swissprot_n1	182	278	0.652878	13.4181	LRE	LLRET	LLRET
T013	36	Q8RGD8	swissprot_n1	70	163	0.42638	13.3134	NAS	INASR	INASR
T013	37	Q5YTE0	swissprot_n1	124	226	0.54646	13.3116	AFG	NAFGR	NAFGR
T013	38	Q57IP3	swissprot_n1	31	133	0.229323	13.076	EAI	SEAIR	SEAIR
T013	39	Q2T2A9	swissprot_n1	271	285	0.949123	12.7003	ERI	EERIA	EERIA
T013	40	Q633I4	swissprot_n1	90	227	0.394273	11.4063	HIG	MHIGG	MHIGG
T013	41	Q534B1	swissprot_n1	320	347	0.920749	10.1055	TTK	ETTKK	ETTKK
T013	42	A5UAH8	swissprot_n1	220	335	0.655224	9.86509	TPR	GTPRI	GTPRI
T013	43	P29225	swissprot_n1	23	331	0.0679758	9.71391	GKG	FGKGS	FGKGS
T013	44	P0AAH0	swissprot_n1	174	257	0.675097	9.3185	EVL	PEVLL	PEVLL
T013	45	P18846	swissprot_n1	251	271	0.924354	9.2912	NQN	ENQNK	ENQNK
T013	46	P18846	swissprot_n1	252	271	0.928044	9.2912	QNK	NQNKT	NQNKT
T013	47	P18846	swissprot_n1	268	271	0.987085	9.02382	SNK	YSNKS	YSNKS
T013	48	P18846	swissprot_n1	269	271	0.990775	9.02382	NKS	SNKSV	SNKSV
T013	49	P18846	swissprot_n1	270	271	0.994465	9.02382	KSV	edge	NKSV
T013	50	P18846	swissprot_n1	250	271	0.920664	8.94064	ENQ	LENQN	LENQN
T013	51	P18846	swissprot_n1	249	271	0.916974	8.94064	LEN	VLENQ	VLENQ
T013	52	A8FWJ5	swissprot_n1	217	221	0.979638	8.91464	LHE	ALHEL	ALHEL
T013	53	A8FWJ5	swissprot_n1	218	221	0.984163	8.91464	HEL	LHELL	LHELL
T013	54	E0CPH4	swissprot_n1	126	226	0.55531	8.84397	EQE	LEQEM	LEQEM
T013	55	E0CPH4	swissprot_n1	127	226	0.559735	8.84397	QEM	EQEME	EQEME
T013	56	Q2T2A9	swissprot_n1	240	285	0.840351	8.39876	EEH	AEEHP	AEEHP
T013	57	Q5ZUM5	swissprot_n1	52	222	0.231982	8.35559	LWW	VLWWS	VLWWS
T013	58	A8GLK7	swissprot_n1	45	330	0.134848	8.21117	TQD	GTQDN	GTQDN
T013	59	Q43643	swissprot_n1	226	254	0.887795	8.14495	LLR	QLLRD	QLLRD
T013	60	Q43643	swissprot_n1	225	254	0.883858	8.14495	QLL	MQLLR	MQLLR
T013	61	Q43643	swissprot_n1	228	254	0.895669	8.14495	RDN	LRDNL	LRDNL
T013	62	Q43643	swissprot_n1	227	254	0.891732	8.14495	LRD	LLRDN	LLRDN
T013	63	P0C8Z1	swissprot_n1	275	294	0.933673	8.00733	CTS	VCTSV	VCTSV
T013	64	Q9WUQ3	swissprot_n1	120	261	0.457854	7.90574	REV	LREVI	LREVI
T013	65	Q9WUQ3	swissprot_n1	119	261	0.454023	7.90574	LRE	ALREV	ALREV
T013	66	P50060	swissprot_n1	65	239	0.269874	7.81979	TYV	QTYVD	QTYVD
T013	67	random_UniRef50_UPI0018F6ACB8	random_uniref50	51	102	0.495098	7.66438	LRQ	ELRQN	ELRQN
T013	68	random_UniRef50_UPI0018F6ACB8	random_uniref50	52	102	0.504902	7.66438	RQN	LRQNL	LRQNL
T013	69	random_UniRef50_UPI0018F6ACB8	random_uniref50	50	102	0.485294	7.66438	ELR	DELRQ	DELRQ
T013	70	random_UniRef50_UPI0018F6ACB8	random_uniref50	49	102	0.47549	7.66438	DEL	MDELR	MDELR
T013	71	Q9WUQ3	swissprot_n1	148	261	0.565134	7.48251	ARN	LARNY	LARNY
T013	72	Q9WUQ3	swissprot_n1	147	261	0.561303	7.48251	LAR	LLARN	LLARN
T013	73	random_UniRef50_UPI0018F6ACB8	random_uniref50	35	102	0.338235	7.4643	HRL	KHRLE	KHRLE
T013	74	random_UniRef50_UPI0018F6ACB8	random_uniref50	37	102	0.357843	7.4643	LEI	RLEIK	RLEIK
T013	75	random_UniRef50_UPI0018F6ACB8	random_uniref50	36	102	0.348039	7.4643	RLE	HRLEI	HRLEI
T013	76	random_UniRef50_UPI0018F6ACB8	random_uniref50	47	102	0.455882	7.41416	LMD	SLMDE	SLMDE
T013	77	random_UniRef50_UPI0018F6ACB8	random_uniref50	48	102	0.465686	7.41416	MDE	LMDEL	LMDEL
T013	78	Q7W7C5	swissprot_n1	45	113	0.393805	7.16995	RDA	IRDAL	IRDAL
T013	79	Q9Y0B7	swissprot_n1	42	305	0.136066	7.09585	QRV	VQRVD	VQRVD
T013	80	Q5ZHX1	swissprot_n1	69	184	0.372283	6.98673	RDL	MRDLY	MRDLY
T013	81	E0CPH4	swissprot_n1	164	226	0.723451	6.85996	NLL	KNLLH	KNLLH
T013	82	E0CPH4	swissprot_n1	165	226	0.727876	6.85996	LLH	NLLHE	NLLHE
T013	83	E0CPH4	swissprot_n1	167	226	0.736726	6.85996	HEF	LHEFD	LHEFD
T013	84	E0CPH4	swissprot_n1	166	226	0.732301	6.85996	LHE	LLHEF	LLHEF
T013	85	Q5ZHX1	swissprot_n1	53	184	0.285326	6.71973	MLE	CMLEI	CMLEI
T013	86	Q1BU58	swissprot_n1	28	161	0.170807	6.64625	STR	ISTRF	ISTRF
T013	87	Q9WUQ3	swissprot_n1	149	261	0.568965	6.50505	RNY	ARNYI	ARNYI
T013	88	Q9WUQ3	swissprot_n1	150	261	0.572797	6.50505	NYI	RNYIL	RNYIL
T013	89	random_UniRef50_UPI0018F6ACB8	random_uniref50	40	102	0.387255	6.42907	KQK	IKQKL	IKQKL
T013	90	random_UniRef50_UPI0018F6ACB8	random_uniref50	39	102	0.377451	6.42907	IKQ	EIKQK	EIKQK
T013	91	random_UniRef50_UPI0018F6ACB8	random_uniref50	38	102	0.367647	6.42907	EIK	LEIKQ	LEIKQ
T013	92	E0CPH4	swissprot_n1	129	226	0.568584	6.36752	MES	EMESS	EMESS
T013	93	E0CPH4	swissprot_n1	130	226	0.573009	6.36752	ESS	MESSL	MESSL
T013	94	E0CPH4	swissprot_n1	128	226	0.564159	6.36752	EME	QEMES	QEMES
T013	95	A1WAR5	swissprot_n1	45	178	0.25	6.1058	ADQ	LADQF	LADQF
T013	96	A1WAR5	swissprot_n1	44	178	0.244382	6.1058	LAD	DLADQ	DLADQ
T013	97	Q43643	swissprot_n1	202	254	0.793307	6.07393	FDE	AFDEA	AFDEA
T013	98	Q43643	swissprot_n1	203	254	0.797244	6.07393	DEA	FDEAI	FDEAI
T013	99	P18846	swissprot_n1	267	271	0.983395	6.03291	YSN	LYSNK	LYSNK
T013	100	P18846	swissprot_n1	266	271	0.979705	6.03291	LYS	DLYSN	DLYSN
T014	1	random_UniRef50_A0ABQ8T343	random_uniref50	3	92	0.0271739	80.8003	YDT	MYDTR	MYDTR
T014	2	Q889J2	swissprot_n1	3	317	0.00788643	80.7172	YDW	MYDWL	MYDWL
T014	3	B1YS61	swissprot_n1	4	389	0.00899743	60.5479	LPT	SLPTN	SLPTN
T014	4	Q92MT4	swissprot_n1	71	346	0.203757	44.1812	VLE	VVLEV	VVLEV
T014	5	Q6AD05	swissprot_n1	44	122	0.356557	43.598	VKD	TVKDA	TVKDA
T014	6	B8DNA7	swissprot_n1	27	107	0.247664	42.4016	VLK	KVLKV	KVLKV
T014	7	Q6AD05	swissprot_n1	63	122	0.512295	40.4166	IVR	VIVRT	VIVRT
T014	8	Q04U56	swissprot_n1	71	179	0.393855	36.6254	IID	KIIDY	KIIDY
T014	9	random_UniRef50_A0ABQ8T343	random_uniref50	71	92	0.766304	33.1346	VTN	TVTNN	TVTNN
T014	10	Q64563	swissprot_n1	75	377	0.197613	28.5181	VES	IVESV	IVESV
T014	11	P0A6Q8	swissprot_n1	26	151	0.168874	24.907	LVD	LLVDR	LLVDR
T014	12	Q7VU61	swissprot_n1	59	131	0.446565	23.8897	ITD	IITDG	IITDG
T014	13	B8EB35	swissprot_n1	21	268	0.0764925	19.7772	LTD	FLTDG	FLTDG
T014	14	Q83HC7	swissprot_n1	81	124	0.649194	19.6136	VLV	IVLVR	IVLVR
T014	15	A2Z388	swissprot_n1	64	246	0.25813	18.897	VRV	EVRVP	EVRVP
T014	16	B7KKT8	swissprot_n1	9	157	0.0541401	18.2214	VKS	RVKSS	RVKSS
T014	17	Q0BTX5	swissprot_n1	186	282	0.657801	16.5879	VTD	LVTDF	LVTDF
T014	18	B0CLD2	swissprot_n1	346	396	0.872475	15.9085	VSD	LVSDG	LVSDG
T014	19	Q9LM66	swissprot_n1	154	356	0.43118	15.7247	VKN	EVKNQ	EVKNQ
T014	20	Q5ZHX1	swissprot_n1	37	184	0.19837	14.5996	IED	TIEDS	TIEDS
T014	21	random_UniRef50_A0ABQ8TJJ8	random_uniref50	203	237	0.85443	13.6701	SPD	NSPDL	NSPDL
T014	22	Q83HC7	swissprot_n1	88	124	0.705645	12.9881	VKD	RVKDL	RVKDL
T014	23	B7KKT8	swissprot_n1	34	157	0.213376	11.9775	IAT	AIATT	AIATT
T014	24	A4YCY6	swissprot_n1	79	214	0.366822	11.7787	VLV	KVLVV	KVLVV
T014	25	A8LX76	swissprot_n1	153	226	0.674779	11.7042	IGE	TIGEH	TIGEH
T014	26	A1KRH5	swissprot_n1	60	106	0.561321	11.6852	VTT	SVTTV	SVTTV
T014	27	Q72VI6	swissprot_n1	306	371	0.82345	11.6088	VLD	RVLDS	RVLDS
T014	28	A8G8E0	swissprot_n1	393	394	0.996193	11.5384	VIA	edge	KVIA
T014	29	B3EPK0	swissprot_n1	82	313	0.260383	11.5179	LKD	SLKDV	SLKDV
T014	30	A1SRS0	swissprot_n1	3	136	0.0183824	11.173	FDI	MFDIG	MFDIG
T014	31	Q3Z2C9	swissprot_n1	3	148	0.0168919	11.173	FDV	MFDVT	MFDVT
T014	32	B5EHU9	swissprot_n1	78	219	0.353881	10.8953	VIF	EVIFL	EVIFL
T014	33	P0A6Q8	swissprot_n1	30	151	0.195364	10.7268	VLD	RVLDF	RVLDF
T014	34	Q9KKM4	swissprot_n1	65	211	0.305687	10.5809	LKN	LLKNV	LLKNV
T014	35	A9NYY0	swissprot_n1	256	393	0.650127	10.3784	IID	IIIDT	IIIDT
T014	36	Q64563	swissprot_n1	16	377	0.0411141	9.70786	AWK	IAWKT	IAWKT
T014	37	P55175	swissprot_n1	230	272	0.84375	9.36984	IID	MIIDP	MIIDP
T014	38	Q89A51	swissprot_n1	42	189	0.219577	8.50759	INK	IINKK	IINKK
T014	39	Q43643	swissprot_n1	135	254	0.529528	8.33473	LAE	YLAEF	YLAEF
T014	40	Q6AD05	swissprot_n1	64	122	0.520492	8.32833	VRT	IVRTR	IVRTR
T014	41	Q6AD05	swissprot_n1	87	122	0.709016	8.26618	ILK	VILKN	VILKN
T014	42	A7X160	swissprot_n1	131	352	0.370739	7.86979	IVN	EIVNG	EIVNG
T014	43	Q01W95	swissprot_n1	117	276	0.422101	7.81645	IMS	KIMSG	KIMSG
T014	44	A1KRH5	swissprot_n1	57	106	0.533019	7.45232	VAS	QVASV	QVASV
T014	45	Q5ZHX1	swissprot_n1	30	184	0.160326	7.43251	VEK	FVEKY	FVEKY
T014	46	P50060	swissprot_n1	166	239	0.692469	7.39625	VRN	LVRNA	LVRNA
T014	47	P68431	swissprot_n1	58	136	0.422794	7.11776	KST	QKSTE	QKSTE
T014	48	P68431	swissprot_n1	57	136	0.415441	7.11776	QKS	YQKST	YQKST
T014	49	A2SQG6	swissprot_n1	148	219	0.673516	7.05161	TVD	ATVDL	ATVDL
T014	50	A7X160	swissprot_n1	221	352	0.62642	6.84437	VDK	VVDKN	VVDKN
T014	51	Q47AM4	swissprot_n1	27	132	0.200758	6.79178	AQD	IAQDE	IAQDE
T014	52	P68431	swissprot_n1	44	136	0.319853	6.78031	RPG	YRPGT	YRPGT
T014	53	P68431	swissprot_n1	45	136	0.327206	6.78031	PGT	RPGTV	RPGTV
T014	54	P68431	swissprot_n1	43	136	0.3125	6.78031	YRP	RYRPG	RYRPG
T014	55	P68431	swissprot_n1	39	136	0.283088	6.75637	KPH	KKPHR	KKPHR
T014	56	P68431	swissprot_n1	40	136	0.290441	6.75637	PHR	KPHRY	KPHRY
T014	57	P68431	swissprot_n1	42	136	0.305147	6.75637	RYR	HRYRP	HRYRP
T014	58	P68431	swissprot_n1	41	136	0.297794	6.75637	HRY	PHRYR	PHRYR
T014	59	B5RH70	swissprot_n1	241	305	0.788525	6.68515	MLD	KMLDA	KMLDA
T014	60	random_UniRef50_A0A371G0P3	random_uniref50	116	194	0.595361	6.6753	TDK	RTDKP	RTDKP
T014	61	A2T309	swissprot_n1	64	353	0.179887	6.52964	IRE	GIREP	GIREP
T014	62	A2T309	swissprot_n1	63	353	0.177054	6.52964	GIR	DGIRE	DGIRE
T014	63	A2T309	swissprot_n1	62	353	0.174221	6.52964	DGI	IDGIR	IDGIR
T014	64	A2T309	swissprot_n1	65	353	0.18272	6.52964	REP	IREPV	IREPV
T014	65	Q9ZZU1	swissprot_n1	252	379	0.663588	6.41777	GDP	LGDPD	LGDPD
T014	66	Q9ZZU1	swissprot_n1	246	379	0.647757	6.41777	FSP	LFSPD	LFSPD
T014	67	Q9ZZU1	swissprot_n1	245	379	0.645119	6.41777	LFS	VLFSP	VLFSP
T014	68	Q9ZZU1	swissprot_n1	250	379	0.658311	6.41777	LLG	DLLGD	DLLGD
T014	69	Q9ZZU1	swissprot_n1	251	379	0.66095	6.41777	LGD	LLGDP	LLGDP
T014	70	Q9ZZU1	swissprot_n1	247	379	0.650396	6.41777	SPD	FSPDL	FSPDL
T014	71	Q9ZZU1	swissprot_n1	249	379	0.655673	6.41777	DLL	PDLLG	PDLLG
T014	72	Q9ZZU1	swissprot_n1	248	379	0.653034	6.41777	PDL	SPDLL	SPDLL
T014	73	P68431	swissprot_n1	56	136	0.408088	6.35002	YQK	RYQKS	RYQKS
T014	74	P68431	swissprot_n1	55	136	0.400735	6.35002	RYQ	RRYQK	RRYQK
T014	75	Q9LM66	swissprot_n1	317	356	0.889045	6.26411	VKN	IVKNS	IVKNS
T014	76	P68431	swissprot_n1	49	136	0.356618	6.22266	ALR	VALRE	VALRE
T014	77	P68431	swissprot_n1	50	136	0.363971	6.22266	LRE	ALREI	ALREI
T014	78	P68431	swissprot_n1	47	136	0.341912	6.22266	TVA	GTVAL	GTVAL
T014	79	P68431	swissprot_n1	48	136	0.349265	6.22266	VAL	TVALR	TVALR
T014	80	P68431	swissprot_n1	51	136	0.371324	6.22266	REI	LREIR	LREIR
T014	81	P68431	swissprot_n1	46	136	0.334559	6.22266	GTV	PGTVA	PGTVA
T014	82	Q9ZZU1	swissprot_n1	196	379	0.515831	5.93061	VHL	MVHLL	MVHLL
T014	83	Q9ZZU1	swissprot_n1	199	379	0.523747	5.93061	LFL	LLFLH	LLFLH
T014	84	Q9ZZU1	swissprot_n1	195	379	0.513193	5.93061	MVH	VMVHL	VMVHL
T014	85	Q9ZZU1	swissprot_n1	197	379	0.51847	5.93061	HLL	VHLLF	VHLLF
T014	86	Q9ZZU1	swissprot_n1	209	379	0.550132	5.93061	PTG	NPTGI	NPTGI
T014	87	Q9ZZU1	swissprot_n1	210	379	0.55277	5.93061	TGI	PTGII	PTGII
T014	88	Q9ZZU1	swissprot_n1	208	379	0.547493	5.93061	NPT	NNPTG	NNPTG
T014	89	Q9ZZU1	swissprot_n1	202	379	0.531662	5.93061	HET	LHETG	LHETG
T014	90	Q9ZZU1	swissprot_n1	203	379	0.534301	5.93061	ETG	HETGS	HETGS
T014	91	Q9ZZU1	swissprot_n1	200	379	0.526385	5.93061	FLH	LFLHE	LFLHE
T014	92	Q9ZZU1	swissprot_n1	201	379	0.529024	5.93061	LHE	FLHET	FLHET
T014	93	Q9ZZU1	swissprot_n1	204	379	0.536939	5.93061	TGS	ETGSN	ETGSN
T014	94	Q9ZZU1	swissprot_n1	205	379	0.539578	5.93061	GSN	TGSNN	TGSNN
T014	95	Q9ZZU1	swissprot_n1	206	379	0.542216	5.93061	SNN	GSNNP	GSNNP
T014	96	Q9ZZU1	swissprot_n1	207	379	0.544855	5.93061	NNP	SNNPT	SNNPT
T014	97	Q9ZZU1	swissprot_n1	198	379	0.521108	5.93061	LLF	HLLFL	HLLFL
T014	98	B1HQC2	swissprot_n1	57	257	0.219844	5.91834	IAN	SIANI	SIANI
T014	99	P68431	swissprot_n1	81	136	0.591912	5.86328	KTD	FKTDL	FKTDL
T014	100	P68431	swissprot_n1	78	136	0.569853	5.86328	QDF	AQDFK	AQDFK
T015	1	Q8A861	swissprot_n1	54	383	0.139687	130.423	YEL	PYELK	PYELK
T015	2	random_UniRef50_UPI000BFC00A6	random_uniref50	96	129	0.74031	40.7622	KWI	YKWIN	YKWIN
T015	3	Q9KKM4	swissprot_n1	69	211	0.324645	28.9282	DDA	VDDAG	VDDAG
T015	4	A7N655	swissprot_n1	139	342	0.404971	26.8117	VTH	EVTHN	EVTHN
T015	5	A7N655	swissprot_n1	138	342	0.402047	26.8117	EVT	GEVTH	GEVTH
T015	6	Q9KKM4	swissprot_n1	71	211	0.334123	25.4857	AGF	DAGFV	DAGFV
T015	7	Q9KKM4	swissprot_n1	68	211	0.319905	25.1914	VDD	NVDDA	NVDDA
T015	8	A7X160	swissprot_n1	174	352	0.492898	24.6929	TSP	HTSPV	HTSPV
T015	9	A7X160	swissprot_n1	172	352	0.487216	24.6929	THT	RTHTS	RTHTS
T015	10	A7X160	swissprot_n1	173	352	0.490057	24.6929	HTS	THTSP	THTSP
T015	11	A7X160	swissprot_n1	171	352	0.484375	24.6929	RTH	LRTHT	LRTHT
T015	12	A7X160	swissprot_n1	170	352	0.481534	24.6929	LRT	LLRTH	LLRTH
T015	13	A7X160	swissprot_n1	175	352	0.495739	24.6929	SPV	TSPVQ	TSPVQ
T015	14	Q329L3	swissprot_n1	185	238	0.77521	24.5034	ETD	AETDM	AETDM
T015	15	Q329L3	swissprot_n1	186	238	0.779412	24.5034	TDM	ETDMN	ETDMN
T015	16	Q329L3	swissprot_n1	189	238	0.792017	24.5034	NVV	MNVVM	MNVVM
T015	17	Q329L3	swissprot_n1	187	238	0.783613	24.5034	DMN	TDMNV	TDMNV
T015	18	Q329L3	swissprot_n1	188	238	0.787815	24.5034	MNV	DMNVV	DMNVV
T015	19	Q329L3	swissprot_n1	190	238	0.796219	24.5034	VVM	NVVMT	NVVMT
T015	20	P29225	swissprot_n1	25	331	0.0740181	24.0215	GSI	KGSIM	KGSIM
T015	21	P29225	swissprot_n1	23	331	0.0679758	24.0215	GKG	FGKGS	FGKGS
T015	22	P29225	swissprot_n1	26	331	0.0770393	24.0215	SIM	GSIMK	GSIMK
T015	23	P29225	swissprot_n1	22	331	0.0649547	24.0215	FGK	QFGKG	QFGKG
T015	24	P29225	swissprot_n1	21	331	0.0619335	24.0215	QFG	KQFGK	KQFGK
T015	25	P29225	swissprot_n1	24	331	0.070997	24.0215	KGS	GKGSI	GKGSI
T015	26	Q9KKM4	swissprot_n1	70	211	0.329384	23.7893	DAG	DDAGF	DDAGF
T015	27	A5FMM5	swissprot_n1	36	349	0.101719	21.6433	KNT	QKNTI	QKNTI
T015	28	Q5WGN4	swissprot_n1	50	200	0.2475	19.9416	GVL	LGVLD	LGVLD
T015	29	Q5WGN4	swissprot_n1	49	200	0.2425	19.1145	LGV	YLGVL	YLGVL
T015	30	B7M4H6	swissprot_n1	46	137	0.332117	18.4799	NHY	ENHYR	ENHYR
T015	31	Q1QH29	swissprot_n1	46	326	0.139571	18.1081	AGS	TAGSF	TAGSF
T015	32	Q6HPD7	swissprot_n1	73	152	0.476974	17.5854	YHL	HYHLH	HYHLH
T015	33	Q6HPD7	swissprot_n1	74	152	0.483553	17.5854	HLH	YHLHI	YHLHI
T015	34	Q1QH29	swissprot_n1	45	326	0.136503	17.5828	TAG	TTAGS	TTAGS
T015	35	B7M4H6	swissprot_n1	45	137	0.324818	17.553	ENH	DENHY	DENHY
T015	36	B7M4H6	swissprot_n1	44	137	0.317518	16.9582	DEN	VDENH	VDENH
T015	37	Q5WGN4	swissprot_n1	52	200	0.2575	16.6523	LDR	VLDRA	VLDRA
T015	38	A5FMM5	swissprot_n1	37	349	0.104585	16.41	NTI	KNTIE	KNTIE
T015	39	Q3IJW1	swissprot_n1	38	211	0.177725	16.3926	SGF	ESGFV	ESGFV
T015	40	B1HQC2	swissprot_n1	63	257	0.243191	16.2091	DNN	KDNNE	KDNNE
T015	41	A9NC56	swissprot_n1	76	152	0.496711	16.105	IPG	PIPGF	PIPGF
T015	42	Q0BNS7	swissprot_n1	19	210	0.0880952	15.7117	EDG	TEDGV	TEDGV
T015	43	Q1QH29	swissprot_n1	47	326	0.142638	15.4068	GSF	AGSFF	AGSFF
T015	44	A5FMM5	swissprot_n1	35	349	0.0988539	15.1154	QKN	RQKNT	RQKNT
T015	45	Q487H6	swissprot_n1	107	352	0.302557	14.9735	EAY	DEAYL	DEAYL
T015	46	Q487H6	swissprot_n1	110	352	0.31108	14.9735	LDV	YLDVT	YLDVT
T015	47	Q487H6	swissprot_n1	108	352	0.305398	14.9735	AYL	EAYLD	EAYLD
T015	48	Q487H6	swissprot_n1	109	352	0.308239	14.9735	YLD	AYLDV	AYLDV
T015	49	A9NC56	swissprot_n1	77	152	0.503289	14.1826	PGF	IPGFP	IPGFP
T015	50	Q9KKM4	swissprot_n1	72	211	0.338863	13.914	GFV	AGFVF	AGFVF
T015	51	Q1QH29	swissprot_n1	44	326	0.133436	13.4392	TTA	HTTAG	HTTAG
T015	52	Q0AB89	swissprot_n1	227	338	0.670118	13.0568	ECL	FECLH	FECLH
T015	53	Q0AB89	swissprot_n1	221	338	0.652367	13.0568	PEM	APEMA	APEMA
T015	54	Q0AB89	swissprot_n1	222	338	0.655325	13.0568	EMA	PEMAY	PEMAY
T015	55	Q0AB89	swissprot_n1	219	338	0.64645	13.0568	YAP	GYAPE	GYAPE
T015	56	Q0AB89	swissprot_n1	225	338	0.664201	13.0568	YFE	AYFEC	AYFEC
T015	57	Q0AB89	swissprot_n1	226	338	0.66716	13.0568	FEC	YFECL	YFECL
T015	58	Q0AB89	swissprot_n1	220	338	0.649408	13.0568	APE	YAPEM	YAPEM
T015	59	Q0AB89	swissprot_n1	228	338	0.673077	13.0568	CLH	ECLHE	ECLHE
T015	60	Q0AB89	swissprot_n1	223	338	0.658284	13.0568	MAY	EMAYF	EMAYF
T015	61	Q0AB89	swissprot_n1	224	338	0.661243	13.0568	AYF	MAYFE	MAYFE
T015	62	B1HQC2	swissprot_n1	62	257	0.2393	12.8663	KDN	DKDNN	DKDNN
T015	63	Q5WGN4	swissprot_n1	51	200	0.2525	12.8165	VLD	GVLDR	GVLDR
T015	64	Q47AM4	swissprot_n1	31	132	0.231061	12.6992	NGR	ENGRV	ENGRV
T015	65	A9NC56	swissprot_n1	75	152	0.490132	12.6215	PIP	EPIPG	EPIPG
T015	66	Q3IJW1	swissprot_n1	36	211	0.168246	12.1235	TES	RTESG	RTESG
T015	67	B1HQC2	swissprot_n1	64	257	0.247082	12.0126	NNE	DNNEF	DNNEF
T015	68	Q5ZUM5	swissprot_n1	48	222	0.213964	11.832	GNP	PGNPV	PGNPV
T015	69	C4K2C2	swissprot_n1	34	148	0.226351	11.8239	AAN	IAANE	IAANE
T015	70	Q5ZUM5	swissprot_n1	45	222	0.20045	11.3908	YEP	WYEPG	WYEPG
T015	71	B6IN13	swissprot_n1	16	291	0.0532646	11.3144	NGG	RNGGI	RNGGI
T015	72	Q1GDR6	swissprot_n1	46	232	0.196121	11.072	AEP	LAEPG	LAEPG
T015	73	Q97FV2	swissprot_n1	35	333	0.103604	11.0681	NNY	NNNYN	NNNYN
T015	74	B1HQC2	swissprot_n1	47	257	0.180934	10.9749	LEP	SLEPL	SLEPL
T015	75	Q1QH29	swissprot_n1	43	326	0.130368	10.7683	HTT	LHTTA	LHTTA
T015	76	A9NC56	swissprot_n1	80	152	0.523026	10.727	PSE	FPSES	FPSES
T015	77	Q89A51	swissprot_n1	34	189	0.177249	10.4717	NNG	DNNGA	DNNGA
T015	78	A9NC56	swissprot_n1	78	152	0.509868	10.4616	GFP	PGFPS	PGFPS
T015	79	A9NC56	swissprot_n1	79	152	0.516447	10.4035	FPS	GFPSE	GFPSE
T015	80	B7M4H6	swissprot_n1	43	137	0.310219	10.4001	VDE	LVDEN	LVDEN
T015	81	A5FMM5	swissprot_n1	33	349	0.0931232	10.378	DRQ	IDRQK	IDRQK
T015	82	Q39I71	swissprot_n1	72	278	0.257194	10.3594	DHG	RDHGR	RDHGR
T015	83	B5YQ96	swissprot_n1	22	129	0.166667	10.3433	ADG	EADGT	EADGT
T015	84	Q3IJW1	swissprot_n1	37	211	0.172986	10.3069	ESG	TESGF	TESGF
T015	85	B7M4H6	swissprot_n1	42	137	0.30292	10.3021	LVD	ELVDE	ELVDE
T015	86	B5YQ96	swissprot_n1	21	129	0.158915	10.282	EAD	KEADG	KEADG
T015	87	Q1QH29	swissprot_n1	42	326	0.127301	10.049	LHT	LLHTT	LLHTT
T015	88	C4K3W9	swissprot_n1	43	218	0.194954	10.0401	KGS	NKGSD	NKGSD
T015	89	B7M4H6	swissprot_n1	41	137	0.29562	10.0122	ELV	VELVD	VELVD
T015	90	Q9KKM4	swissprot_n1	73	211	0.343602	9.98886	FVF	GFVFY	GFVFY
T015	91	Q5WGN4	swissprot_n1	48	200	0.2375	9.69901	YLG	AYLGV	AYLGV
T015	92	Q3SIB0	swissprot_n1	23	256	0.0878906	9.58058	KYA	AKYAV	AKYAV
T015	93	Q9KKM4	swissprot_n1	66	211	0.310427	9.57491	KNV	LKNVD	LKNVD
T015	94	B5YQ96	swissprot_n1	23	129	0.174419	9.34358	DGT	ADGTY	ADGTY
T015	95	Q0BNS7	swissprot_n1	20	210	0.0928571	9.30735	DGV	EDGVS	EDGVS
T015	96	Q4ZPE5	swissprot_n1	96	319	0.299373	9.28759	GVH	FGVHI	FGVHI
T015	97	Q3IJW1	swissprot_n1	39	211	0.182464	8.86961	GFV	SGFVI	SGFVI
T015	98	A8GLK7	swissprot_n1	44	330	0.131818	8.82763	GTQ	DGTQD	DGTQD
T015	99	A5FMM5	swissprot_n1	34	349	0.0959885	8.71488	RQK	DRQKN	DRQKN
T015	100	Q9KKM4	swissprot_n1	67	211	0.315166	8.66374	NVD	KNVDD	KNVDD
T016	1	Q87T00	swissprot_n1	5	101	0.0445545	72.3768	QSM	KQSMK	KQSMK
T016	2	O59586	swissprot_n1	224	287	0.778746	55.4641	AAE	RAAEI	RAAEI
T016	3	random_UniRef50_UPI002060E798	random_uniref50	8	120	0.0625	53.5269	SGK	SSGKE	SSGKE
T016	4	B5R6X5	swissprot_n1	231	288	0.800347	46.2379	VGI	DVGIN	DVGIN
T016	5	Q505J6	swissprot_n1	296	320	0.923437	45.6301	VIA	LVIAP	LVIAP
T016	6	A8YXJ3	swissprot_n1	275	296	0.927365	45.1774	NKY	GNKYH	GNKYH
T016	7	A4YCY6	swissprot_n1	131	214	0.609813	42.3038	ESH	GESHS	GESHS
T016	8	P58744	swissprot_n1	5	275	0.0163636	39.4633	PTI	NPTII	NPTII
T016	9	random_UniRef50_UPI002060E798	random_uniref50	115	120	0.954167	39.0075	GRS	GGRSN	GGRSN
T016	10	Q5E4Z3	swissprot_n1	182	303	0.59901	33.8372	NKG	GNKGC	GNKGC
T016	11	B9KKD5	swissprot_n1	37	155	0.235484	31.967	GRF	GGRFT	GGRFT
T016	12	A7X160	swissprot_n1	276	352	0.78267	29.3777	CNV	GCNVC	GCNVC
T016	13	A4FZN7	swissprot_n1	103	126	0.813492	27.9102	SRN	ESRNV	ESRNV
T016	14	Q3Z2C9	swissprot_n1	4	148	0.0236486	27.5075	DVT	FDVTL	FDVTL
T016	15	Q3Z2C9	swissprot_n1	5	148	0.0304054	27.5075	VTL	DVTLL	DVTLL
T016	16	Q3Z2C9	swissprot_n1	6	148	0.0371622	27.5075	TLL	VTLLI	VTLLI
T016	17	Q3Z2C9	swissprot_n1	7	148	0.0439189	27.5075	LLI	TLLIL	TLLIL
T016	18	Q6GDD2	swissprot_n1	26	210	0.121429	27.2432	VLM	QVLML	QVLML
T016	19	Q6GDD2	swissprot_n1	25	210	0.116667	27.2432	QVL	KQVLM	KQVLM
T016	20	Q6GDD2	swissprot_n1	23	210	0.107143	27.2432	TKQ	QTKQV	QTKQV
T016	21	Q6GDD2	swissprot_n1	24	210	0.111905	27.2432	KQV	TKQVL	TKQVL
T016	22	Q6HPD7	swissprot_n1	144	152	0.944079	27.099	GKL	KGKLI	KGKLI
T016	23	A7X160	swissprot_n1	273	352	0.774148	26.9623	GKG	KGKGC	KGKGC
T016	24	Q88YZ2	swissprot_n1	19	267	0.0692884	25.5389	RHV	GRHVH	GRHVH
T016	25	Q64563	swissprot_n1	115	377	0.303714	24.3509	KLR	GKLRN	GKLRN
T016	26	Q8WHY5	swissprot_n1	20	140	0.139286	24.2619	GVS	KGVST	KGVST
T016	27	Q8WHY5	swissprot_n1	19	140	0.132143	24.2619	KGV	MKGVS	MKGVS
T016	28	Q8WHY5	swissprot_n1	18	140	0.125	24.2619	MKG	RMKGV	RMKGV
T016	29	Q8WHY5	swissprot_n1	21	140	0.146429	24.2619	VST	GVSTR	GVSTR
T016	30	Q6ZRF7	swissprot_n1	97	136	0.709559	24.1118	KAF	GKAFT	GKAFT
T016	31	Q0HVI0	swissprot_n1	6	351	0.0156695	24.0585	VLV	KVLVV	KVLVV
T016	32	Q0HVI0	swissprot_n1	3	351	0.00712251	24.0585	TIK	MTIKV	MTIKV
T016	33	Q0HVI0	swissprot_n1	5	351	0.0128205	24.0585	KVL	IKVLV	IKVLV
T016	34	Q0HVI0	swissprot_n1	4	351	0.00997151	24.0585	IKV	TIKVL	TIKVL
T016	35	A0RLB6	swissprot_n1	151	195	0.771795	23.963	SPA	GSPAS	GSPAS
T016	36	P55838	swissprot_n1	13	110	0.113636	23.7628	TSA	RTSAQ	RTSAQ
T016	37	P55838	swissprot_n1	10	110	0.0863636	23.7628	YAR	RYART	RYART
T016	38	P55838	swissprot_n1	11	110	0.0954545	23.7628	ART	YARTS	YARTS
T016	39	P55838	swissprot_n1	12	110	0.104545	23.7628	RTS	ARTSA	ARTSA
T016	40	Q10355	swissprot_n1	46	219	0.207763	23.394	SLY	ESLYQ	ESLYQ
T016	41	Q10355	swissprot_n1	43	219	0.194064	23.394	NDE	VNDES	VNDES
T016	42	Q10355	swissprot_n1	44	219	0.19863	23.394	DES	NDESL	NDESL
T016	43	Q10355	swissprot_n1	45	219	0.203196	23.394	ESL	DESLY	DESLY
T016	44	B7H3X2	swissprot_n1	53	139	0.377698	22.4778	AEL	GAELF	GAELF
T016	45	random_UniRef50_UPI002060E798	random_uniref50	45	120	0.370833	21.9844	TKI	RTKIL	RTKIL
T016	46	random_UniRef50_UPI002060E798	random_uniref50	47	120	0.3875	21.9844	ILW	KILWT	KILWT
T016	47	random_UniRef50_UPI002060E798	random_uniref50	46	120	0.379167	21.9844	KIL	TKILW	TKILW
T016	48	random_UniRef50_UPI002060E798	random_uniref50	44	120	0.3625	21.9844	RTK	KRTKI	KRTKI
T016	49	B2UBP2	swissprot_n1	160	382	0.417539	20.3815	GKG	HGKGA	HGKGA
T016	50	B2UBP2	swissprot_n1	200	382	0.522251	20.1169	SGK	GSGKY	GSGKY
T016	51	B2UBP2	swissprot_n1	214	382	0.558901	19.3592	QGK	GQGKL	GQGKL
T016	52	P01232	swissprot_n1	123	141	0.868794	17.9044	GPR	GGPRA	GGPRA
T016	53	Q6HPD7	swissprot_n1	145	152	0.950658	17.5624	KLI	GKLIL	GKLIL
T016	54	B2UBP2	swissprot_n1	213	382	0.556283	17.41	GQG	HGQGK	HGQGK
T016	55	B2UBP2	swissprot_n1	163	382	0.425393	17.2519	AEP	GAEPG	GAEPG
T016	56	B2UBP2	swissprot_n1	215	382	0.561518	16.5196	GKL	QGKLK	QGKLK
T016	57	A7X160	swissprot_n1	274	352	0.776989	13.8355	KGC	GKGCN	GKGCN
T016	58	Q6T1W7	swissprot_n1	179	192	0.929688	11.8882	KRY	GKRYK	GKRYK
T016	59	A4YCY6	swissprot_n1	132	214	0.614486	10.2029	SHS	ESHSL	ESHSL
T016	60	Q7CIS2	swissprot_n1	248	341	0.725806	9.39162	GDI	GGDIM	GGDIM
T016	61	B2UBP2	swissprot_n1	178	382	0.46466	9.22591	AGQ	GAGQV	GAGQV
T016	62	B2UBP2	swissprot_n1	216	382	0.564136	6.95985	KLK	GKLKS	GKLKS
T016	63	B2UBP2	swissprot_n1	201	382	0.524869	6.6411	GKY	SGKYI	SGKYI
T016	64	B0YA65	swissprot_n1	390	398	0.978643	6.4724	GAS	GGASA	GGASA
T016	65	Q8DL38	swissprot_n1	104	360	0.2875	5.95313	QSK	SQSKI	SQSKI
T016	66	C6E8Y9	swissprot_n1	75	197	0.378173	5.4188	GER	SGERD	SGERD
T016	67	C4K2K4	swissprot_n1	253	273	0.924908	2.88047	STI	SSTII	SSTII
T016	68	O03848	swissprot_n1	203	230	0.880435	2.0367	ANH	GANHS	GANHS
T016	69	C6E8Y9	swissprot_n1	76	197	0.383249	1.94093	ERD	GERDS	GERDS
T016	70	A4YCY6	swissprot_n1	130	214	0.60514	1.79052	GES	CGESH	CGESH
T016	71	random_UniRef50_UPI003FD3D3C0	random_uniref50	92	127	0.720472	-0.0108544	GAG	LGAGV	LGAGV
T016	72	random_UniRef50_UPI003FD3D3C0	random_uniref50	93	127	0.728346	-0.0108544	AGV	GAGVQ	GAGVQ
T016	73	random_UniRef50_UPI003FD3D3C0	random_uniref50	94	127	0.73622	-0.0108544	GVQ	AGVQT	AGVQT
T016	74	random_UniRef50_UPI003FD3D3C0	random_uniref50	95	127	0.744094	-0.0108544	VQT	GVQTG	GVQTG
T016	75	random_UniRef50_UPI003FD3D3C0	random_uniref50	96	127	0.751969	-0.0108544	QTG	VQTGS	VQTGS
T016	76	random_UniRef50_UPI003FD3D3C0	random_uniref50	97	127	0.759843	-0.0108544	TGS	QTGSA	QTGSA
T016	77	random_UniRef50_UPI003FD3D3C0	random_uniref50	98	127	0.767717	-0.0108544	GSA	TGSAK	TGSAK
T016	78	random_UniRef50_UPI003FD3D3C0	random_uniref50	99	127	0.775591	-0.0108544	SAK	GSAKS	GSAKS
T016	79	random_UniRef50_UPI003FD3D3C0	random_uniref50	84	127	0.65748	-0.0108544	GFL	QGFLT	QGFLT
T016	80	random_UniRef50_UPI003FD3D3C0	random_uniref50	85	127	0.665354	-0.0108544	FLT	GFLTS	GFLTS
T016	81	random_UniRef50_UPI003FD3D3C0	random_uniref50	86	127	0.673228	-0.0108544	LTS	FLTSI	FLTSI
T016	82	random_UniRef50_UPI003FD3D3C0	random_uniref50	87	127	0.681102	-0.0108544	TSI	LTSIG	LTSIG
T016	83	random_UniRef50_UPI003FD3D3C0	random_uniref50	88	127	0.688976	-0.0108544	SIG	TSIGL	TSIGL
T016	84	random_UniRef50_UPI003FD3D3C0	random_uniref50	89	127	0.69685	-0.0108544	IGL	SIGLG	SIGLG
T016	85	random_UniRef50_UPI003FD3D3C0	random_uniref50	90	127	0.704724	-0.0108544	GLG	IGLGA	IGLGA
T016	86	random_UniRef50_UPI003FD3D3C0	random_uniref50	91	127	0.712598	-0.0108544	LGA	GLGAG	GLGAG
T016	87	random_UniRef50_UPI003FD3D3C0	random_uniref50	76	127	0.594488	-0.0108544	VMA	RVMAL	RVMAL
T016	88	random_UniRef50_UPI003FD3D3C0	random_uniref50	77	127	0.602362	-0.0108544	MAL	VMALA	VMALA
T016	89	random_UniRef50_UPI003FD3D3C0	random_uniref50	78	127	0.610236	-0.0108544	ALA	MALAR	MALAR
T016	90	random_UniRef50_UPI003FD3D3C0	random_uniref50	79	127	0.61811	-0.0108544	LAR	ALARA	ALARA
T016	91	random_UniRef50_UPI003FD3D3C0	random_uniref50	80	127	0.625984	-0.0108544	ARA	LARAQ	LARAQ
T016	92	random_UniRef50_UPI003FD3D3C0	random_uniref50	81	127	0.633858	-0.0108544	RAQ	ARAQG	ARAQG
T016	93	random_UniRef50_UPI003FD3D3C0	random_uniref50	82	127	0.641732	-0.0108544	AQG	RAQGF	RAQGF
T016	94	random_UniRef50_UPI003FD3D3C0	random_uniref50	83	127	0.649606	-0.0108544	QGF	AQGFL	AQGFL
T016	95	random_UniRef50_UPI003FD3D3C0	random_uniref50	68	127	0.531496	-0.0108544	ALA	VALAA	VALAA
T016	96	random_UniRef50_UPI003FD3D3C0	random_uniref50	69	127	0.53937	-0.0108544	LAA	ALAAA	ALAAA
T016	97	random_UniRef50_UPI003FD3D3C0	random_uniref50	70	127	0.547244	-0.0108544	AAA	LAAAI	LAAAI
T016	98	random_UniRef50_UPI003FD3D3C0	random_uniref50	71	127	0.555118	-0.0108544	AAI	AAAIT	AAAIT
T016	99	random_UniRef50_UPI003FD3D3C0	random_uniref50	72	127	0.562992	-0.0108544	AIT	AAITR	AAITR
T016	100	random_UniRef50_UPI003FD3D3C0	random_uniref50	73	127	0.570866	-0.0108544	ITR	AITRV	AITRV
T017	1	Q49WE5	swissprot_n1	149	398	0.373116	114.095	LLV	GLLVG	GLLVG
T017	2	random_UniRef50_UPI00388CE501	random_uniref50	6	129	0.0426357	51.104	PKY	IPKYN	IPKYN
T017	3	random_UniRef50_UPI0018647CF6	random_uniref50	188	249	0.753012	47.2924	NHY	CNHYN	CNHYN
T017	4	random_UniRef50_UPI0018647CF6	random_uniref50	201	249	0.805221	47.1267	NHY	CNHYN	CNHYN
T017	5	P50060	swissprot_n1	40	239	0.165272	46.3239	PYD	LPYDA	LPYDA
T017	6	random_UniRef50_UPI0018647CF6	random_uniref50	175	249	0.700803	43.6503	NHY	CNHYN	CNHYN
T017	7	random_UniRef50_UPI0018647CF6	random_uniref50	136	249	0.544177	41.7304	NHY	CNHYN	CNHYN
T017	8	random_UniRef50_UPI0018647CF6	random_uniref50	162	249	0.648594	41.1467	NHY	CNHYN	CNHYN
T017	9	C4K2K4	swissprot_n1	6	273	0.0201465	37.1084	PEV	LPEVE	LPEVE
T017	10	P0ADP6	swissprot_n1	123	299	0.409699	35.7746	VIG	AVIGA	AVIGA
T017	11	random_UniRef50_UPI0018647CF6	random_uniref50	206	249	0.825301	34.7722	IHN	HIHNC	HIHNC
T017	12	random_UniRef50_UPI0018647CF6	random_uniref50	193	249	0.773092	34.187	IHN	HIHNC	HIHNC
T017	13	random_UniRef50_UPI0018647CF6	random_uniref50	174	249	0.696787	33.7811	CNH	SCNHY	SCNHY
T017	14	random_UniRef50_UPI0018647CF6	random_uniref50	123	249	0.491968	33.483	NHY	CNHYN	CNHYN
T017	15	random_UniRef50_UPI0018647CF6	random_uniref50	187	249	0.748996	33.3301	CNH	SCNHY	SCNHY
T017	16	random_UniRef50_UPI0018647CF6	random_uniref50	180	249	0.720884	33.2904	IHN	HIHNC	HIHNC
T017	17	random_UniRef50_UPI0018647CF6	random_uniref50	219	249	0.87751	33.0339	IHN	HIHNC	HIHNC
T017	18	random_UniRef50_UPI0018647CF6	random_uniref50	141	249	0.564257	32.1475	IHN	HIHNC	HIHNC
T017	19	random_UniRef50_UPI0018647CF6	random_uniref50	232	249	0.929719	31.9666	IHN	HIHNC	HIHNC
T017	20	random_UniRef50_UPI0018647CF6	random_uniref50	154	249	0.616466	31.5243	IHN	HIHNC	HIHNC
T017	21	random_UniRef50_UPI0018647CF6	random_uniref50	200	249	0.801205	31.2821	CNH	SCNHY	SCNHY
T017	22	random_UniRef50_UPI0018647CF6	random_uniref50	167	249	0.668675	27.6645	IHN	HIHNC	HIHNC
T017	23	random_UniRef50_UPI0018647CF6	random_uniref50	161	249	0.644578	27.3989	CNH	SCNHY	SCNHY
T017	24	random_UniRef50_UPI0018647CF6	random_uniref50	135	249	0.540161	27.1817	CNH	SCNHY	SCNHY
T017	25	random_UniRef50_UPI0018647CF6	random_uniref50	122	249	0.487952	24.908	CNH	SCNHY	SCNHY
T017	26	random_UniRef50_UPI0018647CF6	random_uniref50	115	249	0.459839	22.5296	IHN	HIHNC	HIHNC
T017	27	random_UniRef50_UPI0018647CF6	random_uniref50	128	249	0.512048	22.3772	IHN	HIHNC	HIHNC
T017	28	random_UniRef50_UPI0018647CF6	random_uniref50	102	249	0.407631	21.6682	IHN	HIHNC	HIHNC
T017	29	P0A6Q8	swissprot_n1	63	151	0.413907	19.8379	PGV	FPGVL	FPGVL
T017	30	random_UniRef50_UPI0018647CF6	random_uniref50	244	249	0.977912	18.493	HII	NHIIS	NHIIS
T017	31	random_UniRef50_UPI0018647CF6	random_uniref50	243	249	0.973896	18.493	NHI	YNHII	YNHII
T017	32	random_UniRef50_UPI0018647CF6	random_uniref50	230	249	0.921687	13.9431	NHI	YNHIH	YNHIH
T017	33	random_UniRef50_UPI0018647CF6	random_uniref50	231	249	0.925703	13.9431	HIH	NHIHN	NHIHN
T017	34	random_UniRef50_UPI0018647CF6	random_uniref50	218	249	0.873494	13.7426	HIH	NHIHN	NHIHN
T017	35	random_UniRef50_UPI0018647CF6	random_uniref50	217	249	0.869478	13.7426	NHI	YNHIH	YNHIH
T017	36	random_UniRef50_UPI0018647CF6	random_uniref50	152	249	0.608434	13.6877	NHI	YNHIH	YNHIH
T017	37	random_UniRef50_UPI0018647CF6	random_uniref50	153	249	0.61245	13.6877	HIH	NHIHN	NHIHN
T017	38	random_UniRef50_UPI0018647CF6	random_uniref50	113	249	0.451807	12.937	NHI	YNHIH	YNHIH
T017	39	random_UniRef50_UPI0018647CF6	random_uniref50	114	249	0.455823	12.937	HIH	NHIHN	NHIHN
T017	40	random_UniRef50_UPI0018647CF6	random_uniref50	179	249	0.716867	12.8339	HIH	NHIHN	NHIHN
T017	41	random_UniRef50_UPI0018647CF6	random_uniref50	178	249	0.712851	12.8339	NHI	YNHIH	YNHIH
T017	42	random_UniRef50_UPI0018647CF6	random_uniref50	166	249	0.664659	12.8227	HIH	NHIHN	NHIHN
T017	43	random_UniRef50_UPI0018647CF6	random_uniref50	165	249	0.660643	12.8227	NHI	YNHIH	YNHIH
T017	44	random_UniRef50_UPI0018647CF6	random_uniref50	127	249	0.508032	12.5925	HIH	NHIHN	NHIHN
T017	45	random_UniRef50_UPI0018647CF6	random_uniref50	126	249	0.504016	12.5925	NHI	YNHIH	YNHIH
T017	46	random_UniRef50_UPI0018647CF6	random_uniref50	205	249	0.821285	12.4232	HIH	NHIHN	NHIHN
T017	47	random_UniRef50_UPI0018647CF6	random_uniref50	204	249	0.817269	12.4232	NHI	YNHIH	YNHIH
T017	48	random_UniRef50_UPI0018647CF6	random_uniref50	140	249	0.560241	12.3482	HIH	NHIHN	NHIHN
T017	49	random_UniRef50_UPI0018647CF6	random_uniref50	139	249	0.556225	12.3482	NHI	YNHIH	YNHIH
T017	50	random_UniRef50_UPI0018647CF6	random_uniref50	191	249	0.76506	12.1356	NHI	YNHIH	YNHIH
T017	51	random_UniRef50_UPI0018647CF6	random_uniref50	192	249	0.769076	12.1356	HIH	NHIHN	NHIHN
T017	52	Q5YTE0	swissprot_n1	60	226	0.263274	12.0612	GGE	PGGES	PGGES
T017	53	random_UniRef50_UPI0018647CF6	random_uniref50	249	249	0.997992	11.6676	edge	edge	KKN
T017	54	random_UniRef50_UPI0018647CF6	random_uniref50	241	249	0.965863	11.1875	HYN	NHYNH	NHYNH
T017	55	random_UniRef50_UPI0018647CF6	random_uniref50	242	249	0.96988	11.1875	YNH	HYNHI	HYNHI
T017	56	random_UniRef50_UPI0018647CF6	random_uniref50	100	249	0.399598	10.777	NHI	YNHIH	YNHIH
T017	57	random_UniRef50_UPI0018647CF6	random_uniref50	101	249	0.403614	10.777	HIH	NHIHN	NHIHN
T017	58	random_UniRef50_UPI0018647CF6	random_uniref50	228	249	0.913655	10.735	HYN	NHYNH	NHYNH
T017	59	random_UniRef50_UPI0018647CF6	random_uniref50	229	249	0.917671	10.735	YNH	HYNHI	HYNHI
T017	60	random_UniRef50_UPI0018647CF6	random_uniref50	227	249	0.909639	10.4542	NHY	CNHYN	CNHYN
T017	61	random_UniRef50_UPI0018647CF6	random_uniref50	225	249	0.901606	10.4542	SCN	RSCNH	RSCNH
T017	62	random_UniRef50_UPI0018647CF6	random_uniref50	226	249	0.905622	10.4542	CNH	SCNHY	SCNHY
T017	63	random_UniRef50_UPI0018647CF6	random_uniref50	236	249	0.945783	10.4496	YRS	CYRSC	CYRSC
T017	64	random_UniRef50_UPI0018647CF6	random_uniref50	237	249	0.949799	10.4496	RSC	YRSCN	YRSCN
T017	65	random_UniRef50_UPI0018647CF6	random_uniref50	238	249	0.953815	10.4479	SCN	RSCNH	RSCNH
T017	66	random_UniRef50_UPI0018647CF6	random_uniref50	240	249	0.961847	10.4479	NHY	CNHYN	CNHYN
T017	67	random_UniRef50_UPI0018647CF6	random_uniref50	239	249	0.957831	10.4479	CNH	SCNHY	SCNHY
T017	68	random_UniRef50_UPI0018647CF6	random_uniref50	149	249	0.596386	10.4393	NHY	CNHYN	CNHYN
T017	69	random_UniRef50_UPI0018647CF6	random_uniref50	147	249	0.588353	10.4393	SCN	RSCNH	RSCNH
T017	70	random_UniRef50_UPI0018647CF6	random_uniref50	148	249	0.592369	10.4393	CNH	SCNHY	SCNHY
T017	71	random_UniRef50_UPI0018647CF6	random_uniref50	150	249	0.600402	10.3791	HYN	NHYNH	NHYNH
T017	72	random_UniRef50_UPI0018647CF6	random_uniref50	151	249	0.604418	10.3791	YNH	HYNHI	HYNHI
T017	73	random_UniRef50_UPI0018647CF6	random_uniref50	164	249	0.656627	10.1465	YNH	HYNHI	HYNHI
T017	74	random_UniRef50_UPI0018647CF6	random_uniref50	163	249	0.65261	10.1465	HYN	NHYNH	NHYNH
T017	75	random_UniRef50_UPI0018647CF6	random_uniref50	215	249	0.861446	10.1008	HYN	NHYNH	NHYNH
T017	76	random_UniRef50_UPI0018647CF6	random_uniref50	216	249	0.865462	10.1008	YNH	HYNHI	HYNHI
T017	77	random_UniRef50_UPI0018647CF6	random_uniref50	111	249	0.443775	9.99187	HYN	NHYNH	NHYNH
T017	78	random_UniRef50_UPI0018647CF6	random_uniref50	112	249	0.447791	9.99187	YNH	HYNHI	HYNHI
T017	79	random_UniRef50_UPI0018647CF6	random_uniref50	224	249	0.89759	9.91621	RSC	YRSCN	YRSCN
T017	80	random_UniRef50_UPI0018647CF6	random_uniref50	223	249	0.893574	9.91621	YRS	CYRSC	CYRSC
T017	81	random_UniRef50_UPI0018647CF6	random_uniref50	108	249	0.431727	9.91298	SCN	RSCNH	RSCNH
T017	82	random_UniRef50_UPI0018647CF6	random_uniref50	110	249	0.439759	9.91298	NHY	CNHYN	CNHYN
T017	83	random_UniRef50_UPI0018647CF6	random_uniref50	109	249	0.435743	9.91298	CNH	SCNHY	SCNHY
T017	84	random_UniRef50_UPI0018647CF6	random_uniref50	51	249	0.202811	9.87007	HNC	SHNCY	SHNCY
T017	85	random_UniRef50_UPI0018647CF6	random_uniref50	50	249	0.198795	9.87007	SHN	HSHNC	HSHNC
T017	86	random_UniRef50_UPI0018647CF6	random_uniref50	159	249	0.636546	9.76845	WSC	YWSCN	YWSCN
T017	87	random_UniRef50_UPI0018647CF6	random_uniref50	158	249	0.63253	9.76845	YWS	CYWSC	CYWSC
T017	88	random_UniRef50_UPI0018647CF6	random_uniref50	124	249	0.495984	9.71338	HYN	NHYNH	NHYNH
T017	89	random_UniRef50_UPI0018647CF6	random_uniref50	125	249	0.5	9.71338	YNH	HYNHI	HYNHI
T017	90	random_UniRef50_UPI0018647CF6	random_uniref50	117	249	0.467871	9.61168	NCY	HNCYW	HNCYW
T017	91	random_UniRef50_UPI0018647CF6	random_uniref50	116	249	0.463855	9.61168	HNC	IHNCY	IHNCY
T017	92	random_UniRef50_UPI0018647CF6	random_uniref50	118	249	0.471888	9.61168	CYW	NCYWS	NCYWS
T017	93	random_UniRef50_UPI0018647CF6	random_uniref50	156	249	0.624498	9.55172	NCY	HNCYW	HNCYW
T017	94	random_UniRef50_UPI0018647CF6	random_uniref50	157	249	0.628514	9.55172	CYW	NCYWS	NCYWS
T017	95	random_UniRef50_UPI0018647CF6	random_uniref50	155	249	0.620482	9.55172	HNC	IHNCY	IHNCY
T017	96	random_UniRef50_UPI0018647CF6	random_uniref50	214	249	0.85743	9.53403	NHY	CNHYN	CNHYN
T017	97	random_UniRef50_UPI0018647CF6	random_uniref50	213	249	0.853414	9.53403	CNH	SCNHY	SCNHY
T017	98	random_UniRef50_UPI0018647CF6	random_uniref50	212	249	0.849398	9.53403	SCN	RSCNH	RSCNH
T017	99	random_UniRef50_UPI0018647CF6	random_uniref50	233	249	0.933735	9.51989	HNC	IHNCY	IHNCY
T017	100	random_UniRef50_UPI0018647CF6	random_uniref50	234	249	0.937751	9.51989	NCY	HNCYR	HNCYR
T018	1	A5GVY6	swissprot_n1	2	150	0.01	11.4922	MNK	edge	MNKT
T018	2	real_P82174_3.2.1.17	real_lysozyme	2	121	0.0123967	11.4857	KTF	edge	KTFT
T018	3	real_P00707_3.2.1.17	real_lysozyme	2	129	0.0116279	11.4586	KIY	edge	KIYK
T018	4	real_Q7LZQ3_3.2.1.17	real_lysozyme	2	129	0.0116279	11.4586	KIY	edge	KIYT
T018	5	A4G642	swissprot_n1	2	198	0.00757576	11.4541	MTI	edge	MTIK
T018	6	P64136	swissprot_n1	2	311	0.00482315	11.447	MTK	edge	MTKI
T018	7	Q1JC96	swissprot_n1	2	279	0.00537634	11.447	MTK	edge	MTKA
T018	8	real_P12068_3.2.1.17	real_lysozyme	2	146	0.010274	11.4444	MKT	edge	MKTL
T018	9	real_P08905_3.2.1.17	real_lysozyme	2	148	0.0101351	11.4444	MKT	edge	MKTL
T018	10	Q891I4	swissprot_n1	2	201	0.00746269	11.4438	MKT	edge	MKTV
T018	11	Q639M5	swissprot_n1	2	215	0.00697674	11.4438	MKT	edge	MKTV
T018	12	Q72N87	swissprot_n1	2	290	0.00517241	11.4438	MKT	edge	MKTK
T018	13	real_P33486_3.2.1.17	real_lysozyme	2	202	0.00742574	11.4331	MTK	edge	MTKT
T018	14	P37729	swissprot_n1	2	274	0.00547445	11.432	MRK	edge	MRKV
T018	15	Q30ZW0	swissprot_n1	2	250	0.006	11.4315	MKK	edge	MKKL
T018	16	Q9M9F1	swissprot_n1	2	220	0.00681818	11.4313	MEE	edge	MEEE
T018	17	random_UniRef50_A0ABX4WVU2	random_uniref50	2	128	0.0117188	11.4312	MKK	edge	MKKL
T018	18	Q8A4M8	swissprot_n1	2	321	0.0046729	11.4298	MDK	edge	MDKK
T018	19	C0MCU1	swissprot_n1	2	234	0.00641026	11.4235	MKI	edge	MKII
T018	20	B7N9V2	swissprot_n1	2	244	0.00614754	11.4235	MKI	edge	MKID
T018	21	Q5X446	swissprot_n1	2	224	0.00669643	11.4235	MKI	edge	MKIN
T018	22	Q8NWS4	swissprot_n1	2	240	0.00625	11.4235	MKI	edge	MKIL
T018	23	Q0SU08	swissprot_n1	2	119	0.012605	11.4232	MKI	edge	MKIA
T018	24	C0MBH4	swissprot_n1	2	159	0.00943396	11.4232	MKI	edge	MKIK
T018	25	Q1D104	swissprot_n1	2	153	0.00980392	11.4232	MKI	edge	MKIW
T018	26	Q5RBF1	swissprot_n1	2	352	0.00426136	11.4211	MDF	edge	MDFL
T018	27	C4K3W9	swissprot_n1	2	218	0.00688073	11.4184	MKK	edge	MKKY
T018	28	Q87CW1	swissprot_n1	2	230	0.00652174	11.4184	MKK	edge	MKKA
T018	29	Q8Q0M5	swissprot_n1	2	324	0.00462963	11.4183	MKK	edge	MKKI
T018	30	B1WNP5	swissprot_n1	2	398	0.00376884	11.4183	MKK	edge	MKKI
T018	31	A8GLK7	swissprot_n1	2	330	0.00454545	11.4183	MKK	edge	MKKQ
T018	32	B3EPK0	swissprot_n1	2	313	0.00479233	11.4183	MKK	edge	MKKK
T018	33	C4K2C2	swissprot_n1	2	148	0.0101351	11.4144	MTI	edge	MTIT
T018	34	Q3AQM4	swissprot_n1	2	357	0.00420168	11.4061	MTN	edge	MTNP
T018	35	Q6GDD2	swissprot_n1	2	210	0.00714286	11.4061	MTN	edge	MTNY
T018	36	Q6D262	swissprot_n1	2	172	0.00872093	11.4012	MDY	edge	MDYF
T018	37	real_P84492_3.2.1.17	real_lysozyme	2	130	0.0115385	11.3996	KTY	edge	KTYE
T018	38	Q57L24	swissprot_n1	2	292	0.00513699	11.3903	MNN	edge	MNNH
T018	39	C4K1X9	swissprot_n1	2	103	0.0145631	11.389	MNN	edge	MNNS
T018	40	real_P50718_3.2.1.17	real_lysozyme	2	141	0.0106383	11.3831	MQK	edge	MQKL
T018	41	real_P48816_3.2.1.17	real_lysozyme	2	137	0.0109489	11.3831	MQK	edge	MQKL
T018	42	real_P50717_3.2.1.17	real_lysozyme	2	142	0.0105634	11.3831	MQK	edge	MQKL
T018	43	Q0W5I3	swissprot_n1	2	156	0.00961538	11.3802	MTG	edge	MTGK
T018	44	A1JQ17	swissprot_n1	2	180	0.00833333	11.378	MKQ	edge	MKQL
T018	45	B8DNA7	swissprot_n1	2	107	0.0140187	11.378	MKQ	edge	MKQF
T018	46	Q0BB53	swissprot_n1	2	229	0.00655022	11.3778	MKQ	edge	MKQV
T018	47	C1BAJ4	swissprot_n1	2	339	0.00442478	11.3747	MSS	edge	MSSS
T018	48	random_UniRef50_A0A5B8MGG3	random_uniref50	2	136	0.0110294	11.3736	MET	edge	METE
T018	49	real_Q556F2_3.2.1.17	real_lysozyme	2	170	0.00882353	11.3734	MVS	edge	MVSS
T018	50	Q9ZXX8	swissprot_n1	2	261	0.00574713	11.373	MTH	edge	MTHQ
T018	51	real_A2AE20_3.2.1.17	real_lysozyme	2	160	0.009375	11.3716	MKV	edge	MKVC
T018	52	Q3JWH3	swissprot_n1	2	332	0.00451807	11.3712	MKV	edge	MKVA
T018	53	C4L3Z5	swissprot_n1	2	317	0.00473186	11.3712	MKV	edge	MKVK
T018	54	Q6T1W7	swissprot_n1	2	192	0.0078125	11.3704	MSS	edge	MSSS
T018	55	Q6P8E9	swissprot_n1	2	128	0.0117188	11.369	MTE	edge	MTEP
T018	56	A5IV56	swissprot_n1	2	164	0.00914634	11.369	MTE	edge	MTEF
T018	57	A4Y6C1	swissprot_n1	2	156	0.00961538	11.369	MTE	edge	MTER
T018	58	A8FFU1	swissprot_n1	2	189	0.00793651	11.367	MNQ	edge	MNQL
T018	59	P0A6Q8	swissprot_n1	2	151	0.00993378	11.3639	MTT	edge	MTTN
T018	60	B0UBI3	swissprot_n1	2	204	0.00735294	11.3639	MTT	edge	MTTP
T018	61	Q32DA4	swissprot_n1	2	191	0.0078534	11.3631	MTQ	edge	MTQQ
T018	62	random_UniRef50_UPI003B220DEB	random_uniref50	2	233	0.00643777	11.3629	MTQ	edge	MTQQ
T018	63	P22674	swissprot_n1	2	350	0.00428571	11.3549	MVT	edge	MVTP
T018	64	Q8P4F6	swissprot_n1	2	157	0.00955414	11.3546	MKE	edge	MKES
T018	65	A6TAP1	swissprot_n1	2	203	0.00738916	11.3531	MNR	edge	MNRL
T018	66	A1JPP6	swissprot_n1	2	297	0.00505051	11.353	MKR	edge	MKRP
T018	67	Q1JE85	swissprot_n1	2	335	0.00447761	11.3529	MKR	edge	MKRI
T018	68	Q5FKG6	swissprot_n1	2	320	0.0046875	11.3529	MKR	edge	MKRI
T018	69	P9WIZ2	swissprot_n1	2	150	0.01	11.3522	MDI	edge	MDIA
T018	70	random_UniRef50_A0A699YNM9	random_uniref50	2	170	0.00882353	11.3522	MDK	edge	MDKR
T018	71	random_UniRef50_A0A1W6YKN8	random_uniref50	2	160	0.009375	11.3522	MDH	edge	MDHT
T018	72	random_UniRef50_A0A8X6IGK0	random_uniref50	2	104	0.0144231	11.3522	MDI	edge	MDII
T018	73	Q2T1B9	swissprot_n1	2	201	0.00746269	11.352	MIK	edge	MIKL
T018	74	A2Z388	swissprot_n1	2	246	0.00609756	11.3519	MDM	edge	MDMA
T018	75	Q02H15	swissprot_n1	2	197	0.00761421	11.3519	MDM	edge	MDMQ
T018	76	Q08143	swissprot_n1	2	288	0.00520833	11.3518	MDV	edge	MDVS
T018	77	Q8UVR3	swissprot_n1	2	400	0.00375	11.3518	MDI	edge	MDIA
T018	78	random_UniRef50_UPI0018647CF6	random_uniref50	2	249	0.0060241	11.3518	MDR	edge	MDRA
T018	79	P97477	swissprot_n1	2	395	0.00379747	11.3518	MDR	edge	MDRC
T018	80	P9WG53	swissprot_n1	2	323	0.00464396	11.3518	MDR	edge	MDRQ
T018	81	Q7WCU9	swissprot_n1	2	102	0.0147059	11.3515	MTL	edge	MTLT
T018	82	Q8NZY8	swissprot_n1	2	274	0.00547445	11.3512	MTL	edge	MTLQ
T018	83	Q5UP14	swissprot_n1	2	224	0.00669643	11.3511	MVE	edge	MVEY
T018	84	Q0Z7S8	swissprot_n1	2	132	0.0113636	11.3509	MVE	edge	MVEP
T018	85	A7N655	swissprot_n1	2	342	0.00438596	11.3506	MTT	edge	MTTL
T018	86	random_UniRef50_C4WVJ7	random_uniref50	2	137	0.0109489	11.3501	MSK	edge	MSKR
T018	87	real_D4ANU4_3.2.1.17	real_lysozyme	2	235	0.00638298	11.3496	MKL	edge	MKLS
T018	88	real_Q7LZR3_3.2.1.17	real_lysozyme	2	185	0.00810811	11.3486	QTG	edge	QTGC
T018	89	B2UL32	swissprot_n1	2	270	0.00555556	11.348	MDL	edge	MDLS
T018	90	Q8XB36	swissprot_n1	2	259	0.00579151	11.3478	MTD	edge	MTDL
T018	91	real_P61627_3.2.1.17	real_lysozyme	2	148	0.0101351	11.3473	MKA	edge	MKAL
T018	92	real_P67978_3.2.1.17	real_lysozyme	2	148	0.0101351	11.3473	MKA	edge	MKAL
T018	93	real_P61632_3.2.1.17	real_lysozyme	2	148	0.0101351	11.3473	MKA	edge	MKAL
T018	94	real_P79180_3.2.1.17	real_lysozyme	2	148	0.0101351	11.3473	MKA	edge	MKAL
T018	95	real_P61628_3.2.1.17	real_lysozyme	2	148	0.0101351	11.3473	MKA	edge	MKAL
T018	96	real_P61631_3.2.1.17	real_lysozyme	2	148	0.0101351	11.3473	MKA	edge	MKAL
T018	97	Q5HK65	swissprot_n1	2	185	0.00810811	11.3459	MQT	edge	MQTI
T018	98	B7JBC0	swissprot_n1	2	263	0.00570342	11.3435	MTD	edge	MTDI
T018	99	Q7NT63	swissprot_n1	2	180	0.00833333	11.3433	MTD	edge	MTDY
T018	100	random_UniRef50_UPI003C781484	random_uniref50	2	143	0.0104895	11.3433	MTD	edge	MTDA
T019	1	Q7WCU9	swissprot_n1	84	102	0.818627	82.1415	VLL	LVLLF	LVLLF
T019	2	random_UniRef50_T1H7H2	random_uniref50	15	188	0.0771277	70.6349	QPP	IQPPP	IQPPP
T019	3	random_UniRef50_T1H7H2	random_uniref50	23	188	0.119681	68.0835	TYD	NTYDN	NTYDN
T019	4	random_UniRef50_T1H7H2	random_uniref50	17	188	0.087766	56.8059	PPA	PPPAG	PPPAG
T019	5	A1WAR5	swissprot_n1	9	178	0.0477528	54.3478	PPS	PPPSP	PPPSP
T019	6	A1WAR5	swissprot_n1	10	178	0.0533708	54.3478	PSP	PPSPE	PPSPE
T019	7	A1WAR5	swissprot_n1	11	178	0.0589888	54.3478	SPE	PSPEE	PSPEE
T019	8	random_UniRef50_T1H7H2	random_uniref50	16	188	0.0824468	52.1255	PPP	QPPPA	QPPPA
T019	9	random_UniRef50_T1H7H2	random_uniref50	145	188	0.768617	43.7426	AMF	VAMFW	VAMFW
T019	10	Q0T515	swissprot_n1	147	188	0.779255	41.3736	IMS	LIMST	LIMST
T019	11	Q0BB53	swissprot_n1	63	229	0.272926	36.7087	GRP	AGRPL	AGRPL
T019	12	Q8UVR3	swissprot_n1	351	400	0.87625	35.4761	NDT	GNDTI	GNDTI
T019	13	Q39I71	swissprot_n1	59	278	0.210432	30.3517	YRE	PYRET	PYRET
T019	14	Q9IAX9	swissprot_n1	260	294	0.882653	29.0505	GGL	LGGLH	LGGLH
T019	15	B4TVT9	swissprot_n1	63	273	0.228938	28.9516	VMF	VVMFW	VVMFW
T019	16	Q8UVR3	swissprot_n1	166	400	0.41375	25.9138	CKS	LCKSD	LCKSD
T019	17	A5UG30	swissprot_n1	393	400	0.98125	25.3478	FLK	LFLKQ	LFLKQ
T019	18	Q7WCU9	swissprot_n1	82	102	0.79902	25.0336	ILV	AILVL	AILVL
T019	19	Q7WCU9	swissprot_n1	87	102	0.848039	24.9759	FRN	LFRNL	LFRNL
T019	20	random_UniRef50_T1H7H2	random_uniref50	26	188	0.135638	24.5662	NAI	DNAIP	DNAIP
T019	21	Q7WCU9	swissprot_n1	86	102	0.838235	23.72	LFR	LLFRN	LLFRN
T019	22	real_Q27650_3.2.1.17	real_lysozyme	171	211	0.808057	21.9874	HYD	PHYDN	PHYDN
T019	23	Q9IAX9	swissprot_n1	281	294	0.954082	21.7314	RLD	TRLDR	TRLDR
T019	24	random_UniRef50_T1H7H2	random_uniref50	20	188	0.103723	21.7271	GYN	AGYNT	AGYNT
T019	25	random_UniRef50_T1H7H2	random_uniref50	147	188	0.779255	21.2273	FWR	MFWRG	MFWRG
T019	26	random_UniRef50_T1H7H2	random_uniref50	25	188	0.130319	21.1485	DNA	YDNAI	YDNAI
T019	27	Q39I71	swissprot_n1	61	278	0.217626	20.9881	ETS	RETSL	RETSL
T019	28	Q9IAX9	swissprot_n1	273	294	0.926871	20.5237	SSA	GSSAF	GSSAF
T019	29	Q328B8	swissprot_n1	83	212	0.389151	20.309	TYR	PTYRE	PTYRE
T019	30	B2UL32	swissprot_n1	265	270	0.97963	19.6747	LMA	LLMAI	LLMAI
T019	31	Q65G65	swissprot_n1	167	395	0.421519	19.5586	YYE	EYYEK	EYYEK
T019	32	Q9IAX9	swissprot_n1	271	294	0.920068	18.4735	LGS	GLGSS	GLGSS
T019	33	Q7WCU9	swissprot_n1	85	102	0.828431	17.7644	LLF	VLLFR	VLLFR
T019	34	random_UniRef50_T1H7H2	random_uniref50	24	188	0.125	17.0565	YDN	TYDNA	TYDNA
T019	35	B2UL32	swissprot_n1	235	270	0.868519	16.1563	VFI	MVFIS	MVFIS
T019	36	random_UniRef50_T1H7H2	random_uniref50	131	188	0.694149	16.024	YAP	LYAPE	LYAPE
T019	37	P50060	swissprot_n1	43	239	0.177824	15.6194	AGA	DAGAL	DAGAL
T019	38	Q9IAX9	swissprot_n1	256	294	0.869048	15.1942	GPL	PGPLL	PGPLL
T019	39	B7NB81	swissprot_n1	148	193	0.764249	14.3196	VMV	LVMVL	LVMVL
T019	40	B7NB81	swissprot_n1	185	193	0.955959	13.6296	FMG	AFMGF	AFMGF
T019	41	P0A839	swissprot_n1	26	388	0.0657216	13.6033	CTT	ACTTP	ACTTP
T019	42	P24824	swissprot_n1	43	400	0.10625	13.0789	DYY	PDYYF	PDYYF
T019	43	random_UniRef50_A0A293M5I5	random_uniref50	49	148	0.327703	13.0226	SMG	NSMGN	NSMGN
T019	44	Q9LE63	swissprot_n1	323	345	0.934783	12.9799	DNK	EDNKN	EDNKN
T019	45	A9KES2	swissprot_n1	217	361	0.599723	12.5502	AYT	FAYTT	FAYTT
T019	46	random_UniRef50_A0A1B6G461	random_uniref50	105	235	0.444681	12.5036	SSS	NSSSR	NSSSR
T019	47	random_UniRef50_T1H7H2	random_uniref50	9	188	0.0452128	12.2833	PEP	APEPG	APEPG
T019	48	random_UniRef50_A0A7K8ZUN0	random_uniref50	79	92	0.853261	11.9812	YYY	HYYYG	HYYYG
T019	49	A5UG30	swissprot_n1	209	400	0.52125	11.6448	LLN	ILLNR	ILLNR
T019	50	A5UG30	swissprot_n1	208	400	0.51875	11.5338	ILL	LILLN	LILLN
T019	51	real_D4ANU4_3.2.1.17	real_lysozyme	205	235	0.870213	11.4489	TFW	HTFWQ	HTFWQ
T019	52	Q9IAX9	swissprot_n1	258	294	0.87585	11.0167	LLG	PLLGG	PLLGG
T019	53	Q7W419	swissprot_n1	18	220	0.0795455	10.4602	QGL	SQGLE	SQGLE
T019	54	Q8UVR3	swissprot_n1	400	400	0.99875	10.0189	edge	edge	FAS
T019	55	B4TVT9	swissprot_n1	242	273	0.884615	9.06684	AIK	IAIKT	IAIKT
T019	56	Q9IAX9	swissprot_n1	278	294	0.943878	8.89796	PYT	EPYTR	EPYTR
T019	57	B1XNQ0	swissprot_n1	338	353	0.956091	8.5266	QLV	PQLVD	PQLVD
T019	58	random_UniRef50_A0AAI8VQU6	random_uniref50	81	181	0.444751	8.29644	PAY	PPAYI	PPAYI
T019	59	B2UBP2	swissprot_n1	96	382	0.25	7.87307	EAF	AEAFG	AEAFG
T019	60	Q328B8	swissprot_n1	199	212	0.936321	7.72258	YCG	GYCGI	GYCGI
T019	61	real_O31608_3.2.1.17	real_lysozyme	24	181	0.129834	7.43154	SSN	TSSNS	TSSNS
T019	62	random_UniRef50_A0A1B6G461	random_uniref50	50	235	0.210638	7.04478	SNR	YSNRD	YSNRD
T019	63	A9KES2	swissprot_n1	256	361	0.707756	6.78769	WYN	LWYNT	LWYNT
T019	64	Q65G65	swissprot_n1	170	395	0.429114	6.52316	KFG	EKFGI	EKFGI
T019	65	Q8UVR3	swissprot_n1	334	400	0.83375	6.38973	QGL	QQGLT	QQGLT
T019	66	real_Q27650_3.2.1.17	real_lysozyme	189	211	0.893365	6.14446	SPS	TSPSM	TSPSM
T019	67	Q1LJ86	swissprot_n1	120	273	0.437729	6.07631	VKL	MVKLE	MVKLE
T019	68	Q8UVR3	swissprot_n1	339	400	0.84625	5.52676	PQM	PPQMP	PPQMP
T019	69	P18846	swissprot_n1	154	271	0.566421	5.11736	QTS	AQTSD	AQTSD
T019	70	B7M4H6	swissprot_n1	37	137	0.266423	5.05822	PYN	PPYNV	PPYNV
T019	71	Q0BB53	swissprot_n1	66	229	0.286026	4.93897	LFE	PLFED	PLFED
T019	72	random_UniRef50_T1H7H2	random_uniref50	148	188	0.784574	4.93897	WRG	FWRGN	FWRGN
T019	73	random_UniRef50_UPI000C871527	random_uniref50	143	179	0.796089	4.90523	YYC	YYYCM	YYYCM
T019	74	A7MQ91	swissprot_n1	145	310	0.466129	4.85019	KFL	SKFLF	SKFLF
T019	75	P18846	swissprot_n1	109	271	0.400369	4.54826	QYI	GQYIA	GQYIA
T019	76	Q0BB53	swissprot_n1	60	229	0.259825	3.99499	GYA	PGYAG	PGYAG
T019	77	random_UniRef50_UPI003FD3D3C0	random_uniref50	67	127	0.523622	3.9458	VAL	LVALA	LVALA
T019	78	Q39I71	swissprot_n1	57	278	0.203237	3.92708	YPY	SYPYR	SYPYR
T019	79	P50060	swissprot_n1	26	239	0.106695	3.72421	DRP	VDRPL	VDRPL
T019	80	Q53084	swissprot_n1	9	255	0.0333333	3.56135	SAE	ASAEQ	ASAEQ
T019	81	random_UniRef50_A0AAD5A2J1	random_uniref50	52	104	0.495192	3.47787	YKV	AYKVV	AYKVV
T019	82	real_Q86KC1_3.2.1.17	real_lysozyme	190	212	0.893868	3.30983	TPS	STPSV	STPSV
T019	83	random_UniRef50_UPI003B220DEB	random_uniref50	8	233	0.0321888	2.95557	QQA	LQQAG	LQQAG
T019	84	P22674	swissprot_n1	186	350	0.53	2.91153	IAC	LIACK	LIACK
T019	85	P22674	swissprot_n1	325	350	0.927143	2.43258	VAI	LVAIN	LVAIN
T019	86	P18286	swissprot_n1	45	329	0.135258	2.38577	YAS	FYASN	FYASN
T019	87	B1Y854	swissprot_n1	260	264	0.982955	2.01319	AGV	LAGVW	LAGVW
T019	88	C1DI61	swissprot_n1	132	264	0.498106	1.12505	VKD	LVKDG	LVKDG
T019	89	real_P05105_3.2.1.17	real_lysozyme	115	139	0.823741	0.952391	YKR	IYKRH	IYKRH
T019	90	Q49WE5	swissprot_n1	264	398	0.66206	0.728007	FLS	LFLSK	LFLSK
T019	91	C1A1Y4	swissprot_n1	251	275	0.910909	0.658465	VIF	LVIFL	LVIFL
T019	92	A5UG30	swissprot_n1	206	400	0.51375	0.25529	ALI	IALIL	IALIL
T019	93	random_UniRef50_UPI003FD3D3C0	random_uniref50	92	127	0.720472	-0.0103449	GAG	LGAGV	LGAGV
T019	94	random_UniRef50_UPI003FD3D3C0	random_uniref50	93	127	0.728346	-0.0103449	AGV	GAGVQ	GAGVQ
T019	95	random_UniRef50_UPI003FD3D3C0	random_uniref50	94	127	0.73622	-0.0103449	GVQ	AGVQT	AGVQT
T019	96	random_UniRef50_UPI003FD3D3C0	random_uniref50	95	127	0.744094	-0.0103449	VQT	GVQTG	GVQTG
T019	97	random_UniRef50_UPI003FD3D3C0	random_uniref50	96	127	0.751969	-0.0103449	QTG	VQTGS	VQTGS
T019	98	random_UniRef50_UPI003FD3D3C0	random_uniref50	97	127	0.759843	-0.0103449	TGS	QTGSA	QTGSA
T019	99	random_UniRef50_UPI003FD3D3C0	random_uniref50	98	127	0.767717	-0.0103449	GSA	TGSAK	TGSAK
T019	100	random_UniRef50_UPI003FD3D3C0	random_uniref50	99	127	0.775591	-0.0103449	SAK	GSAKS	GSAKS
T020	1	C4K3W9	swissprot_n1	82	218	0.373853	112.41	TAM	TTAMA	TTAMA
T020	2	random_UniRef50_UPI000C871527	random_uniref50	119	179	0.662011	91.789	TDV	TTDVR	TTDVR
T020	3	random_UniRef50_UPI000C871527	random_uniref50	107	179	0.594972	84.1332	TDT	TTDTP	TTDTP
T020	4	random_UniRef50_UPI000C871527	random_uniref50	120	179	0.667598	66.8571	DVR	TDVRS	TDVRS
T020	5	random_UniRef50_UPI000C871527	random_uniref50	104	179	0.578212	56.4588	TNT	STNTT	STNTT
T020	6	random_UniRef50_UPI000C871527	random_uniref50	116	179	0.645251	55.6332	SAT	ISATT	ISATT
T020	7	random_UniRef50_UPI000C871527	random_uniref50	114	179	0.634078	48.3936	TIS	TTISA	TTISA
T020	8	random_UniRef50_UPI000C871527	random_uniref50	108	179	0.600559	44.4504	DTP	TDTPL	TDTPL
T020	9	random_UniRef50_UPI000C871527	random_uniref50	117	179	0.650838	42.0609	ATT	SATTD	SATTD
T020	10	random_UniRef50_UPI000C871527	random_uniref50	115	179	0.639665	39.7356	ISA	TISAT	TISAT
T020	11	Q18F10	swissprot_n1	245	383	0.638381	38.5986	TSV	TTSVE	TTSVE
T020	12	random_UniRef50_UPI000C871527	random_uniref50	103	179	0.572626	35.4347	STN	TSTNT	TSTNT
T020	13	random_UniRef50_UPI000C871527	random_uniref50	105	179	0.583799	34.8768	NTT	TNTTD	TNTTD
T020	14	random_UniRef50_UPI000C871527	random_uniref50	118	179	0.656425	34.6456	TTD	ATTDV	ATTDV
T020	15	C4K3W9	swissprot_n1	81	218	0.369266	34.1835	TTA	ITTAM	ITTAM
T020	16	random_UniRef50_UPI000C871527	random_uniref50	113	179	0.628492	27.7314	TTI	TTTIS	TTTIS
T020	17	random_UniRef50_UPI000C871527	random_uniref50	106	179	0.589385	26.7905	TTD	NTTDT	NTTDT
T020	18	random_UniRef50_UPI000C871527	random_uniref50	121	179	0.673184	26.4193	VRS	DVRSL	DVRSL
T020	19	Q2G1N3	swissprot_n1	187	326	0.572086	22.3672	TTG	STTGS	STTGS
T020	20	random_UniRef50_UPI000C871527	random_uniref50	102	179	0.567039	21.3499	TST	STSTN	STSTN
T020	21	random_UniRef50_UPI000C871527	random_uniref50	122	179	0.678771	18.1936	RSL	VRSLC	VRSLC
T020	22	B7I4X6	swissprot_n1	157	227	0.689427	17.9491	TSL	STSLH	STSLH
T020	23	random_UniRef50_UPI000C871527	random_uniref50	101	179	0.561453	17.5466	STS	ISTST	ISTST
T020	24	random_UniRef50_UPI000C871527	random_uniref50	99	179	0.550279	17.5466	SIS	TSIST	TSIST
T020	25	random_UniRef50_UPI000C871527	random_uniref50	100	179	0.555866	17.5466	IST	SISTS	SISTS
T020	26	Q2G1N3	swissprot_n1	188	326	0.575153	17.53	TGS	TTGSI	TTGSI
T020	27	Q66CS8	swissprot_n1	58	236	0.243644	15.9921	TSR	TTSRA	TTSRA
T020	28	random_UniRef50_UPI000C871527	random_uniref50	110	179	0.611732	15.8378	PLT	TPLTT	TPLTT
T020	29	random_UniRef50_UPI000C871527	random_uniref50	162	179	0.902235	15.6045	NEP	FNEPN	FNEPN
T020	30	random_UniRef50_UPI000C871527	random_uniref50	163	179	0.907821	15.6045	EPN	NEPNG	NEPNG
T020	31	random_UniRef50_UPI000C871527	random_uniref50	161	179	0.896648	15.6045	FNE	AFNEP	AFNEP
T020	32	random_UniRef50_UPI000C871527	random_uniref50	131	179	0.72905	15.1229	QKY	TQKYK	TQKYK
T020	33	random_UniRef50_UPI000C871527	random_uniref50	132	179	0.734637	15.1229	KYK	QKYKY	QKYKY
T020	34	random_UniRef50_UPI000C871527	random_uniref50	130	179	0.723464	15.1229	TQK	VTQKY	VTQKY
T020	35	random_UniRef50_UPI000C871527	random_uniref50	125	179	0.695531	14.6015	CRH	LCRHG	LCRHG
T020	36	random_UniRef50_UPI000C871527	random_uniref50	124	179	0.689944	14.6015	LCR	SLCRH	SLCRH
T020	37	random_UniRef50_UPI000C871527	random_uniref50	97	179	0.539106	14.3718	STS	ISTSI	ISTSI
T020	38	random_UniRef50_UPI000C871527	random_uniref50	98	179	0.544693	14.3718	TSI	STSIS	STSIS
T020	39	random_UniRef50_UPI000C871527	random_uniref50	109	179	0.606145	13.5628	TPL	DTPLT	DTPLT
T020	40	random_UniRef50_UPI000C871527	random_uniref50	123	179	0.684358	13.489	SLC	RSLCR	RSLCR
T020	41	random_UniRef50_UPI000C871527	random_uniref50	85	179	0.472067	12.6452	TAS	TTASS	TTASS
T020	42	A4ST50	swissprot_n1	78	302	0.256623	12.0619	TAH	ATAHR	ATAHR
T020	43	random_UniRef50_UPI000C871527	random_uniref50	93	179	0.51676	11.6994	RST	GRSTI	GRSTI
T020	44	random_UniRef50_UPI000C871527	random_uniref50	92	179	0.511173	11.6994	GRS	SGRST	SGRST
T020	45	random_UniRef50_M5PA52	random_uniref50	210	219	0.956621	11.2569	HKG	NHKGG	NHKGG
T020	46	random_UniRef50_M5PA52	random_uniref50	209	219	0.952055	11.2569	NHK	VNHKG	VNHKG
T020	47	random_UniRef50_M5PA52	random_uniref50	219	219	0.997717	11.0545	edge	edge	NPN
T020	48	random_UniRef50_M5PA52	random_uniref50	218	219	0.993151	11.0545	NPN	edge	INPN
T020	49	random_UniRef50_UPI000C871527	random_uniref50	111	179	0.617318	10.7884	LTT	PLTTT	PLTTT
T020	50	random_UniRef50_UPI000C871527	random_uniref50	112	179	0.622905	10.7884	TTT	LTTTI	LTTTI
T020	51	random_UniRef50_UPI000C871527	random_uniref50	146	179	0.812849	10.687	MDG	CMDGF	CMDGF
T020	52	random_UniRef50_UPI000C871527	random_uniref50	147	179	0.818436	10.687	DGF	MDGFL	MDGFL
T020	53	random_UniRef50_UPI000C871527	random_uniref50	145	179	0.807263	10.687	CMD	YCMDG	YCMDG
T020	54	random_UniRef50_UPI000C871527	random_uniref50	88	179	0.488827	10.6221	SIT	SSITS	SSITS
T020	55	random_UniRef50_UPI000C871527	random_uniref50	89	179	0.494413	10.6221	ITS	SITSG	SITSG
T020	56	random_UniRef50_UPI000C871527	random_uniref50	90	179	0.5	10.6221	TSG	ITSGR	ITSGR
T020	57	random_UniRef50_UPI000C871527	random_uniref50	91	179	0.505587	10.6221	SGR	TSGRS	TSGRS
T020	58	random_UniRef50_UPI000C871527	random_uniref50	128	179	0.712291	10.1952	GVT	HGVTQ	HGVTQ
T020	59	random_UniRef50_UPI000C871527	random_uniref50	126	179	0.701117	10.1952	RHG	CRHGV	CRHGV
T020	60	random_UniRef50_UPI000C871527	random_uniref50	129	179	0.717877	10.1952	VTQ	GVTQK	GVTQK
T020	61	random_UniRef50_UPI000C871527	random_uniref50	127	179	0.706704	10.1952	HGV	RHGVT	RHGVT
T020	62	Q3AQM4	swissprot_n1	75	357	0.208683	9.69348	TGG	MTGGY	MTGGY
T020	63	random_UniRef50_UPI003C7C62D2	random_uniref50	140	232	0.601293	9.62874	DQI	SDQIG	SDQIG
T020	64	random_UniRef50_UPI003C7C62D2	random_uniref50	139	232	0.596983	9.62874	SDQ	YSDQI	YSDQI
T020	65	random_UniRef50_UPI000C871527	random_uniref50	95	179	0.527933	9.59629	TIS	STIST	STIST
T020	66	random_UniRef50_UPI000C871527	random_uniref50	96	179	0.53352	9.59629	IST	TISTS	TISTS
T020	67	random_UniRef50_UPI000C871527	random_uniref50	94	179	0.522346	9.59629	STI	RSTIS	RSTIS
T020	68	A5UAH8	swissprot_n1	71	335	0.210448	9.42151	TLA	TTLAN	TTLAN
T020	69	random_UniRef50_UPI000C871527	random_uniref50	154	179	0.857542	9.25364	QCP	EQCPI	EQCPI
T020	70	random_UniRef50_UPI000C871527	random_uniref50	153	179	0.851955	9.25364	EQC	VEQCP	VEQCP
T020	71	random_UniRef50_UPI000C871527	random_uniref50	155	179	0.863128	9.25364	CPI	QCPIG	QCPIG
T020	72	random_UniRef50_A0A9D4MAK6	random_uniref50	77	109	0.701835	8.57378	YKF	EYKFD	EYKFD
T020	73	random_UniRef50_A0A9D4MAK6	random_uniref50	79	109	0.720183	8.57378	FDS	KFDSG	KFDSG
T020	74	random_UniRef50_A0A9D4MAK6	random_uniref50	78	109	0.711009	8.57378	KFD	YKFDS	YKFDS
T020	75	random_UniRef50_A0A9D4MAK6	random_uniref50	76	109	0.692661	8.57378	EYK	NEYKF	NEYKF
T020	76	real_Q8T1G6_3.2.1.17	real_lysozyme	154	181	0.848066	8.53119	EEK	EEEKA	EEEKA
T020	77	real_Q8T1G6_3.2.1.17	real_lysozyme	155	181	0.853591	8.53119	EKA	EEKAQ	EEKAQ
T020	78	random_UniRef50_UPI000C871527	random_uniref50	144	179	0.801676	8.39048	YCM	YYCMD	YYCMD
T020	79	random_UniRef50_UPI000C871527	random_uniref50	143	179	0.796089	8.39048	YYC	YYYCM	YYYCM
T020	80	P01669	swissprot_n1	110	111	0.986486	8.23017	EIK	edge	LEIK
T020	81	P01669	swissprot_n1	111	111	0.995495	8.23017	edge	edge	EIK
T020	82	random_UniRef50_A0A9D4MAK6	random_uniref50	75	109	0.683486	8.1864	NEY	WNEYK	WNEYK
T020	83	random_UniRef50_A0A9D4MAK6	random_uniref50	74	109	0.674312	8.1864	WNE	VWNEY	VWNEY
T020	84	random_UniRef50_UPI000C871527	random_uniref50	134	179	0.74581	8.18312	KYP	YKYPG	YKYPG
T020	85	random_UniRef50_UPI000C871527	random_uniref50	135	179	0.751397	8.18312	YPG	KYPGN	KYPGN
T020	86	random_UniRef50_UPI000C871527	random_uniref50	136	179	0.756983	8.18312	PGN	YPGNC	YPGNC
T020	87	random_UniRef50_UPI000C871527	random_uniref50	133	179	0.740223	8.18312	YKY	KYKYP	KYKYP
T020	88	random_UniRef50_UPI000C871527	random_uniref50	86	179	0.477654	8.04553	ASS	TASSI	TASSI
T020	89	random_UniRef50_UPI000C871527	random_uniref50	87	179	0.48324	8.04553	SSI	ASSIT	ASSIT
T020	90	random_UniRef50_UPI000C871527	random_uniref50	151	179	0.840782	7.99585	IVE	LIVEQ	LIVEQ
T020	91	random_UniRef50_UPI000C871527	random_uniref50	152	179	0.846369	7.99585	VEQ	IVEQC	IVEQC
T020	92	random_UniRef50_UPI000C871527	random_uniref50	150	179	0.835196	7.99585	LIV	FLIVE	FLIVE
T020	93	Q6T1W7	swissprot_n1	92	192	0.476562	7.90622	VFP	DVFPR	DVFPR
T020	94	Q6T1W7	swissprot_n1	93	192	0.481771	7.90622	FPR	VFPRS	VFPRS
T020	95	Q6T1W7	swissprot_n1	91	192	0.471354	7.90622	DVF	NDVFP	NDVFP
T020	96	random_UniRef50_UPI000C871527	random_uniref50	173	179	0.963687	7.56111	ADI	IADIP	IADIP
T020	97	random_UniRef50_UPI000C871527	random_uniref50	175	179	0.97486	7.56111	IPD	DIPDC	DIPDC
T020	98	random_UniRef50_UPI000C871527	random_uniref50	174	179	0.969274	7.56111	DIP	ADIPD	ADIPD
T020	99	random_UniRef50_UPI000C871527	random_uniref50	172	179	0.958101	7.56111	IAD	RIADI	RIADI
T020	100	P01669	swissprot_n1	91	111	0.815315	7.01927	YYC	TYYCQ	TYYCQ
T021	1	random_UniRef50_A0ABW7G7H9	random_uniref50	43	96	0.442708	110.395	RYA	VRYAA	VRYAA
T021	2	B1LPK4	swissprot_n1	39	165	0.233333	52.7755	RFE	KRFEQ	KRFEQ
T021	3	Q5UP14	swissprot_n1	123	224	0.546875	43.8795	VEF	TVEFL	TVEFL
T021	4	A5FMM5	swissprot_n1	43	349	0.121777	41.8468	MFK	KMFKD	KMFKD
T021	5	Q5UP14	swissprot_n1	183	224	0.814732	41.8355	VKY	VVKYL	VVKYL
T021	6	Q5UP14	swissprot_n1	213	224	0.948661	40.7608	VEY	IVEYL	IVEYL
T021	7	Q5UP14	swissprot_n1	93	224	0.412946	40.062	VEY	IVEYL	IVEYL
T021	8	Q5UP14	swissprot_n1	63	224	0.279018	38.8825	VKY	VVKYL	VVKYL
T021	9	Q5UP14	swissprot_n1	153	224	0.680804	38.12	VEY	MVEYL	MVEYL
T021	10	Q5UP14	swissprot_n1	124	224	0.551339	32.1338	EFL	VEFLV	VEFLV
T021	11	Q5UP14	swissprot_n1	184	224	0.819196	31.9337	KYL	VKYLV	VKYLV
T021	12	Q5UP14	swissprot_n1	214	224	0.953125	30.0114	EYL	VEYLV	VEYLV
T021	13	Q5UP14	swissprot_n1	94	224	0.417411	28.3901	EYL	VEYLV	VEYLV
T021	14	Q5UP14	swissprot_n1	33	224	0.145089	26.6314	IKY	VIKYL	VIKYL
T021	15	Q5UP14	swissprot_n1	154	224	0.685268	25.5883	EYL	VEYLV	VEYLV
T021	16	Q5UP14	swissprot_n1	64	224	0.283482	25.3217	KYL	VKYLI	VKYLI
T021	17	A5E8I4	swissprot_n1	19	136	0.136029	18.0325	PER	APERV	APERV
T021	18	A5E8I4	swissprot_n1	18	136	0.128676	18.0325	APE	AAPER	AAPER
T021	19	A5E8I4	swissprot_n1	16	136	0.113971	18.0325	PAA	KPAAP	KPAAP
T021	20	A5E8I4	swissprot_n1	17	136	0.121324	18.0325	AAP	PAAPE	PAAPE
T021	21	random_UniRef50_A0ABW7G7H9	random_uniref50	22	96	0.223958	17.4212	DAP	ADAPA	ADAPA
T021	22	random_UniRef50_A0ABW7G7H9	random_uniref50	23	96	0.234375	17.4212	APA	DAPAA	DAPAA
T021	23	random_UniRef50_A0ABW7G7H9	random_uniref50	25	96	0.255208	17.4212	AAA	PAAAE	PAAAE
T021	24	random_UniRef50_A0ABW7G7H9	random_uniref50	24	96	0.244792	17.4212	PAA	APAAA	APAAA
T021	25	random_UniRef50_A0ABW7G7H9	random_uniref50	19	96	0.192708	17.178	SPA	TSPAD	TSPAD
T021	26	random_UniRef50_A0ABW7G7H9	random_uniref50	17	96	0.171875	17.178	PTS	EPTSP	EPTSP
T021	27	random_UniRef50_A0ABW7G7H9	random_uniref50	18	96	0.182292	17.178	TSP	PTSPA	PTSPA
T021	28	Q7W7C5	swissprot_n1	39	113	0.340708	17.0457	TFF	DTFFE	DTFFE
T021	29	A1WAR5	swissprot_n1	9	178	0.0477528	16.4999	PPS	PPPSP	PPPSP
T021	30	A1WAR5	swissprot_n1	10	178	0.0533708	16.4999	PSP	PPSPE	PPSPE
T021	31	A1WAR5	swissprot_n1	11	178	0.0589888	16.4999	SPE	PSPEE	PSPEE
T021	32	Q5UP14	swissprot_n1	122	224	0.542411	15.922	TVE	KTVEF	KTVEF
T021	33	random_UniRef50_A0ABW7G7H9	random_uniref50	20	96	0.203125	15.7265	PAD	SPADA	SPADA
T021	34	random_UniRef50_A0ABW7G7H9	random_uniref50	21	96	0.213542	15.7265	ADA	PADAP	PADAP
T021	35	A7Y3J9	swissprot_n1	16	155	0.1	15.2564	DPI	SDPIY	SDPIY
T021	36	A7Y3J9	swissprot_n1	15	155	0.0935484	15.2564	SDP	KSDPI	KSDPI
T021	37	Q54EG3	swissprot_n1	11	152	0.0690789	15.177	PKV	APKVV	APKVV
T021	38	Q54EG3	swissprot_n1	9	152	0.0559211	15.177	KAP	VKAPK	VKAPK
T021	39	Q54EG3	swissprot_n1	10	152	0.0625	15.177	APK	KAPKV	KAPKV
T021	40	random_UniRef50_A0ABW7G7H9	random_uniref50	16	96	0.161458	14.6867	EPT	AEPTS	AEPTS
T021	41	A5E8I4	swissprot_n1	13	136	0.0919118	12.5567	PSK	KPSKP	KPSKP
T021	42	A5E8I4	swissprot_n1	14	136	0.0992647	12.5567	SKP	PSKPA	PSKPA
T021	43	A5E8I4	swissprot_n1	15	136	0.106618	12.5567	KPA	SKPAA	SKPAA
T021	44	A5E8I4	swissprot_n1	12	136	0.0845588	12.5567	KPS	AKPSK	AKPSK
T021	45	Q5UP14	swissprot_n1	34	224	0.149554	12.3447	KYL	IKYLI	IKYLI
T021	46	Q5UP14	swissprot_n1	136	224	0.604911	12.2205	KND	AKNDY	AKNDY
T021	47	P18846	swissprot_n1	15	271	0.0535055	12.2089	PQP	APQPG	APQPG
T021	48	P18846	swissprot_n1	13	271	0.0461255	12.2089	TAP	ETAPQ	ETAPQ
T021	49	P18846	swissprot_n1	14	271	0.0498155	12.2089	APQ	TAPQP	TAPQP
T021	50	Q5UP14	swissprot_n1	152	224	0.676339	12.2061	MVE	KMVEY	KMVEY
T021	51	random_UniRef50_UPI000AA3AD44	random_uniref50	22	89	0.241573	12.1538	PPV	TPPVG	TPPVG
T021	52	random_UniRef50_UPI000AA3AD44	random_uniref50	20	89	0.219101	12.1538	STP	PSTPP	PSTPP
T021	53	random_UniRef50_UPI000AA3AD44	random_uniref50	21	89	0.230337	12.1538	TPP	STPPV	STPPV
T021	54	Q285L8	swissprot_n1	19	261	0.0708812	11.9904	KKA	KKKAA	KKKAA
T021	55	Q285L8	swissprot_n1	20	261	0.0747126	11.9904	KAA	KKAAD	KKAAD
T021	56	Q285L8	swissprot_n1	21	261	0.0785441	11.9904	AAD	KAADP	KAADP
T021	57	Q54EG3	swissprot_n1	12	152	0.0756579	11.8274	KVV	PKVVE	PKVVE
T021	58	Q54EG3	swissprot_n1	14	152	0.0888158	11.8274	VEA	VVEAL	VVEAL
T021	59	Q54EG3	swissprot_n1	13	152	0.0822368	11.8274	VVE	KVVEA	KVVEA
T021	60	random_UniRef50_A0ABW7G7H9	random_uniref50	13	96	0.130208	11.5072	STA	ASTAE	ASTAE
T021	61	random_UniRef50_A0ABW7G7H9	random_uniref50	15	96	0.151042	11.5072	AEP	TAEPT	TAEPT
T021	62	random_UniRef50_A0ABW7G7H9	random_uniref50	14	96	0.140625	11.5072	TAE	STAEP	STAEP
T021	63	Q72VI6	swissprot_n1	8	371	0.0202156	11.5017	TPL	KTPLY	KTPLY
T021	64	Q72VI6	swissprot_n1	7	371	0.0175202	11.5017	KTP	KKTPL	KKTPL
T021	65	Q72VI6	swissprot_n1	9	371	0.0229111	11.5017	PLY	TPLYE	TPLYE
T021	66	B3Q8B5	swissprot_n1	11	157	0.066879	10.459	EGA	PEGAP	PEGAP
T021	67	B3Q8B5	swissprot_n1	9	157	0.0541401	10.459	PPE	TPPEG	TPPEG
T021	68	B3Q8B5	swissprot_n1	10	157	0.0605096	10.459	PEG	PPEGA	PPEGA
T021	69	Q8UVR3	swissprot_n1	222	400	0.55375	10.2351	PRT	RPRTI	RPRTI
T021	70	Q8UVR3	swissprot_n1	223	400	0.55625	10.2351	RTI	PRTIL	PRTIL
T021	71	Q5UP14	swissprot_n1	62	224	0.274554	10.1991	VVK	DVVKY	DVVKY
T021	72	Q04U56	swissprot_n1	12	179	0.0642458	10.1277	TDK	ATDKL	ATDKL
T021	73	Q04U56	swissprot_n1	10	179	0.0530726	10.1277	SAT	KSATD	KSATD
T021	74	Q04U56	swissprot_n1	11	179	0.0586592	10.1277	ATD	SATDK	SATDK
T021	75	random_UniRef50_A0ABW7G7H9	random_uniref50	7	96	0.0677083	10.1046	PTS	KPTSA	KPTSA
T021	76	random_UniRef50_A0ABW7G7H9	random_uniref50	8	96	0.078125	10.1046	TSA	PTSAD	PTSAD
T021	77	O04885	swissprot_n1	12	185	0.0621622	9.92209	NNP	ANNPG	ANNPG
T021	78	O04885	swissprot_n1	10	185	0.0513513	9.92209	PAN	SPANN	SPANN
T021	79	O04885	swissprot_n1	13	185	0.0675676	9.92209	NPG	NNPGL	NNPGL
T021	80	O04885	swissprot_n1	11	185	0.0567568	9.92209	ANN	PANNP	PANNP
T021	81	Q285L8	swissprot_n1	23	261	0.0862069	9.91348	DPY	ADPYA	ADPYA
T021	82	Q285L8	swissprot_n1	24	261	0.0900383	9.91348	PYA	DPYAK	DPYAK
T021	83	Q285L8	swissprot_n1	22	261	0.0823755	9.91348	ADP	AADPY	AADPY
T021	84	A1WAR5	swissprot_n1	8	178	0.0421348	9.40049	PPP	NPPPS	NPPPS
T021	85	A1WAR5	swissprot_n1	7	178	0.0365169	9.40049	NPP	QNPPP	QNPPP
T021	86	random_UniRef50_C4WVJ7	random_uniref50	25	137	0.178832	9.31875	PDK	QPDKK	QPDKK
T021	87	random_UniRef50_C4WVJ7	random_uniref50	24	137	0.171533	9.31875	QPD	QQPDK	QQPDK
T021	88	P18846	swissprot_n1	17	271	0.0608856	9.27195	PGS	QPGSA	QPGSA
T021	89	P18846	swissprot_n1	16	271	0.0571956	9.27195	QPG	PQPGS	PQPGS
T021	90	P18846	swissprot_n1	18	271	0.0645756	9.27195	GSA	PGSAV	PGSAV
T021	91	B3Q8B5	swissprot_n1	16	157	0.0987261	9.22899	QLN	PQLNV	PQLNV
T021	92	B3Q8B5	swissprot_n1	15	157	0.0923567	9.22899	PQL	PPQLN	PPQLN
T021	93	random_UniRef50_A0ABW7G7H9	random_uniref50	12	96	0.119792	9.13119	AST	DASTA	DASTA
T021	94	random_UniRef50_A0ABW7G7H9	random_uniref50	9	96	0.0885417	9.13119	SAD	TSADA	TSADA
T021	95	random_UniRef50_A0ABW7G7H9	random_uniref50	10	96	0.0989583	9.13119	ADA	SADAS	SADAS
T021	96	random_UniRef50_A0ABW7G7H9	random_uniref50	11	96	0.109375	9.13119	DAS	ADAST	ADAST
T021	97	Q5UP14	swissprot_n1	92	224	0.408482	8.96243	IVE	EIVEY	EIVEY
T021	98	random_UniRef50_A0A096NFC8	random_uniref50	18	203	0.0862069	8.73603	PAV	PPAVK	PPAVK
T021	99	random_UniRef50_A0A096NFC8	random_uniref50	19	203	0.091133	8.73603	AVK	PAVKA	PAVKA
T021	100	random_UniRef50_A0A096NFC8	random_uniref50	20	203	0.0960591	8.73603	VKA	AVKAG	AVKAG
T022	1	Q9FKI4	swissprot_n1	167	192	0.867188	87.8472	HHG	HHHGG	HHHGG
T022	2	B5QWR2	swissprot_n1	52	140	0.367857	67.2922	SDL	VSDLL	VSDLL
T022	3	Q5WEB9	swissprot_n1	84	200	0.4175	56.7082	GEN	HGENF	HGENF
T022	4	random_UniRef50_A0ABQ8T343	random_uniref50	54	92	0.581522	51.2725	GDL	IGDLS	IGDLS
T022	5	random_UniRef50_A0ABQ8T343	random_uniref50	84	92	0.907609	49.1017	NNN	NNNNN	NNNNN
T022	6	random_UniRef50_A0ABQ8T343	random_uniref50	83	92	0.896739	47.5145	NNN	NNNNN	NNNNN
T022	7	random_UniRef50_A0ABQ8T343	random_uniref50	85	92	0.918478	46.2656	NNN	NNNNN	NNNNN
T022	8	random_UniRef50_A0ABQ8T343	random_uniref50	86	92	0.929348	43.8705	NNN	NNNNN	NNNNN
T022	9	Q8Z270	swissprot_n1	76	252	0.299603	43.2801	GEA	RGEAV	RGEAV
T022	10	random_UniRef50_A0ABQ8T343	random_uniref50	87	92	0.940217	43.0328	NNN	NNNNN	NNNNN
T022	11	Q9FKI4	swissprot_n1	166	192	0.861979	39.5305	HHH	HHHHG	HHHHG
T022	12	random_UniRef50_A0ABQ8T343	random_uniref50	81	92	0.875	38.4744	NNN	NNNNN	NNNNN
T022	13	random_UniRef50_A0ABQ8T343	random_uniref50	82	92	0.88587	37.3094	NNN	NNNNN	NNNNN
T022	14	Q9FKI4	swissprot_n1	165	192	0.856771	34.2837	HHH	HHHHH	HHHHH
T022	15	P0C1I4	swissprot_n1	73	165	0.439394	33.9137	GER	YGERF	YGERF
T022	16	Q9IAX9	swissprot_n1	193	294	0.654762	33.5958	PPN	APPNM	APPNM
T022	17	random_UniRef50_A0A2D4F507	random_uniref50	72	103	0.694175	33.5908	VCA	CVCAG	CVCAG
T022	18	Q9SL78	swissprot_n1	28	390	0.0705128	30.0421	PPN	PPPNL	PPPNL
T022	19	Q8P6V1	swissprot_n1	123	246	0.497967	30.0106	GAS	RGAST	RGAST
T022	20	Q21P93	swissprot_n1	66	168	0.389881	29.7273	GEI	CGEII	CGEII
T022	21	Q9FKI4	swissprot_n1	168	192	0.872396	29.0907	HGG	HHGGG	HHGGG
T022	22	random_UniRef50_A0ABQ8T343	random_uniref50	79	92	0.853261	28.8654	NNN	NNNNN	NNNNN
T022	23	random_UniRef50_A0ABQ8T343	random_uniref50	72	92	0.777174	28.8654	TNN	VTNNN	VTNNN
T022	24	random_UniRef50_A0ABQ8T343	random_uniref50	76	92	0.820652	28.8654	NNN	NNNNN	NNNNN
T022	25	random_UniRef50_A0ABQ8T343	random_uniref50	77	92	0.831522	28.8654	NNN	NNNNN	NNNNN
T022	26	random_UniRef50_A0ABQ8T343	random_uniref50	80	92	0.86413	28.8654	NNN	NNNNN	NNNNN
T022	27	random_UniRef50_A0ABQ8T343	random_uniref50	78	92	0.842391	28.8654	NNN	NNNNN	NNNNN
T022	28	random_UniRef50_A0ABQ8T343	random_uniref50	73	92	0.788043	28.8654	NNN	TNNNN	TNNNN
T022	29	random_UniRef50_A0ABQ8T343	random_uniref50	75	92	0.809783	28.8654	NNN	NNNNN	NNNNN
T022	30	random_UniRef50_A0ABQ8T343	random_uniref50	74	92	0.798913	28.8654	NNN	NNNNN	NNNNN
T022	31	Q3SIB0	swissprot_n1	128	256	0.498047	27.6015	GDT	CGDTL	CGDTL
T022	32	Q7V368	swissprot_n1	84	327	0.255352	17.7887	GEN	SGENT	SGENT
T022	33	random_UniRef50_A0A5B8MGG3	random_uniref50	55	136	0.400735	15.8066	PPR	PPPRG	PPPRG
T022	34	Q53084	swissprot_n1	83	255	0.323529	15.1132	ADM	HADMR	HADMR
T022	35	B3Q8B5	swissprot_n1	59	157	0.372611	14.0518	GEN	VGENE	VGENE
T022	36	Q21P93	swissprot_n1	164	168	0.973214	13.1308	HHD	HHHDH	HHHDH
T022	37	random_UniRef50_A0ABQ8T343	random_uniref50	88	92	0.951087	13.1157	NNN	NNNND	NNNND
T022	38	P55175	swissprot_n1	239	272	0.876838	12.7321	ADA	LADAG	LADAG
T022	39	random_UniRef50_A0ABQ8T343	random_uniref50	89	92	0.961957	11.9179	NND	NNNDL	NNNDL
T022	40	A5UAH8	swissprot_n1	113	335	0.335821	10.9455	IDE	FIDEI	FIDEI
T022	41	A5UAH8	swissprot_n1	118	335	0.350746	10.9455	RLS	HRLSP	HRLSP
T022	42	A5UAH8	swissprot_n1	119	335	0.353731	10.9455	LSP	RLSPA	RLSPA
T022	43	A5UAH8	swissprot_n1	116	335	0.344776	10.9455	IHR	EIHRL	EIHRL
T022	44	A5UAH8	swissprot_n1	117	335	0.347761	10.9455	HRL	IHRLS	IHRLS
T022	45	A5UAH8	swissprot_n1	120	335	0.356716	10.9455	SPA	LSPAI	LSPAI
T022	46	A5UAH8	swissprot_n1	112	335	0.332836	10.9455	FID	LFIDE	LFIDE
T022	47	A5UAH8	swissprot_n1	115	335	0.341791	10.9455	EIH	DEIHR	DEIHR
T022	48	A5UAH8	swissprot_n1	114	335	0.338806	10.9455	DEI	IDEIH	IDEIH
T022	49	A5UAH8	swissprot_n1	110	335	0.326866	10.9455	VLF	DVLFI	DVLFI
T022	50	A5UAH8	swissprot_n1	111	335	0.329851	10.9455	LFI	VLFID	VLFID
T022	51	A5UAH8	swissprot_n1	109	335	0.323881	10.9455	DVL	HDVLF	HDVLF
T022	52	A2Z388	swissprot_n1	168	246	0.680894	10.1222	PPL	PPPLA	PPPLA
T022	53	B3Q8B5	swissprot_n1	40	157	0.251592	9.89421	PQQ	APQQQ	APQQQ
T022	54	B3Q8B5	swissprot_n1	41	157	0.257962	9.89421	QQQ	PQQQQ	PQQQQ
T022	55	B3Q8B5	swissprot_n1	42	157	0.264331	9.89421	QQQ	QQQQP	QQQQP
T022	56	B3Q8B5	swissprot_n1	43	157	0.270701	9.89421	QQP	QQQPA	QQQPA
T022	57	B5QWR2	swissprot_n1	46	140	0.325	9.10317	ADG	RADGL	RADGL
T022	58	Q9FKI4	swissprot_n1	173	192	0.898438	8.65239	CSG	CCSGD	CCSGD
T022	59	P0AAH0	swissprot_n1	44	257	0.169261	8.21916	GPS	IGPSG	IGPSG
T022	60	P0AAH0	swissprot_n1	46	257	0.177043	8.21916	SGC	PSGCG	PSGCG
T022	61	P0AAH0	swissprot_n1	48	257	0.184825	8.21916	CGK	GCGKS	GCGKS
T022	62	P0AAH0	swissprot_n1	45	257	0.173152	8.21916	PSG	GPSGC	GPSGC
T022	63	P0AAH0	swissprot_n1	52	257	0.200389	8.21916	TLL	STLLR	STLLR
T022	64	P0AAH0	swissprot_n1	53	257	0.20428	8.21916	LLR	TLLRT	TLLRT
T022	65	P0AAH0	swissprot_n1	50	257	0.192607	8.21916	KST	GKSTL	GKSTL
T022	66	P0AAH0	swissprot_n1	49	257	0.188716	8.21916	GKS	CGKST	CGKST
T022	67	P0AAH0	swissprot_n1	51	257	0.196498	8.21916	STL	KSTLL	KSTLL
T022	68	P0AAH0	swissprot_n1	47	257	0.180934	8.21916	GCG	SGCGK	SGCGK
T022	69	random_UniRef50_A0A1B6G461	random_uniref50	233	235	0.989362	7.74977	QQQ	DQQQQ	DQQQQ
T022	70	random_UniRef50_A0A1B6G461	random_uniref50	234	235	0.993617	7.74977	QQQ	edge	QQQQ
T022	71	random_UniRef50_A0A1B6G461	random_uniref50	232	235	0.985106	7.74977	DQQ	PDQQQ	PDQQQ
T022	72	random_UniRef50_A0A1B6G461	random_uniref50	235	235	0.997872	7.74977	edge	edge	QQQ
T022	73	A2Z388	swissprot_n1	19	246	0.0752033	7.27789	ESS	AESSS	AESSS
T022	74	A2Z388	swissprot_n1	20	246	0.0792683	7.27789	SSS	ESSSS	ESSSS
T022	75	A2Z388	swissprot_n1	22	246	0.0873984	7.27789	SSS	SSSSS	SSSSS
T022	76	A2Z388	swissprot_n1	24	246	0.0955285	7.27789	SSG	SSSGR	SSSGR
T022	77	A2Z388	swissprot_n1	21	246	0.0833333	7.27789	SSS	SSSSS	SSSSS
T022	78	A2Z388	swissprot_n1	23	246	0.0914634	7.27789	SSS	SSSSG	SSSSG
T022	79	Q9WUQ3	swissprot_n1	93	261	0.354406	6.8764	QQQ	QQQQQ	QQQQQ
T022	80	Q9WUQ3	swissprot_n1	91	261	0.346743	6.8764	EQQ	EEQQQ	EEQQQ
T022	81	Q9WUQ3	swissprot_n1	92	261	0.350575	6.8764	QQQ	EQQQQ	EQQQQ
T022	82	Q9WUQ3	swissprot_n1	94	261	0.358238	6.8764	QQQ	QQQQL	QQQQL
T022	83	Q8UVR3	swissprot_n1	281	400	0.70125	6.21065	HQQ	RHQQQ	RHQQQ
T022	84	Q8UVR3	swissprot_n1	284	400	0.70875	6.21065	QQE	QQQEQ	QQQEQ
T022	85	Q8UVR3	swissprot_n1	282	400	0.70375	6.21065	QQQ	HQQQQ	HQQQQ
T022	86	Q8UVR3	swissprot_n1	283	400	0.70625	6.21065	QQQ	QQQQE	QQQQE
T022	87	Q9XDZ7	swissprot_n1	66	273	0.239927	5.90964	ADE	IADEL	IADEL
T022	88	A7IA72	swissprot_n1	234	302	0.773179	5.77913	GTE	IGTEI	IGTEI
T022	89	Q9ZXX8	swissprot_n1	118	261	0.450192	5.50975	PPT	WPPTG	WPPTG
T022	90	random_UniRef50_UPI003C781484	random_uniref50	121	143	0.842657	5.25423	GAR	SGARV	SGARV
T022	91	random_UniRef50_A0A1B6G461	random_uniref50	38	235	0.159574	4.93507	SSS	RSSSS	RSSSS
T022	92	random_UniRef50_A0A1B6G461	random_uniref50	39	235	0.16383	4.93507	SSS	SSSST	SSSST
T022	93	random_UniRef50_A0A1B6G461	random_uniref50	40	235	0.168085	4.93507	SST	SSSTA	SSSTA
T022	94	random_UniRef50_A0A1B6G461	random_uniref50	37	235	0.155319	4.93507	RSS	GRSSS	GRSSS
T022	95	A2Z388	swissprot_n1	10	246	0.0386179	4.13278	NSS	VNSSS	VNSSS
T022	96	A2Z388	swissprot_n1	12	246	0.046748	4.13278	SSS	SSSSS	SSSSS
T022	97	A2Z388	swissprot_n1	11	246	0.0426829	4.13278	SSS	NSSSS	NSSSS
T022	98	A2Z388	swissprot_n1	13	246	0.050813	4.13278	SSS	SSSSS	SSSSS
T022	99	Q981H7	swissprot_n1	252	388	0.648196	4.02666	SEA	RSEAV	RSEAV
T022	100	Q9WUQ3	swissprot_n1	51	261	0.193487	3.74721	SSS	TSSSS	TSSSS
T023	1	real_P00717_3.2.1.17	real_lysozyme	2	185	0.00810811	12.3032	RTD	edge	RTDC
T023	2	real_P00718_3.2.1.17	real_lysozyme	2	185	0.00810811	12.3032	RTD	edge	RTDC
T023	3	random_UniRef50_A0A1B6G461	random_uniref50	2	235	0.00638298	12.114	PAR	edge	PARQ
T023	4	random_UniRef50_A0A2D4F507	random_uniref50	2	103	0.0145631	12.0283	RKE	edge	RKER
T023	5	random_UniRef50_A0A7K8ZUN0	random_uniref50	2	92	0.0163043	12.0079	AED	edge	AEDV
T023	6	random_UniRef50_A0A293M5I5	random_uniref50	2	148	0.0101351	11.9917	MVF	edge	MVFD
T023	7	A9IMM3	swissprot_n1	2	358	0.00418994	11.9916	MVS	edge	MVSL
T023	8	P22674	swissprot_n1	2	350	0.00428571	11.9904	MVT	edge	MVTP
T023	9	O73872	swissprot_n1	2	154	0.00974026	11.9498	MVN	edge	MVNK
T023	10	real_Q556F2_3.2.1.17	real_lysozyme	2	170	0.00882353	11.9455	MVS	edge	MVSS
T023	11	random_UniRef50_A0A445AAI9	random_uniref50	2	88	0.0170455	11.9419	MVD	edge	MVDF
T023	12	P24011	swissprot_n1	2	356	0.00421348	11.9418	MVK	edge	MVKH
T023	13	A5IKG7	swissprot_n1	2	150	0.01	11.9415	MVK	edge	MVKV
T023	14	A0A367	swissprot_n1	2	335	0.00447761	11.9381	MVR	edge	MVRE
T023	15	Q0Z7S8	swissprot_n1	2	132	0.0113636	11.9307	MVE	edge	MVEP
T023	16	Q5UP14	swissprot_n1	2	224	0.00669643	11.9305	MVE	edge	MVEY
T023	17	Q5Y4Y9	swissprot_n1	2	309	0.00485437	11.923	MVY	edge	MVYF
T023	18	Q9FKI4	swissprot_n1	2	192	0.0078125	11.9177	MVC	edge	MVCI
T023	19	random_UniRef50_UPI00073487CC	random_uniref50	2	99	0.0151515	11.894	MVM	edge	MVMI
T023	20	Q8CU18	swissprot_n1	2	253	0.00592885	11.8932	MRY	edge	MRYL
T023	21	Q8E0A8	swissprot_n1	2	209	0.00717703	11.8932	MRK	edge	MRKK
T023	22	random_UniRef50_UPI003C7C62D2	random_uniref50	2	232	0.00646552	11.8932	MRA	edge	MRAL
T023	23	Q5NFR4	swissprot_n1	2	218	0.00688073	11.8932	MRI	edge	MRII
T023	24	real_Q9DD65_3.2.1.17	real_lysozyme	2	143	0.0104895	11.893	MRT	edge	MRTL
T023	25	real_P37161_3.2.1.17	real_lysozyme	2	142	0.0105634	11.893	MRA	edge	MRAL
T023	26	real_Q9PU28_3.2.1.17	real_lysozyme	2	143	0.0104895	11.893	MRC	edge	MRCL
T023	27	random_UniRef50_G2PQN5	random_uniref50	2	145	0.0103448	11.893	MRA	edge	MRAH
T023	28	F4CQ78	swissprot_n1	2	141	0.0106383	11.893	MRI	edge	MRIT
T023	29	real_Q8T1G6_3.2.1.17	real_lysozyme	2	181	0.00828729	11.893	MRI	edge	MRIS
T023	30	B9KKD5	swissprot_n1	2	155	0.00967742	11.893	MRC	edge	MRCP
T023	31	random_UniRef50_A0A8C3JG30	random_uniref50	2	138	0.0108696	11.8868	DGA	edge	DGAC
T023	32	Q6YNQ0	swissprot_n1	2	137	0.0109489	11.8801	AVC	edge	AVCV
T023	33	P37729	swissprot_n1	2	274	0.00547445	11.87	MRK	edge	MRKV
T023	34	Q13MI0	swissprot_n1	2	372	0.00403226	11.8687	MRE	edge	MREE
T023	35	real_P67979_3.2.1.17	real_lysozyme	2	148	0.0101351	11.8654	MRA	edge	MRAL
T023	36	B3DTV3	swissprot_n1	2	278	0.00539568	11.8649	MRG	edge	MRGE
T023	37	Q814U1	swissprot_n1	2	283	0.00530035	11.8619	MRV	edge	MRVY
T023	38	B5YSW3	swissprot_n1	2	156	0.00961538	11.8562	MRS	edge	MRSS
T023	39	random_UniRef50_E6ZF00	random_uniref50	2	195	0.00769231	11.856	MRS	edge	MRSS
T023	40	A6TTY3	swissprot_n1	2	272	0.00551471	11.855	MRQ	edge	MRQI
T023	41	random_UniRef50_A0ABQ6IEQ8	random_uniref50	2	86	0.0174419	11.8531	MRR	edge	MRRE
T023	42	random_UniRef50_A0ABT3AAZ5	random_uniref50	2	141	0.0106383	11.8525	MRR	edge	MRRN
T023	43	Q8ZW80	swissprot_n1	2	345	0.00434783	11.8524	MRR	edge	MRRF
T023	44	P65820	swissprot_n1	2	207	0.00724638	11.8513	MRE	edge	MREL
T023	45	B5EHU9	swissprot_n1	2	219	0.00684932	11.8508	MRN	edge	MRNT
T023	46	B7M4H6	swissprot_n1	2	137	0.0109489	11.8507	MRN	edge	MRNF
T023	47	Q329L3	swissprot_n1	2	238	0.00630252	11.85	MRP	edge	MRPA
T023	48	A3MA10	swissprot_n1	2	171	0.00877193	11.8481	MRL	edge	MRLS
T023	49	random_UniRef50_A0A146L8R5	random_uniref50	2	111	0.0135135	11.8481	MRL	edge	MRLT
T023	50	B2AGU6	swissprot_n1	2	291	0.00515464	11.8474	MRI	edge	MRII
T023	51	real_Q8T1G5_3.2.1.17	real_lysozyme	2	181	0.00828729	11.8474	MRI	edge	MRIA
T023	52	Q87DG5	swissprot_n1	2	204	0.00735294	11.8461	MRG	edge	MRGT
T023	53	Q3JYN4	swissprot_n1	2	139	0.0107914	11.8452	MRI	edge	MRIM
T023	54	B1WQS8	swissprot_n1	2	158	0.00949367	11.8452	MRI	edge	MRIH
T023	55	B5Y6R9	swissprot_n1	2	271	0.00553506	11.8443	MRD	edge	MRDV
T023	56	Q8ZLL7	swissprot_n1	2	128	0.0117188	11.8396	MRY	edge	MRYA
T023	57	Q0TUZ4	swissprot_n1	2	338	0.00443787	11.8396	MRY	edge	MRYI
T023	58	Q5ZHX1	swissprot_n1	2	184	0.00815217	11.8382	MRE	edge	MREY
T023	59	random_UniRef50_A0A914XFP6	random_uniref50	2	124	0.0120968	11.8318	MRA	edge	MRAI
T023	60	random_UniRef50_A0A7Y9DV20	random_uniref50	2	104	0.0144231	11.8294	MRT	edge	MRTA
T023	61	B9M6F1	swissprot_n1	2	181	0.00828729	11.8279	MRH	edge	MRHN
T023	62	A8AYI7	swissprot_n1	2	340	0.00441176	11.8268	MRI	edge	MRIS
T023	63	real_P00701_3.2.1.17	real_lysozyme	2	147	0.0102041	11.8266	MRS	edge	MRSL
T023	64	real_P00702_3.2.1.17	real_lysozyme	2	147	0.0102041	11.8266	MRS	edge	MRSL
T023	65	real_P00698_3.2.1.17	real_lysozyme	2	147	0.0102041	11.8266	MRS	edge	MRSL
T023	66	real_P00703_3.2.1.17	real_lysozyme	2	147	0.0102041	11.8266	MRS	edge	MRSL
T023	67	random_UniRef50_A0ABU9FCB1	random_uniref50	2	92	0.0163043	11.8226	MRF	edge	MRFR
T023	68	Q1GDR6	swissprot_n1	2	232	0.00646552	11.8216	MRF	edge	MRFP
T023	69	Q8H6W9	swissprot_n1	2	197	0.00761421	11.8216	MRF	edge	MRFI
T023	70	real_Q86KC1_3.2.1.17	real_lysozyme	2	212	0.00707547	11.8216	MRF	edge	MRFI
T023	71	real_Q54BL8_3.2.1.17	real_lysozyme	2	216	0.00694444	11.8216	MRF	edge	MRFI
T023	72	random_UniRef50_UPI000C871527	random_uniref50	2	179	0.00837989	11.8211	MRQ	edge	MRQS
T023	73	B7KKT8	swissprot_n1	2	157	0.00955414	11.8173	MRV	edge	MRVV
T023	74	P01669	swissprot_n1	2	111	0.0135135	11.8025	DIV	edge	DIVL
T023	75	Q9BV23	swissprot_n1	2	337	0.00445104	11.7368	MDL	edge	MDLD
T023	76	Q8A4M8	swissprot_n1	2	321	0.0046729	11.716	MDK	edge	MDKK
T023	77	B2UL32	swissprot_n1	2	270	0.00555556	11.6986	MDL	edge	MDLS
T023	78	Q5RBF1	swissprot_n1	2	352	0.00426136	11.698	MDF	edge	MDFL
T023	79	Q9KKM4	swissprot_n1	2	211	0.007109	11.6979	MDL	edge	MDLS
T023	80	P9WG53	swissprot_n1	2	323	0.00464396	11.6857	MDR	edge	MDRQ
T023	81	P97477	swissprot_n1	2	395	0.00379747	11.6857	MDR	edge	MDRC
T023	82	Q8UVR3	swissprot_n1	2	400	0.00375	11.6857	MDI	edge	MDIA
T023	83	random_UniRef50_UPI0018647CF6	random_uniref50	2	249	0.0060241	11.6857	MDR	edge	MDRA
T023	84	Q08143	swissprot_n1	2	288	0.00520833	11.6857	MDV	edge	MDVS
T023	85	random_UniRef50_A0A8X6IGK0	random_uniref50	2	104	0.0144231	11.6857	MDI	edge	MDII
T023	86	A2Z388	swissprot_n1	2	246	0.00609756	11.6857	MDM	edge	MDMA
T023	87	Q02H15	swissprot_n1	2	197	0.00761421	11.6857	MDM	edge	MDMQ
T023	88	random_UniRef50_A0A1W6YKN8	random_uniref50	2	160	0.009375	11.6857	MDH	edge	MDHT
T023	89	P9WIZ2	swissprot_n1	2	150	0.01	11.6857	MDI	edge	MDIA
T023	90	random_UniRef50_A0A699YNM9	random_uniref50	2	170	0.00882353	11.6857	MDK	edge	MDKR
T023	91	Q6HPD7	swissprot_n1	2	152	0.00986842	11.6832	MDE	edge	MDEQ
T023	92	O05514	swissprot_n1	2	325	0.00461538	11.6832	MDE	edge	MDEF
T023	93	Q6D262	swissprot_n1	2	172	0.00872093	11.6819	MDY	edge	MDYF
T023	94	B9KL69	swissprot_n1	2	262	0.00572519	11.6746	MDG	edge	MDGC
T023	95	Q1MQ79	swissprot_n1	2	209	0.00717703	11.6646	MDD	edge	MDDI
T023	96	A7IA72	swissprot_n1	2	302	0.00496689	11.6644	MDD	edge	MDDT
T023	97	real_P84492_3.2.1.17	real_lysozyme	2	130	0.0115385	11.647	KTY	edge	KTYE
T023	98	real_P82174_3.2.1.17	real_lysozyme	2	121	0.0123967	11.6074	KTF	edge	KTFT
T023	99	P68431	swissprot_n1	2	136	0.0110294	11.6048	MAR	edge	MART
T023	100	real_P81709_3.2.1.17	real_lysozyme	2	130	0.0115385	11.5961	KIF	edge	KIFE
T024	1	B0UBI3	swissprot_n1	16	204	0.0759804	39.0426	GPV	GGPVG	GGPVG
T024	2	Q8E0A8	swissprot_n1	14	209	0.0645933	36.7062	GSG	GGSGG	GGSGG
T024	3	random_UniRef50_A0ABQ8T343	random_uniref50	18	92	0.190217	35.5862	GSD	GGSDS	GGSDS
T024	4	B7KKT8	swissprot_n1	26	157	0.16242	30.5539	RGL	GRGLN	GRGLN
T024	5	Q6G3K4	swissprot_n1	11	324	0.0324074	29.7747	GGA	IGGAL	IGGAL
T024	6	B9MKQ0	swissprot_n1	57	204	0.276961	29.6098	AEG	AAEGI	AAEGI
T024	7	Q9WUQ3	swissprot_n1	56	261	0.212644	27.9212	ASL	TASLL	TASLL
T024	8	Q5FKG6	swissprot_n1	6	320	0.0171875	27.902	GIL	IGILT	IGILT
T024	9	Q9WUQ3	swissprot_n1	53	261	0.201149	26.4399	SST	SSSTA	SSSTA
T024	10	Q9IAX9	swissprot_n1	169	294	0.573129	25.1632	TSE	STSES	STSES
T024	11	Q9WUQ3	swissprot_n1	54	261	0.204981	24.7885	STA	SSTAS	SSTAS
T024	12	Q6NGC8	swissprot_n1	13	359	0.0348189	24.7698	GTA	GGTAG	GGTAG
T024	13	A2Z388	swissprot_n1	24	246	0.0955285	24.0832	SSG	SSSGR	SSSGR
T024	14	Q8E0A8	swissprot_n1	13	209	0.0598086	24.0328	GGS	TGGSG	TGGSG
T024	15	Q9IAX9	swissprot_n1	171	294	0.579932	23.6887	ESF	SESFA	SESFA
T024	16	A6TTY3	swissprot_n1	16	272	0.0569853	23.6073	STT	KSTTT	KSTTT
T024	17	Q0T515	swissprot_n1	179	188	0.949468	23.1962	GVQ	IGVQI	IGVQI
T024	18	random_UniRef50_A0ABQ8T343	random_uniref50	87	92	0.940217	22.6529	NNN	NNNNN	NNNNN
T024	19	Q5ZHX1	swissprot_n1	17	184	0.0896739	22.4178	KSA	GKSAL	GKSAL
T024	20	random_UniRef50_A0ABQ8T343	random_uniref50	86	92	0.929348	22.1686	NNN	NNNNN	NNNNN
T024	21	Q9WUQ3	swissprot_n1	52	261	0.197318	21.9895	SSS	SSSST	SSSST
T024	22	B0UFS2	swissprot_n1	162	317	0.509464	21.8984	GAL	AGALP	AGALP
T024	23	random_UniRef50_A0ABQ8T343	random_uniref50	85	92	0.918478	21.371	NNN	NNNNN	NNNNN
T024	24	P0AAH0	swissprot_n1	48	257	0.184825	21.184	CGK	GCGKS	GCGKS
T024	25	P0AAH0	swissprot_n1	52	257	0.200389	21.184	TLL	STLLR	STLLR
T024	26	P0AAH0	swissprot_n1	53	257	0.20428	21.184	LLR	TLLRT	TLLRT
T024	27	P0AAH0	swissprot_n1	50	257	0.192607	21.184	KST	GKSTL	GKSTL
T024	28	P0AAH0	swissprot_n1	51	257	0.196498	21.184	STL	KSTLL	KSTLL
T024	29	P0AAH0	swissprot_n1	46	257	0.177043	21.184	SGC	PSGCG	PSGCG
T024	30	P0AAH0	swissprot_n1	49	257	0.188716	21.184	GKS	CGKST	CGKST
T024	31	P0AAH0	swissprot_n1	44	257	0.169261	21.184	GPS	IGPSG	IGPSG
T024	32	P0AAH0	swissprot_n1	45	257	0.173152	21.184	PSG	GPSGC	GPSGC
T024	33	P0AAH0	swissprot_n1	47	257	0.180934	21.184	GCG	SGCGK	SGCGK
T024	34	A6TTY3	swissprot_n1	15	272	0.0533088	20.2753	KST	GKSTT	GKSTT
T024	35	random_UniRef50_A0ABQ8T343	random_uniref50	84	92	0.907609	20.1781	NNN	NNNNN	NNNNN
T024	36	A6TTY3	swissprot_n1	14	272	0.0496324	20.1563	GKS	IGKST	IGKST
T024	37	A2Z388	swissprot_n1	23	246	0.0914634	19.645	SSS	SSSSG	SSSSG
T024	38	Q9WUQ3	swissprot_n1	55	261	0.208812	19.6304	TAS	STASL	STASL
T024	39	random_UniRef50_A0ABQ8T343	random_uniref50	83	92	0.896739	19.3205	NNN	NNNNN	NNNNN
T024	40	random_UniRef50_A0A193GF33	random_uniref50	78	187	0.414439	18.7624	AYK	GAYKR	GAYKR
T024	41	Q5FKG6	swissprot_n1	5	320	0.0140625	18.6251	IGI	RIGIL	RIGIL
T024	42	B1Y854	swissprot_n1	245	264	0.926136	18.5665	AAQ	GAAQQ	GAAQQ
T024	43	random_UniRef50_A0ABQ8T343	random_uniref50	82	92	0.88587	18.4054	NNN	NNNNN	NNNNN
T024	44	random_UniRef50_A0ABQ8T343	random_uniref50	89	92	0.961957	17.7849	NND	NNNDL	NNNDL
T024	45	random_UniRef50_A0ABQ8T343	random_uniref50	88	92	0.951087	17.6826	NNN	NNNND	NNNND
T024	46	Q9IAX9	swissprot_n1	168	294	0.569728	17.4926	STS	SSTSE	SSTSE
T024	47	Q10355	swissprot_n1	154	219	0.700913	17.3874	SSR	KSSRA	KSSRA
T024	48	A2Z388	swissprot_n1	25	246	0.0995935	17.2052	SGR	SSGRQ	SSGRQ
T024	49	random_UniRef50_A0ABQ8T343	random_uniref50	19	92	0.201087	16.9637	SDS	GSDSR	GSDSR
T024	50	random_UniRef50_A0ABQ8T343	random_uniref50	81	92	0.875	16.9451	NNN	NNNNN	NNNNN
T024	51	Q9WUQ3	swissprot_n1	51	261	0.193487	16.7481	SSS	TSSSS	TSSSS
T024	52	Q10355	swissprot_n1	162	219	0.737443	16.6489	AAE	AAAEL	AAAEL
T024	53	Q8Q0M5	swissprot_n1	6	324	0.0169753	16.2931	GIA	IGIAI	IGIAI
T024	54	Q6G3K4	swissprot_n1	12	324	0.0354938	15.5423	GAL	GGALP	GGALP
T024	55	Q9IAX9	swissprot_n1	176	294	0.596939	15.4762	CNI	TCNIL	TCNIL
T024	56	B9MS26	swissprot_n1	241	300	0.801667	14.9634	GGI	MGGIM	MGGIM
T024	57	P0C8Z1	swissprot_n1	142	294	0.481293	14.8625	APL	LAPLA	LAPLA
T024	58	P0C8Z1	swissprot_n1	140	294	0.47449	14.8625	CLA	NCLAP	NCLAP
T024	59	P0C8Z1	swissprot_n1	141	294	0.477891	14.8625	LAP	CLAPL	CLAPL
T024	60	P0C8Z1	swissprot_n1	135	294	0.457483	14.8625	SCT	ASCTT	ASCTT
T024	61	P0C8Z1	swissprot_n1	137	294	0.464286	14.8625	TTN	CTTNC	CTTNC
T024	62	P0C8Z1	swissprot_n1	136	294	0.460884	14.8625	CTT	SCTTN	SCTTN
T024	63	P0C8Z1	swissprot_n1	138	294	0.467687	14.8625	TNC	TTNCL	TTNCL
T024	64	P0C8Z1	swissprot_n1	139	294	0.471088	14.8625	NCL	TNCLA	TNCLA
T024	65	P0C8Z1	swissprot_n1	143	294	0.484694	14.8625	PLA	APLAK	APLAK
T024	66	random_UniRef50_A0ABQ8T343	random_uniref50	80	92	0.86413	14.8276	NNN	NNNNN	NNNNN
T024	67	B9MS26	swissprot_n1	242	300	0.805	14.8259	GIM	GGIMN	GGIMN
T024	68	B7J121	swissprot_n1	17	316	0.0522152	14.732	GSS	VGSSF	VGSSF
T024	69	B7KKT8	swissprot_n1	27	157	0.16879	14.5608	GLN	RGLNL	RGLNL
T024	70	Q9IAX9	swissprot_n1	218	294	0.739796	14.4906	STS	GSTSP	GSTSP
T024	71	random_UniRef50_A0A2P6PLB4	random_uniref50	47	194	0.239691	14.4251	SSK	SSSKV	SSSKV
T024	72	A2Z388	swissprot_n1	26	246	0.103659	14.3895	GRQ	SGRQQ	SGRQQ
T024	73	random_UniRef50_A0ABQ8T343	random_uniref50	79	92	0.853261	14.3662	NNN	NNNNN	NNNNN
T024	74	A2Z388	swissprot_n1	19	246	0.0752033	14.3422	ESS	AESSS	AESSS
T024	75	P29225	swissprot_n1	71	331	0.212991	14.3036	SGK	SSGKT	SSGKT
T024	76	P29225	swissprot_n1	69	331	0.206949	14.3036	ESS	PESSG	PESSG
T024	77	P29225	swissprot_n1	68	331	0.203927	14.3036	PES	GPESS	GPESS
T024	78	P29225	swissprot_n1	67	331	0.200906	14.3036	GPE	YGPES	YGPES
T024	79	P29225	swissprot_n1	74	331	0.222054	14.3036	TTL	KTTLT	KTTLT
T024	80	P29225	swissprot_n1	72	331	0.216012	14.3036	GKT	SGKTT	SGKTT
T024	81	P29225	swissprot_n1	73	331	0.219033	14.3036	KTT	GKTTL	GKTTL
T024	82	P29225	swissprot_n1	75	331	0.225076	14.3036	TLT	TTLTL	TTLTL
T024	83	P29225	swissprot_n1	70	331	0.20997	14.3036	SSG	ESSGK	ESSGK
T024	84	B0UBI3	swissprot_n1	15	204	0.0710784	14.0267	GGP	IGGPV	IGGPV
T024	85	Q10355	swissprot_n1	159	219	0.723744	13.9895	QSA	AQSAA	AQSAA
T024	86	B1Y854	swissprot_n1	244	264	0.922348	13.8593	GAA	LGAAQ	LGAAQ
T024	87	Q9FKI4	swissprot_n1	167	192	0.867188	13.7385	HHG	HHHGG	HHHGG
T024	88	A2Z388	swissprot_n1	22	246	0.0873984	13.4968	SSS	SSSSS	SSSSS
T024	89	A5UAH8	swissprot_n1	67	335	0.198507	13.4778	LGK	GLGKT	GLGKT
T024	90	A5UAH8	swissprot_n1	68	335	0.201493	13.4778	GKT	LGKTT	LGKTT
T024	91	A5UAH8	swissprot_n1	65	335	0.192537	13.4778	PGL	PPGLG	PPGLG
T024	92	A5UAH8	swissprot_n1	63	335	0.186567	13.4778	GPP	FGPPG	FGPPG
T024	93	A5UAH8	swissprot_n1	64	335	0.189552	13.4778	PPG	GPPGL	GPPGL
T024	94	A5UAH8	swissprot_n1	69	335	0.204478	13.4778	KTT	GKTTL	GKTTL
T024	95	A5UAH8	swissprot_n1	71	335	0.210448	13.4778	TLA	TTLAN	TTLAN
T024	96	A5UAH8	swissprot_n1	70	335	0.207463	13.4778	TTL	KTTLA	KTTLA
T024	97	A5UAH8	swissprot_n1	66	335	0.195522	13.4778	GLG	PGLGK	PGLGK
T024	98	Q9BV23	swissprot_n1	15	337	0.0430267	13.4467	GTL	GGTLA	GGTLA
T024	99	Q10355	swissprot_n1	163	219	0.742009	13.2787	AEL	AAELI	AAELI
T024	100	random_UniRef50_A0A1B6G461	random_uniref50	41	235	0.17234	13.226	STA	SSTAV	SSTAV
T025	1	random_UniRef50_UPI0018647CF6	random_uniref50	81	249	0.323293	72.7494	WSC	YWSCN	YWSCN
T025	2	Q9WUQ3	swissprot_n1	109	261	0.415709	58.8024	MQD	RMQDL	RMQDL
T025	3	random_UniRef50_UPI0018647CF6	random_uniref50	220	249	0.881526	53.474	HNC	IHNCY	IHNCY
T025	4	random_UniRef50_UPI0018647CF6	random_uniref50	207	249	0.829317	51.7839	HNC	IHNCY	IHNCY
T025	5	random_UniRef50_UPI0018647CF6	random_uniref50	168	249	0.672691	51.5194	HNC	IHNCY	IHNCY
T025	6	random_UniRef50_UPI0018647CF6	random_uniref50	194	249	0.777108	48.7623	HNC	IHNCY	IHNCY
T025	7	random_UniRef50_UPI0018647CF6	random_uniref50	181	249	0.7249	47.8882	HNC	IHNCY	IHNCY
T025	8	random_UniRef50_UPI0018647CF6	random_uniref50	233	249	0.933735	47.171	HNC	IHNCY	IHNCY
T025	9	random_UniRef50_UPI0018647CF6	random_uniref50	87	249	0.34739	44.4314	NHI	YNHIH	YNHIH
T025	10	random_UniRef50_UPI0018647CF6	random_uniref50	90	249	0.359438	43.6896	HNC	IHNCY	IHNCY
T025	11	random_UniRef50_UPI0018647CF6	random_uniref50	142	249	0.568273	43.2827	HNC	IHNCY	IHNCY
T025	12	random_UniRef50_UPI0018647CF6	random_uniref50	77	249	0.307229	42.8018	HNC	IHNCY	IHNCY
T025	13	random_UniRef50_UPI0018647CF6	random_uniref50	155	249	0.620482	41.667	HNC	IHNCY	IHNCY
T025	14	random_UniRef50_UPI0018647CF6	random_uniref50	74	249	0.295181	39.0766	NHI	YNHIH	YNHIH
T025	15	random_UniRef50_UPI0018647CF6	random_uniref50	129	249	0.516064	37.1157	HNC	IHNCY	IHNCY
T025	16	random_UniRef50_UPI0018647CF6	random_uniref50	206	249	0.825301	36.7292	IHN	HIHNC	HIHNC
T025	17	random_UniRef50_UPI0018647CF6	random_uniref50	103	249	0.411647	34.3961	HNC	IHNCY	IHNCY
T025	18	random_UniRef50_UPI0018647CF6	random_uniref50	68	249	0.271084	33.7026	RSC	YRSCN	YRSCN
T025	19	random_UniRef50_UPI0018647CF6	random_uniref50	193	249	0.773092	33.3359	IHN	HIHNC	HIHNC
T025	20	random_UniRef50_UPI0018647CF6	random_uniref50	180	249	0.720884	29.7549	IHN	HIHNC	HIHNC
T025	21	random_UniRef50_UPI0018647CF6	random_uniref50	120	249	0.47992	28.9895	WSC	YWSCN	YWSCN
T025	22	random_UniRef50_UPI0018647CF6	random_uniref50	94	249	0.375502	28.1664	RSC	YRSCN	YRSCN
T025	23	random_UniRef50_UPI0018647CF6	random_uniref50	116	249	0.463855	25.5497	HNC	IHNCY	IHNCY
T025	24	random_UniRef50_UPI0018647CF6	random_uniref50	167	249	0.668675	24.0293	IHN	HIHNC	HIHNC
T025	25	random_UniRef50_UPI0018647CF6	random_uniref50	64	249	0.25502	23.4395	HNC	IHNCY	IHNCY
T025	26	random_UniRef50_UPI0018647CF6	random_uniref50	219	249	0.87751	23.4094	IHN	HIHNC	HIHNC
T025	27	random_UniRef50_UPI0018647CF6	random_uniref50	141	249	0.564257	23.1255	IHN	HIHNC	HIHNC
T025	28	P52045	swissprot_n1	100	261	0.381226	18.2144	IIS	PIISM	PIISM
T025	29	P52045	swissprot_n1	101	261	0.385057	18.2144	ISM	IISMV	IISMV
T025	30	P52045	swissprot_n1	99	261	0.377395	18.2144	PII	KPIIS	KPIIS
T025	31	random_UniRef50_UPI0018647CF6	random_uniref50	92	249	0.36747	17.8662	CYR	NCYRS	NCYRS
T025	32	random_UniRef50_UPI0018647CF6	random_uniref50	133	249	0.532129	15.8996	WSC	YWSCN	YWSCN
T025	33	P52045	swissprot_n1	98	261	0.373563	15.1813	KPI	PKPII	PKPII
T025	34	P52045	swissprot_n1	97	261	0.369732	15.1813	PKP	FPKPI	FPKPI
T025	35	random_UniRef50_A0A4C1Y489	random_uniref50	98	242	0.402893	15.0578	IVM	FIVMS	FIVMS
T025	36	P52045	swissprot_n1	106	261	0.404215	15.0167	GSV	EGSVW	EGSVW
T025	37	P52045	swissprot_n1	105	261	0.400383	15.0167	EGS	VEGSV	VEGSV
T025	38	P52045	swissprot_n1	107	261	0.408046	14.9692	SVW	GSVWG	GSVWG
T025	39	P52045	swissprot_n1	108	261	0.411877	14.9692	VWG	SVWGG	SVWGG
T025	40	P52045	swissprot_n1	104	261	0.396552	14.7781	VEG	MVEGS	MVEGS
T025	41	P52045	swissprot_n1	103	261	0.39272	14.7781	MVE	SMVEG	SMVEG
T025	42	P52045	swissprot_n1	102	261	0.388889	14.7781	SMV	ISMVE	ISMVE
T025	43	random_UniRef50_UPI0018647CF6	random_uniref50	100	249	0.399598	14.2493	NHI	YNHIH	YNHIH
T025	44	P50060	swissprot_n1	64	239	0.26569	13.1141	QTY	HQTYV	HQTYV
T025	45	P52045	swissprot_n1	110	261	0.41954	12.9954	GGA	WGGAF	WGGAF
T025	46	P52045	swissprot_n1	109	261	0.415709	12.9954	WGG	VWGGA	VWGGA
T025	47	random_UniRef50_UPI0018647CF6	random_uniref50	232	249	0.929719	12.9492	IHN	HIHNC	HIHNC
T025	48	random_UniRef50_UPI0018647CF6	random_uniref50	154	249	0.616466	12.4807	IHN	HIHNC	HIHNC
T025	49	Q1QH29	swissprot_n1	194	326	0.593558	11.7725	DLF	ADLFP	ADLFP
T025	50	Q1QH29	swissprot_n1	191	326	0.584356	11.7725	IHA	VIHAD	VIHAD
T025	51	Q1QH29	swissprot_n1	192	326	0.587423	11.7725	HAD	IHADL	IHADL
T025	52	Q1QH29	swissprot_n1	193	326	0.590491	11.7725	ADL	HADLF	HADLF
T025	53	random_UniRef50_UPI0018647CF6	random_uniref50	128	249	0.512048	11.6685	IHN	HIHNC	HIHNC
T025	54	P50060	swissprot_n1	65	239	0.269874	11.2654	TYV	QTYVD	QTYVD
T025	55	Q53084	swissprot_n1	83	255	0.323529	11.1929	ADM	HADMR	HADMR
T025	56	Q53084	swissprot_n1	82	255	0.319608	11.1929	HAD	VHADM	VHADM
T025	57	random_UniRef50_UPI0018647CF6	random_uniref50	159	249	0.636546	10.9937	WSC	YWSCN	YWSCN
T025	58	Q6ZRF7	swissprot_n1	85	136	0.621324	10.5221	TGE	HTGEK	HTGEK
T025	59	Q6ZRF7	swissprot_n1	86	136	0.628676	10.5221	GEK	TGEKS	TGEKS
T025	60	Q6ZRF7	swissprot_n1	84	136	0.613971	10.5221	HTG	IHTGE	IHTGE
T025	61	P97477	swissprot_n1	180	395	0.45443	10.1704	LRH	HLRHP	HLRHP
T025	62	P97477	swissprot_n1	181	395	0.456962	10.1704	RHP	LRHPN	LRHPN
T025	63	P97477	swissprot_n1	182	395	0.459494	10.1704	HPN	RHPNI	RHPNI
T025	64	random_UniRef50_A0A7K8ZUN0	random_uniref50	26	92	0.277174	9.74251	LYR	VLYRD	VLYRD
T025	65	random_UniRef50_A0A7K8ZUN0	random_uniref50	27	92	0.288043	9.74251	YRD	LYRDI	LYRDI
T025	66	random_UniRef50_A0A7K8ZUN0	random_uniref50	28	92	0.298913	9.74251	RDI	YRDIK	YRDIK
T025	67	P52045	swissprot_n1	96	261	0.3659	9.55862	FPK	KFPKP	KFPKP
T025	68	P52045	swissprot_n1	95	261	0.362069	9.55862	KFP	QKFPK	QKFPK
T025	69	P52045	swissprot_n1	94	261	0.358238	9.55862	QKF	IQKFP	IQKFP
T025	70	P97477	swissprot_n1	245	395	0.618987	9.47416	IHR	VIHRD	VIHRD
T025	71	P97477	swissprot_n1	246	395	0.621519	9.47416	HRD	IHRDI	IHRDI
T025	72	P97477	swissprot_n1	247	395	0.624051	9.47416	RDI	HRDIK	HRDIK
T025	73	random_UniRef50_UPI0018647CF6	random_uniref50	107	249	0.427711	9.38557	RSC	YRSCN	YRSCN
T025	74	Q5UP14	swissprot_n1	196	224	0.872768	9.27042	DND	ADNDC	ADNDC
T025	75	Q5UP14	swissprot_n1	197	224	0.877232	9.27042	NDC	DNDCA	DNDCA
T025	76	Q5UP14	swissprot_n1	167	224	0.743304	8.90513	NDY	DNDYA	DNDYA
T025	77	Q5UP14	swissprot_n1	165	224	0.734375	8.90513	ADN	RADND	RADND
T025	78	Q5UP14	swissprot_n1	164	224	0.729911	8.90513	RAD	VRADN	VRADN
T025	79	Q5UP14	swissprot_n1	166	224	0.738839	8.90513	DND	ADNDY	ADNDY
T025	80	Q53084	swissprot_n1	85	255	0.331373	8.60872	MRG	DMRGY	DMRGY
T025	81	Q53084	swissprot_n1	86	255	0.335294	8.60872	RGY	MRGYS	MRGYS
T025	82	Q53084	swissprot_n1	84	255	0.327451	8.60872	DMR	ADMRG	ADMRG
T025	83	random_UniRef50_UPI0018647CF6	random_uniref50	205	249	0.821285	8.10836	HIH	NHIHN	NHIHN
T025	84	random_UniRef50_UPI0018647CF6	random_uniref50	204	249	0.817269	8.10836	NHI	YNHIH	YNHIH
T025	85	random_UniRef50_UPI0018647CF6	random_uniref50	192	249	0.769076	8.02396	HIH	NHIHN	NHIHN
T025	86	random_UniRef50_UPI0018647CF6	random_uniref50	191	249	0.76506	8.02396	NHI	YNHIH	YNHIH
T025	87	random_UniRef50_UPI0018647CF6	random_uniref50	178	249	0.712851	7.86964	NHI	YNHIH	YNHIH
T025	88	random_UniRef50_UPI0018647CF6	random_uniref50	179	249	0.716867	7.86964	HIH	NHIHN	NHIHN
T025	89	random_UniRef50_UPI0018647CF6	random_uniref50	217	249	0.869478	7.83721	NHI	YNHIH	YNHIH
T025	90	random_UniRef50_UPI0018647CF6	random_uniref50	218	249	0.873494	7.83721	HIH	NHIHN	NHIHN
T025	91	Q5UP14	swissprot_n1	134	224	0.595982	7.80719	RAK	IRAKN	IRAKN
T025	92	Q5UP14	swissprot_n1	137	224	0.609375	7.80719	NDY	KNDYS	KNDYS
T025	93	Q5UP14	swissprot_n1	136	224	0.604911	7.80719	KND	AKNDY	AKNDY
T025	94	Q5UP14	swissprot_n1	135	224	0.600446	7.80719	AKN	RAKND	RAKND
T025	95	random_UniRef50_UPI0018647CF6	random_uniref50	231	249	0.925703	7.77162	HIH	NHIHN	NHIHN
T025	96	random_UniRef50_UPI0018647CF6	random_uniref50	230	249	0.921687	7.77162	NHI	YNHIH	YNHIH
T025	97	random_UniRef50_UPI0018647CF6	random_uniref50	113	249	0.451807	7.70839	NHI	YNHIH	YNHIH
T025	98	random_UniRef50_UPI0018647CF6	random_uniref50	114	249	0.455823	7.70839	HIH	NHIHN	NHIHN
T025	99	random_UniRef50_UPI0018647CF6	random_uniref50	115	249	0.459839	7.70839	IHN	HIHNC	HIHNC
T025	100	random_UniRef50_UPI0018647CF6	random_uniref50	165	249	0.660643	7.70486	NHI	YNHIH	YNHIH
T026	1	B3R2J3	swissprot_n1	97	165	0.584848	97.2066	VVN	IVVNG	IVVNG
T026	2	C0MCU1	swissprot_n1	130	234	0.553419	49.3219	GHI	NGHIG	NGHIG
T026	3	C0MCU1	swissprot_n1	132	234	0.561966	49.3219	IGF	HIGFN	HIGFN
T026	4	C0MCU1	swissprot_n1	131	234	0.557692	49.3219	HIG	GHIGF	GHIGF
T026	5	Q99J47	swissprot_n1	138	323	0.425697	47.5131	LIN	VLINN	VLINN
T026	6	B5R6X5	swissprot_n1	97	288	0.335069	41.0469	LVQ	ILVQL	ILVQL
T026	7	C4L559	swissprot_n1	91	233	0.388412	35.7285	VVS	VVVST	VVVST
T026	8	Q0SU08	swissprot_n1	76	119	0.634454	33.8327	VIF	MVIFL	MVIFL
T026	9	A1U3B4	swissprot_n1	152	212	0.714623	27.8051	ALN	LALNV	LALNV
T026	10	P52045	swissprot_n1	257	261	0.982759	20.3203	PNF	KPNFV	KPNFV
T026	11	P52045	swissprot_n1	258	261	0.98659	20.3203	NFV	PNFVG	PNFVG
T026	12	random_UniRef50_A0A060BMV3	random_uniref50	17	114	0.144737	19.3088	EAS	KEASG	KEASG
T026	13	random_UniRef50_A0A060BMV3	random_uniref50	18	114	0.153509	19.3088	ASG	EASGT	EASGT
T026	14	random_UniRef50_A0A060BMV3	random_uniref50	19	114	0.162281	19.3088	SGT	ASGTG	ASGTG
T026	15	Q0HVI0	swissprot_n1	292	351	0.830484	17.915	GAD	DGADG	DGADG
T026	16	Q0HVI0	swissprot_n1	293	351	0.833333	17.915	ADG	GADGM	GADGM
T026	17	Q0HVI0	swissprot_n1	294	351	0.836182	17.915	DGM	ADGMA	ADGMA
T026	18	B3R2J3	swissprot_n1	96	165	0.578788	16.2562	IVV	GIVVN	GIVVN
T026	19	Q0HVI0	swissprot_n1	290	351	0.824786	16.0599	KDG	GKDGA	GKDGA
T026	20	Q0HVI0	swissprot_n1	289	351	0.821937	16.0599	GKD	MGKDG	MGKDG
T026	21	Q0HVI0	swissprot_n1	291	351	0.827635	16.0599	DGA	KDGAD	KDGAD
T026	22	C3LS21	swissprot_n1	22	263	0.0817491	13.0711	DDG	NDDGV	NDDGV
T026	23	C3LS21	swissprot_n1	20	263	0.0741445	13.0711	SND	LSNDD	LSNDD
T026	24	C3LS21	swissprot_n1	23	263	0.0855513	13.0711	DGV	DDGVY	DDGVY
T026	25	C3LS21	swissprot_n1	21	263	0.0779468	13.0711	NDD	SNDDG	SNDDG
T026	26	Q0AMV9	swissprot_n1	300	334	0.896707	12.1405	RSA	ARSAK	ARSAK
T026	27	Q0AMV9	swissprot_n1	297	334	0.887725	12.1405	PRA	NPRAR	NPRAR
T026	28	Q0AMV9	swissprot_n1	299	334	0.893713	12.1405	ARS	RARSA	RARSA
T026	29	Q0AMV9	swissprot_n1	298	334	0.890719	12.1405	RAR	PRARS	PRARS
T026	30	P52045	swissprot_n1	261	261	0.998084	12.0301	edge	edge	VGH
T026	31	P52045	swissprot_n1	259	261	0.990421	12.0301	FVG	NFVGH	NFVGH
T026	32	P52045	swissprot_n1	260	261	0.994253	12.0301	VGH	edge	FVGH
T026	33	P65539	swissprot_n1	13	141	0.0886525	11.2675	PDA	KPDAV	KPDAV
T026	34	P65539	swissprot_n1	11	141	0.0744681	11.2675	IKP	IIKPD	IIKPD
T026	35	P65539	swissprot_n1	10	141	0.0673759	11.2675	IIK	SIIKP	SIIKP
T026	36	P65539	swissprot_n1	12	141	0.0815603	11.2675	KPD	IKPDA	IKPDA
T026	37	Q6T1W7	swissprot_n1	118	192	0.611979	11.2496	SVI	NSVIV	NSVIV
T026	38	Q6T1W7	swissprot_n1	119	192	0.617188	11.2496	VIV	SVIVA	SVIVA
T026	39	Q6G3K4	swissprot_n1	37	324	0.112654	10.9662	QRT	VQRTG	VQRTG
T026	40	Q6G3K4	swissprot_n1	38	324	0.115741	10.9662	RTG	QRTGI	QRTGI
T026	41	Q6G3K4	swissprot_n1	39	324	0.118827	10.9662	TGI	RTGIR	RTGIR
T026	42	B2KA40	swissprot_n1	96	295	0.323729	10.6385	VIG	MVIGL	MVIGL
T026	43	Q0AB89	swissprot_n1	315	338	0.930473	10.4804	EVV	IEVVG	IEVVG
T026	44	Q9LM66	swissprot_n1	272	356	0.76264	10.1963	VAI	SVAID	SVAID
T026	45	Q9LM66	swissprot_n1	274	356	0.768258	10.1963	IDA	AIDAS	AIDAS
T026	46	Q9LM66	swissprot_n1	273	356	0.765449	10.1963	AID	VAIDA	VAIDA
T026	47	P08290	swissprot_n1	292	301	0.968439	10.0045	WAC	RWACE	RWACE
T026	48	P08290	swissprot_n1	294	301	0.975083	10.0045	CER	ACERK	ACERK
T026	49	P08290	swissprot_n1	293	301	0.971761	10.0045	ACE	WACER	WACER
T026	50	P08290	swissprot_n1	295	301	0.978405	10.0045	ERK	CERKR	CERKR
T026	51	A1JPP6	swissprot_n1	34	297	0.112795	9.55744	SAV	QSAVS	QSAVS
T026	52	A1JPP6	swissprot_n1	35	297	0.116162	9.55744	AVS	SAVSQ	SAVSQ
T026	53	A1JPP6	swissprot_n1	36	297	0.119529	9.55744	VSQ	AVSQR	AVSQR
T026	54	Q0HVI0	swissprot_n1	286	351	0.81339	9.40892	TGM	LTGMG	LTGMG
T026	55	Q0HVI0	swissprot_n1	288	351	0.819088	9.40892	MGK	GMGKD	GMGKD
T026	56	Q0HVI0	swissprot_n1	287	351	0.816239	9.40892	GMG	TGMGK	TGMGK
T026	57	Q0HVI0	swissprot_n1	285	351	0.810541	9.40892	LTG	ILTGM	ILTGM
T026	58	Q39QR8	swissprot_n1	342	392	0.871173	9.26486	ALS	AALSV	AALSV
T026	59	Q0AB89	swissprot_n1	320	338	0.945266	9.06173	RLR	ERLRG	ERLRG
T026	60	Q57L24	swissprot_n1	292	292	0.998288	8.70287	edge	edge	KLF
T026	61	Q57L24	swissprot_n1	290	292	0.991438	8.70287	KKL	SKKLF	SKKLF
T026	62	Q57L24	swissprot_n1	291	292	0.994863	8.70287	KLF	edge	KKLF
T026	63	Q0AB89	swissprot_n1	319	338	0.942308	8.37662	ERL	GERLR	GERLR
T026	64	Q329L3	swissprot_n1	189	238	0.792017	8.33725	NVV	MNVVM	MNVVM
T026	65	random_UniRef50_A0A060BMV3	random_uniref50	112	114	0.97807	8.16305	GNG	SGNGA	SGNGA
T026	66	random_UniRef50_A0A060BMV3	random_uniref50	109	114	0.951754	8.13469	LKS	LLKSG	LLKSG
T026	67	Q39QR8	swissprot_n1	352	392	0.896684	8.09306	LFG	RLFGK	RLFGK
T026	68	Q0AB89	swissprot_n1	313	338	0.924556	8.07909	EIE	HEIEV	HEIEV
T026	69	Q18F10	swissprot_n1	350	383	0.912533	7.99473	ILD	TILDF	TILDF
T026	70	Q0AB89	swissprot_n1	317	338	0.936391	7.86819	VGE	VVGER	VVGER
T026	71	Q39QR8	swissprot_n1	344	392	0.876276	7.77731	SVP	LSVPE	LSVPE
T026	72	Q0AB89	swissprot_n1	316	338	0.933432	7.72962	VVG	EVVGE	EVVGE
T026	73	Q329L3	swissprot_n1	191	238	0.80042	7.70772	VMT	VVMTE	VVMTE
T026	74	Q329L3	swissprot_n1	187	238	0.783613	7.68347	DMN	TDMNV	TDMNV
T026	75	Q0WJT1	swissprot_n1	42	141	0.294326	7.58163	HMV	NHMVK	NHMVK
T026	76	Q0WJT1	swissprot_n1	41	141	0.287234	7.58163	NHM	RNHMV	RNHMV
T026	77	C0ZB87	swissprot_n1	203	308	0.657468	7.5722	ELS	FELSD	FELSD
T026	78	random_UniRef50_A0A060BMV3	random_uniref50	108	114	0.942982	7.56119	LLK	MLLKS	MLLKS
T026	79	C0ZB87	swissprot_n1	212	308	0.686688	7.36196	SLY	FSLYN	FSLYN
T026	80	Q0AB89	swissprot_n1	322	338	0.951183	7.30872	RGM	LRGMM	LRGMM
T026	81	Q92MT4	swissprot_n1	196	346	0.565029	7.21605	YVA	VYVAD	VYVAD
T026	82	C0ZB87	swissprot_n1	208	308	0.673701	7.21122	DML	VDMLF	VDMLF
T026	83	B8E3P6	swissprot_n1	49	360	0.134722	7.20454	MGR	GMGRS	GMGRS
T026	84	B8E3P6	swissprot_n1	50	360	0.1375	7.20454	GRS	MGRSF	MGRSF
T026	85	B8E3P6	swissprot_n1	48	360	0.131944	7.20454	GMG	LGMGR	LGMGR
T026	86	B8E3P6	swissprot_n1	51	360	0.140278	7.20454	RSF	GRSFR	GRSFR
T026	87	Q18F10	swissprot_n1	353	383	0.920366	7.18277	FML	DFMLL	DFMLL
T026	88	random_UniRef50_A0A060BMV3	random_uniref50	106	114	0.925439	7.17812	DML	VDMLL	VDMLL
T026	89	C0ZB87	swissprot_n1	207	308	0.670455	7.14776	VDM	DVDML	DVDML
T026	90	random_UniRef50_A0A060BMV3	random_uniref50	102	114	0.890351	7.11801	DRL	YDRLV	YDRLV
T026	91	random_UniRef50_A0A060BMV3	random_uniref50	113	114	0.986842	7.0689	NGA	edge	GNGA
T026	92	Q329L3	swissprot_n1	190	238	0.796219	6.99477	VVM	NVVMT	NVVMT
T026	93	Q8DL38	swissprot_n1	295	360	0.818056	6.93296	LPR	LLPRQ	LLPRQ
T026	94	Q8DL38	swissprot_n1	293	360	0.8125	6.93296	FLL	RFLLP	RFLLP
T026	95	Q8DL38	swissprot_n1	294	360	0.815278	6.93296	LLP	FLLPR	FLLPR
T026	96	Q8DL38	swissprot_n1	296	360	0.820833	6.93296	PRQ	LPRQE	LPRQE
T026	97	P0A9P5	swissprot_n1	194	321	0.602804	6.88816	DKV	MDKVE	MDKVE
T026	98	P0A9P5	swissprot_n1	196	321	0.609034	6.88816	VEN	KVENG	KVENG
T026	99	P0A9P5	swissprot_n1	195	321	0.605919	6.88816	KVE	DKVEN	DKVEN
T026	100	Q18F10	swissprot_n1	346	383	0.902089	6.74347	LNI	MLNIT	MLNIT
T027	1	Q8FV25	swissprot_n1	117	284	0.410211	77.4608	CIV	NCIVR	NCIVR
T027	2	A2T309	swissprot_n1	116	353	0.327195	65.8449	IVL	LIVLH	LIVLH
T027	3	F4CQ78	swissprot_n1	57	141	0.400709	48.3241	FDL	MFDLR	MFDLR
T027	4	A8GLK7	swissprot_n1	195	330	0.589394	37.8538	GAV	LGAVF	LGAVF
T027	5	P50060	swissprot_n1	213	239	0.889121	31.2977	YLN	DYLNN	DYLNN
T027	6	Q8ZLL7	swissprot_n1	79	128	0.613281	31.188	CVA	ICVAA	ICVAA
T027	7	B3Q8B5	swissprot_n1	26	157	0.16242	28.8867	DLS	KDLSF	KDLSF
T027	8	B3Q8B5	swissprot_n1	27	157	0.16879	28.8867	LSF	DLSFE	DLSFE
T027	9	B3Q8B5	swissprot_n1	25	157	0.156051	28.8867	KDL	TKDLS	TKDLS
T027	10	B5RH70	swissprot_n1	105	305	0.342623	25.5421	MDG	IMDGS	IMDGS
T027	11	B5RH70	swissprot_n1	106	305	0.345902	25.5421	DGS	MDGSA	MDGSA
T027	12	B5RH70	swissprot_n1	107	305	0.34918	25.5421	GSA	DGSAA	DGSAA
T027	13	B5RH70	swissprot_n1	103	305	0.336066	25.5421	PIM	IPIMD	IPIMD
T027	14	B5RH70	swissprot_n1	104	305	0.339344	25.5421	IMD	PIMDG	PIMDG
T027	15	P24824	swissprot_n1	293	400	0.73125	25.0697	PLG	EPLGI	EPLGI
T027	16	P24824	swissprot_n1	296	400	0.73875	24.7872	ISD	GISDW	GISDW
T027	17	Q6G3K4	swissprot_n1	241	324	0.742284	24.1929	MDS	GMDSS	GMDSS
T027	18	B0YA65	swissprot_n1	312	398	0.782663	24.1206	VGQ	GVGQD	GVGQD
T027	19	B0YA65	swissprot_n1	311	398	0.780151	23.4016	GVG	AGVGQ	AGVGQ
T027	20	B0YA65	swissprot_n1	314	398	0.787688	23.3227	QDA	GQDAI	GQDAI
T027	21	B0YA65	swissprot_n1	316	398	0.792714	21.7585	AID	DAIDA	DAIDA
T027	22	Q6G3K4	swissprot_n1	240	324	0.739198	21.195	GMD	AGMDS	AGMDS
T027	23	F4CQ78	swissprot_n1	64	141	0.450355	21.1446	GVL	AGVLM	AGVLM
T027	24	random_UniRef50_J3NUR8	random_uniref50	235	240	0.977083	20.8217	KEK	AKEKE	AKEKE
T027	25	random_UniRef50_J3NUR8	random_uniref50	234	240	0.972917	20.8217	AKE	AAKEK	AAKEK
T027	26	random_UniRef50_J3NUR8	random_uniref50	232	240	0.964583	20.8217	QAA	MQAAK	MQAAK
T027	27	random_UniRef50_J3NUR8	random_uniref50	233	240	0.96875	20.8217	AAK	QAAKE	QAAKE
T027	28	C0ZB87	swissprot_n1	266	308	0.862013	19.9716	RNL	VRNLS	VRNLS
T027	29	C0ZB87	swissprot_n1	267	308	0.86526	19.9716	NLS	RNLSR	RNLSR
T027	30	C0ZB87	swissprot_n1	268	308	0.868506	19.9716	LSR	NLSRE	NLSRE
T027	31	A6V1R8	swissprot_n1	34	224	0.149554	19.7908	VVD	VVVDV	VVVDV
T027	32	A6V1R8	swissprot_n1	36	224	0.158482	19.7908	DVE	VDVET	VDVET
T027	33	A6V1R8	swissprot_n1	37	224	0.162946	19.7908	VET	DVETG	DVETG
T027	34	A6V1R8	swissprot_n1	35	224	0.154018	19.7908	VDV	VVDVE	VVDVE
T027	35	Q9PEL0	swissprot_n1	49	254	0.190945	19.3971	ALA	QALAW	QALAW
T027	36	B0YA65	swissprot_n1	96	398	0.23995	19.3492	GLK	SGLKA	SGLKA
T027	37	B0YA65	swissprot_n1	95	398	0.237437	19.3492	SGL	ASGLK	ASGLK
T027	38	P24824	swissprot_n1	295	400	0.73625	18.7898	GIS	LGISD	LGISD
T027	39	B0YA65	swissprot_n1	313	398	0.785176	18.7733	GQD	VGQDA	VGQDA
T027	40	Q505J6	swissprot_n1	252	320	0.785937	18.7562	KTR	LKTRI	LKTRI
T027	41	Q505J6	swissprot_n1	251	320	0.782812	18.7562	LKT	VLKTR	VLKTR
T027	42	Q6G3K4	swissprot_n1	243	324	0.748457	18.7305	SSQ	DSSQL	DSSQL
T027	43	Q9H1J7	swissprot_n1	95	359	0.263231	18.5094	CST	NCSTA	NCSTA
T027	44	Q9H1J7	swissprot_n1	94	359	0.260446	18.5094	NCS	WNCST	WNCST
T027	45	P24824	swissprot_n1	298	400	0.74375	18.4405	DWN	SDWNS	SDWNS
T027	46	P24824	swissprot_n1	294	400	0.73375	18.4182	LGI	PLGIS	PLGIS
T027	47	Q8UVR3	swissprot_n1	139	400	0.34625	18.3126	LSC	HLSCF	HLSCF
T027	48	Q8UVR3	swissprot_n1	138	400	0.34375	18.3126	HLS	YHLSC	YHLSC
T027	49	Q8UVR3	swissprot_n1	137	400	0.34125	18.3126	YHL	VYHLS	VYHLS
T027	50	P24824	swissprot_n1	292	400	0.72875	17.9983	EPL	FEPLG	FEPLG
T027	51	Q6G3K4	swissprot_n1	238	324	0.733025	17.9854	AAG	AAAGM	AAAGM
T027	52	B0YA65	swissprot_n1	317	398	0.795226	17.7274	IDA	AIDAF	AIDAF
T027	53	Q6G3K4	swissprot_n1	230	324	0.708333	17.4017	DVV	TDVVD	TDVVD
T027	54	P24824	swissprot_n1	297	400	0.74125	17.0724	SDW	ISDWN	ISDWN
T027	55	P24824	swissprot_n1	289	400	0.72125	16.5132	DAF	EDAFE	EDAFE
T027	56	Q6G3K4	swissprot_n1	227	324	0.699074	16.4324	MIT	GMITD	GMITD
T027	57	P24824	swissprot_n1	290	400	0.72375	16.3529	AFE	DAFEP	DAFEP
T027	58	Q6G3K4	swissprot_n1	234	324	0.720679	16.2675	ECF	DECFA	DECFA
T027	59	Q6G3K4	swissprot_n1	242	324	0.74537	16.1251	DSS	MDSSQ	MDSSQ
T027	60	B0YA65	swissprot_n1	315	398	0.790201	15.9408	DAI	QDAID	QDAID
T027	61	Q1QH29	swissprot_n1	222	326	0.679448	15.8372	AYD	FAYDV	FAYDV
T027	62	Q1QH29	swissprot_n1	221	326	0.67638	15.8372	FAY	FFAYD	FFAYD
T027	63	Q6Q788	swissprot_n1	122	366	0.331967	15.7879	NLE	WNLEG	WNLEG
T027	64	Q6Q788	swissprot_n1	121	366	0.329235	15.7879	WNL	GWNLE	GWNLE
T027	65	Q6Q788	swissprot_n1	123	366	0.334699	15.7879	LEG	NLEGL	NLEGL
T027	66	Q5UP14	swissprot_n1	191	224	0.850446	15.4469	ADF	GADFR	GADFR
T027	67	Q5UP14	swissprot_n1	190	224	0.845982	15.4469	GAD	KGADF	KGADF
T027	68	C0ZB87	swissprot_n1	270	308	0.875	15.4345	REV	SREVA	SREVA
T027	69	C0ZB87	swissprot_n1	269	308	0.871753	15.4345	SRE	LSREV	LSREV
T027	70	P24824	swissprot_n1	267	400	0.66625	15.344	LAF	GLAFH	GLAFH
T027	71	P24824	swissprot_n1	301	400	0.75125	15.2134	SIF	NSIFW	NSIFW
T027	72	Q3K5S2	swissprot_n1	41	189	0.214286	15.1533	ATN	GATNM	GATNM
T027	73	Q3K5S2	swissprot_n1	40	189	0.208995	15.1533	GAT	AGATN	AGATN
T027	74	Q6G3K4	swissprot_n1	239	324	0.736111	15.0145	AGM	AAGMD	AAGMD
T027	75	P56627	swissprot_n1	275	295	0.930508	14.3883	DPD	LDPDM	LDPDM
T027	76	P56627	swissprot_n1	276	295	0.933898	14.3883	PDM	DPDMK	DPDMK
T027	77	P24824	swissprot_n1	291	400	0.72625	14.1349	FEP	AFEPL	AFEPL
T027	78	P24824	swissprot_n1	285	400	0.71125	14.1028	RAL	ERALE	ERALE
T027	79	Q7CIS2	swissprot_n1	307	341	0.898827	13.6226	LDR	LLDRI	LLDRI
T027	80	Q7CIS2	swissprot_n1	305	341	0.892962	13.6226	MLL	AMLLD	AMLLD
T027	81	Q7CIS2	swissprot_n1	306	341	0.895894	13.6226	LLD	MLLDR	MLLDR
T027	82	P24824	swissprot_n1	274	400	0.68375	13.4701	DVP	KDVPG	KDVPG
T027	83	Q6G3K4	swissprot_n1	231	324	0.71142	13.1444	VVD	DVVDE	DVVDE
T027	84	P24824	swissprot_n1	278	400	0.69375	13.1156	LIS	GLISK	GLISK
T027	85	Q6G3K4	swissprot_n1	220	324	0.677469	13.0875	VFK	EVFKY	EVFKY
T027	86	P24824	swissprot_n1	286	400	0.71375	12.464	ALE	RALED	RALED
T027	87	B0YA65	swissprot_n1	310	398	0.777638	12.3694	AGV	HAGVG	HAGVG
T027	88	B0YA65	swissprot_n1	309	398	0.775126	12.2701	HAG	KHAGV	KHAGV
T027	89	Q6G3K4	swissprot_n1	219	324	0.674383	12.0747	EVF	REVFK	REVFK
T027	90	P24824	swissprot_n1	281	400	0.70125	11.6892	KNI	SKNIE	SKNIE
T027	91	Q6G3K4	swissprot_n1	228	324	0.70216	11.6573	ITD	MITDV	MITDV
T027	92	P24824	swissprot_n1	299	400	0.74625	11.1169	WNS	DWNSI	DWNSI
T027	93	P24824	swissprot_n1	283	400	0.70625	10.8935	IER	NIERA	NIERA
T027	94	P24824	swissprot_n1	277	400	0.69125	10.8651	GLI	PGLIS	PGLIS
T027	95	random_UniRef50_J3NUR8	random_uniref50	133	240	0.552083	10.7527	TLQ	ITLQS	ITLQS
T027	96	B0YA65	swissprot_n1	319	398	0.800251	10.7298	AFE	DAFEI	DAFEI
T027	97	Q6G3K4	swissprot_n1	217	324	0.66821	10.6153	GRE	EGREV	EGREV
T027	98	Q6G3K4	swissprot_n1	235	324	0.723765	10.5059	CFA	ECFAA	ECFAA
T027	99	Q6G3K4	swissprot_n1	246	324	0.757716	10.4943	LDW	QLDWF	QLDWF
T027	100	Q6G3K4	swissprot_n1	218	324	0.671296	10.4316	REV	GREVF	GREVF
T028	1	Q2YTM0	swissprot_n1	134	154	0.866883	117.194	NKG	GNKGA	GNKGA
T028	2	B3Q8B5	swissprot_n1	84	157	0.531847	91.9652	ELA	FELAY	FELAY
T028	3	random_UniRef50_UPI003FD3D3C0	random_uniref50	104	127	0.814961	49.6343	TRR	GTRRA	GTRRA
T028	4	Q98C31	swissprot_n1	16	355	0.043662	45.6922	TGN	PTGNL	PTGNL
T028	5	Q98C31	swissprot_n1	15	355	0.0408451	45.6922	PTG	QPTGN	QPTGN
T028	6	Q98C31	swissprot_n1	14	355	0.0380282	45.6922	QPT	VQPTG	VQPTG
T028	7	random_UniRef50_UPI003FD3D3C0	random_uniref50	68	127	0.531496	43.8959	ALA	VALAA	VALAA
T028	8	P56904	swissprot_n1	41	266	0.152256	42.9395	ITA	AITAQ	AITAQ
T028	9	A5GVE0	swissprot_n1	6	237	0.0232068	42.4938	APW	TAPWD	TAPWD
T028	10	A5GVE0	swissprot_n1	5	237	0.0189873	42.4938	TAP	STAPW	STAPW
T028	11	A5GVE0	swissprot_n1	4	237	0.0147679	42.4938	STA	SSTAP	SSTAP
T028	12	random_UniRef50_UPI003FD3D3C0	random_uniref50	52	127	0.405512	42.2033	PDG	LPDGW	LPDGW
T028	13	random_UniRef50_UPI003FD3D3C0	random_uniref50	51	127	0.397638	42.2033	LPD	YLPDG	YLPDG
T028	14	random_UniRef50_UPI003FD3D3C0	random_uniref50	53	127	0.413386	42.2033	DGW	PDGWA	PDGWA
T028	15	P24011	swissprot_n1	56	356	0.155899	35.0452	AVV	VAVVS	VAVVS
T028	16	Q9ZZU1	swissprot_n1	127	379	0.333773	30.4695	TAF	ATAFM	ATAFM
T028	17	B4TVT9	swissprot_n1	64	273	0.232601	29.979	MFW	VMFWR	VMFWR
T028	18	P48926	swissprot_n1	169	175	0.962857	25.6587	IME	VIMEV	VIMEV
T028	19	random_UniRef50_UPI003C7C62D2	random_uniref50	225	232	0.967672	23.3616	ALR	FALRR	FALRR
T028	20	random_UniRef50_UPI003FD3D3C0	random_uniref50	71	127	0.555118	23.1515	AAI	AAAIT	AAAIT
T028	21	random_UniRef50_A0ABQ0E1P8	random_uniref50	154	244	0.629098	22.0378	NKR	ANKRT	ANKRT
T028	22	random_UniRef50_UPI003FD3D3C0	random_uniref50	105	127	0.822835	18.6821	RRA	TRRAG	TRRAG
T028	23	random_UniRef50_A0ABQ0E1P8	random_uniref50	155	244	0.633197	4.1399	KRT	NKRTI	NKRTI
T028	24	Q61125	swissprot_n1	246	334	0.73503	3.42286	TRC	RTRCG	RTRCG
T028	25	random_UniRef50_UPI003FD3D3C0	random_uniref50	94	127	0.73622	-0.00620261	GVQ	AGVQT	AGVQT
T028	26	random_UniRef50_UPI003FD3D3C0	random_uniref50	95	127	0.744094	-0.00620261	VQT	GVQTG	GVQTG
T028	27	random_UniRef50_UPI003FD3D3C0	random_uniref50	96	127	0.751969	-0.00620261	QTG	VQTGS	VQTGS
T028	28	random_UniRef50_UPI003FD3D3C0	random_uniref50	97	127	0.759843	-0.00620261	TGS	QTGSA	QTGSA
T028	29	random_UniRef50_UPI003FD3D3C0	random_uniref50	98	127	0.767717	-0.00620261	GSA	TGSAK	TGSAK
T028	30	random_UniRef50_UPI003FD3D3C0	random_uniref50	99	127	0.775591	-0.00620261	SAK	GSAKS	GSAKS
T028	31	random_UniRef50_UPI003FD3D3C0	random_uniref50	100	127	0.783465	-0.00620261	AKS	SAKSG	SAKSG
T028	32	random_UniRef50_UPI003FD3D3C0	random_uniref50	101	127	0.791339	-0.00620261	KSG	AKSGT	AKSGT
T028	33	random_UniRef50_UPI003FD3D3C0	random_uniref50	86	127	0.673228	-0.00620261	LTS	FLTSI	FLTSI
T028	34	random_UniRef50_UPI003FD3D3C0	random_uniref50	87	127	0.681102	-0.00620261	TSI	LTSIG	LTSIG
T028	35	random_UniRef50_UPI003FD3D3C0	random_uniref50	88	127	0.688976	-0.00620261	SIG	TSIGL	TSIGL
T028	36	random_UniRef50_UPI003FD3D3C0	random_uniref50	89	127	0.69685	-0.00620261	IGL	SIGLG	SIGLG
T028	37	random_UniRef50_UPI003FD3D3C0	random_uniref50	90	127	0.704724	-0.00620261	GLG	IGLGA	IGLGA
T028	38	random_UniRef50_UPI003FD3D3C0	random_uniref50	91	127	0.712598	-0.00620261	LGA	GLGAG	GLGAG
T028	39	random_UniRef50_UPI003FD3D3C0	random_uniref50	92	127	0.720472	-0.00620261	GAG	LGAGV	LGAGV
T028	40	random_UniRef50_UPI003FD3D3C0	random_uniref50	93	127	0.728346	-0.00620261	AGV	GAGVQ	GAGVQ
T028	41	random_UniRef50_UPI003FD3D3C0	random_uniref50	78	127	0.610236	-0.00620261	ALA	MALAR	MALAR
T028	42	random_UniRef50_UPI003FD3D3C0	random_uniref50	79	127	0.61811	-0.00620261	LAR	ALARA	ALARA
T028	43	random_UniRef50_UPI003FD3D3C0	random_uniref50	80	127	0.625984	-0.00620261	ARA	LARAQ	LARAQ
T028	44	random_UniRef50_UPI003FD3D3C0	random_uniref50	81	127	0.633858	-0.00620261	RAQ	ARAQG	ARAQG
T028	45	random_UniRef50_UPI003FD3D3C0	random_uniref50	82	127	0.641732	-0.00620261	AQG	RAQGF	RAQGF
T028	46	random_UniRef50_UPI003FD3D3C0	random_uniref50	83	127	0.649606	-0.00620261	QGF	AQGFL	AQGFL
T028	47	random_UniRef50_UPI003FD3D3C0	random_uniref50	84	127	0.65748	-0.00620261	GFL	QGFLT	QGFLT
T028	48	random_UniRef50_UPI003FD3D3C0	random_uniref50	85	127	0.665354	-0.00620261	FLT	GFLTS	GFLTS
T028	49	random_UniRef50_UPI003FD3D3C0	random_uniref50	70	127	0.547244	-0.00620261	AAA	LAAAI	LAAAI
T028	50	random_UniRef50_UPI003FD3D3C0	random_uniref50	72	127	0.562992	-0.00620261	AIT	AAITR	AAITR
T028	51	random_UniRef50_UPI003FD3D3C0	random_uniref50	73	127	0.570866	-0.00620261	ITR	AITRV	AITRV
T028	52	random_UniRef50_UPI003FD3D3C0	random_uniref50	74	127	0.57874	-0.00620261	TRV	ITRVM	ITRVM
T028	53	random_UniRef50_UPI003FD3D3C0	random_uniref50	75	127	0.586614	-0.00620261	RVM	TRVMA	TRVMA
T028	54	random_UniRef50_UPI003FD3D3C0	random_uniref50	76	127	0.594488	-0.00620261	VMA	RVMAL	RVMAL
T028	55	random_UniRef50_UPI003FD3D3C0	random_uniref50	77	127	0.602362	-0.00620261	MAL	VMALA	VMALA
T028	56	P0AAH0	swissprot_n1	27	257	0.103113	-0.00620261	LKN	ALKNI	ALKNI
T028	57	P0AAH0	swissprot_n1	28	257	0.107004	-0.00620261	KNI	LKNIN	LKNIN
T028	58	P0AAH0	swissprot_n1	29	257	0.110895	-0.00620261	NIN	KNINL	KNINL
T028	59	P0AAH0	swissprot_n1	30	257	0.114786	-0.00620261	INL	NINLD	NINLD
T028	60	P0AAH0	swissprot_n1	31	257	0.118677	-0.00620261	NLD	INLDI	INLDI
T028	61	P0AAH0	swissprot_n1	32	257	0.122568	-0.00620261	LDI	NLDIA	NLDIA
T028	62	P0AAH0	swissprot_n1	33	257	0.126459	-0.00620261	DIA	LDIAK	LDIAK
T028	63	P0AAH0	swissprot_n1	34	257	0.13035	-0.00620261	IAK	DIAKN	DIAKN
T028	64	P0AAH0	swissprot_n1	19	257	0.0719844	-0.00620261	FYY	NFYYG	NFYYG
T028	65	P0AAH0	swissprot_n1	20	257	0.0758755	-0.00620261	YYG	FYYGK	FYYGK
T028	66	P0AAH0	swissprot_n1	21	257	0.0797665	-0.00620261	YGK	YYGKF	YYGKF
T028	67	P0AAH0	swissprot_n1	22	257	0.0836576	-0.00620261	GKF	YGKFH	YGKFH
T028	68	P0AAH0	swissprot_n1	23	257	0.0875486	-0.00620261	KFH	GKFHA	GKFHA
T028	69	P0AAH0	swissprot_n1	24	257	0.0914397	-0.00620261	FHA	KFHAL	KFHAL
T028	70	P0AAH0	swissprot_n1	25	257	0.0953307	-0.00620261	HAL	FHALK	FHALK
T028	71	P0AAH0	swissprot_n1	26	257	0.0992218	-0.00620261	ALK	HALKN	HALKN
T028	72	P0AAH0	swissprot_n1	11	257	0.040856	-0.00620261	KIQ	SKIQV	SKIQV
T028	73	P0AAH0	swissprot_n1	12	257	0.0447471	-0.00620261	IQV	KIQVR	KIQVR
T028	74	P0AAH0	swissprot_n1	13	257	0.0486381	-0.00620261	QVR	IQVRN	IQVRN
T028	75	P0AAH0	swissprot_n1	14	257	0.0525292	-0.00620261	VRN	QVRNL	QVRNL
T028	76	P0AAH0	swissprot_n1	15	257	0.0564202	-0.00620261	RNL	VRNLN	VRNLN
T028	77	P0AAH0	swissprot_n1	16	257	0.0603113	-0.00620261	NLN	RNLNF	RNLNF
T028	78	P0AAH0	swissprot_n1	17	257	0.0642023	-0.00620261	LNF	NLNFY	NLNFY
T028	79	P0AAH0	swissprot_n1	18	257	0.0680934	-0.00620261	NFY	LNFYY	LNFYY
T028	80	random_UniRef50_UPI003FD3D3C0	random_uniref50	102	127	0.799213	-0.00620261	SGT	KSGTR	KSGTR
T028	81	P0AAH0	swissprot_n1	4	257	0.0136187	-0.00620261	MVE	SMVET	SMVET
T028	82	P0AAH0	swissprot_n1	5	257	0.0175097	-0.00620261	VET	MVETA	MVETA
T028	83	P0AAH0	swissprot_n1	6	257	0.0214008	-0.00620261	ETA	VETAP	VETAP
T028	84	P0AAH0	swissprot_n1	7	257	0.0252918	-0.00620261	TAP	ETAPS	ETAPS
T028	85	P0AAH0	swissprot_n1	8	257	0.0291829	-0.00620261	APS	TAPSK	TAPSK
T028	86	P0AAH0	swissprot_n1	9	257	0.0330739	-0.00620261	PSK	APSKI	APSKI
T028	87	P0AAH0	swissprot_n1	10	257	0.036965	-0.00620261	SKI	PSKIQ	PSKIQ
T028	88	P0AAH0	swissprot_n1	91	257	0.35214	-0.00620261	RAK	LRAKV	LRAKV
T028	89	P0AAH0	swissprot_n1	92	257	0.356031	-0.00620261	AKV	RAKVG	RAKVG
T028	90	P0AAH0	swissprot_n1	93	257	0.359922	-0.00620261	KVG	AKVGM	AKVGM
T028	91	P0AAH0	swissprot_n1	94	257	0.363813	-0.00620261	VGM	KVGMV	KVGMV
T028	92	P0AAH0	swissprot_n1	95	257	0.367704	-0.00620261	GMV	VGMVF	VGMVF
T028	93	P0AAH0	swissprot_n1	96	257	0.371595	-0.00620261	MVF	GMVFQ	GMVFQ
T028	94	P0AAH0	swissprot_n1	97	257	0.375486	-0.00620261	VFQ	MVFQK	MVFQK
T028	95	P0AAH0	swissprot_n1	98	257	0.379377	-0.00620261	FQK	VFQKP	VFQKP
T028	96	P0AAH0	swissprot_n1	83	257	0.321012	-0.00620261	NSQ	TNSQD	TNSQD
T028	97	P0AAH0	swissprot_n1	84	257	0.324903	-0.00620261	SQD	NSQDI	NSQDI
T028	98	P0AAH0	swissprot_n1	85	257	0.328794	-0.00620261	QDI	SQDIA	SQDIA
T028	99	P0AAH0	swissprot_n1	86	257	0.332685	-0.00620261	DIA	QDIAL	QDIAL
T028	100	P0AAH0	swissprot_n1	87	257	0.336576	-0.00620261	IAL	DIALL	DIALL
T029	1	random_UniRef50_UPI000BEFCD6D	random_uniref50	47	82	0.567073	130.492	NFL	KNFLR	KNFLR
T029	2	P97477	swissprot_n1	229	395	0.578481	68.439	ITE	YITEL	YITEL
T029	3	P97477	swissprot_n1	238	395	0.601266	67.9822	YCH	SYCHS	SYCHS
T029	4	P97477	swissprot_n1	228	395	0.575949	65.0237	YIT	TYITE	TYITE
T029	5	P97477	swissprot_n1	191	395	0.482278	41.9045	YFH	GYFHD	GYFHD
T029	6	Q5ZHX1	swissprot_n1	125	184	0.67663	25.7536	RVV	ERVVG	ERVVG
T029	7	Q5ZHX1	swissprot_n1	127	184	0.6875	25.7536	VGK	VVGKE	VVGKE
T029	8	Q5ZHX1	swissprot_n1	126	184	0.682065	25.7536	VVG	RVVGK	RVVGK
T029	9	P97477	swissprot_n1	126	395	0.317722	24.0826	DIG	FDIGR	FDIGR
T029	10	Q5ZHX1	swissprot_n1	123	184	0.665761	22.3065	DER	EDERV	EDERV
T029	11	Q5ZHX1	swissprot_n1	124	184	0.671196	22.3065	ERV	DERVV	DERVV
T029	12	Q5ZHX1	swissprot_n1	122	184	0.660326	22.3065	EDE	LEDER	LEDER
T029	13	Q5ZHX1	swissprot_n1	120	184	0.649457	19.3032	DLE	CDLED	CDLED
T029	14	Q5ZHX1	swissprot_n1	119	184	0.644022	19.3032	CDL	KCDLE	KCDLE
T029	15	Q5ZHX1	swissprot_n1	118	184	0.638587	19.3032	KCD	NKCDL	NKCDL
T029	16	Q5ZHX1	swissprot_n1	121	184	0.654891	19.3032	LED	DLEDE	DLEDE
T029	17	P97477	swissprot_n1	232	395	0.586076	18.7597	LAN	ELANA	ELANA
T029	18	Q5ZHX1	swissprot_n1	128	184	0.692935	17.6043	GKE	VGKEQ	VGKEQ
T029	19	Q5ZHX1	swissprot_n1	129	184	0.69837	17.6043	KEQ	GKEQG	GKEQG
T029	20	Q5ZHX1	swissprot_n1	131	184	0.709239	17.6043	QGQ	EQGQN	EQGQN
T029	21	Q5ZHX1	swissprot_n1	130	184	0.703804	17.6043	EQG	KEQGQ	KEQGQ
T029	22	P24011	swissprot_n1	349	356	0.978933	15.1392	LKG	YLKGL	YLKGL
T029	23	Q5ZHX1	swissprot_n1	152	184	0.82337	14.974	KIN	SKINV	SKINV
T029	24	Q5ZHX1	swissprot_n1	153	184	0.828804	14.974	INV	KINVN	KINVN
T029	25	Q10355	swissprot_n1	98	219	0.445205	14.6352	SRP	GSRPV	GSRPV
T029	26	Q10355	swissprot_n1	99	219	0.449772	14.6352	RPV	SRPVK	SRPVK
T029	27	Q10355	swissprot_n1	104	219	0.472603	13.8419	SRA	LSRAT	LSRAT
T029	28	Q10355	swissprot_n1	103	219	0.468037	13.8419	LSR	KLSRA	KLSRA
T029	29	Q5M9P8	swissprot_n1	136	186	0.728495	12.7299	RDA	LRDAL	LRDAL
T029	30	Q5M9P8	swissprot_n1	135	186	0.723118	12.7299	LRD	DLRDA	DLRDA
T029	31	Q5M9P8	swissprot_n1	134	186	0.717742	12.7299	DLR	MDLRD	MDLRD
T029	32	Q5M9P8	swissprot_n1	133	186	0.712366	12.7299	MDL	KMDLR	KMDLR
T029	33	P24011	swissprot_n1	88	356	0.245787	12.2276	FLE	KFLEI	KFLEI
T029	34	Q10355	swissprot_n1	101	219	0.458904	12.1557	VKL	PVKLS	PVKLS
T029	35	Q10355	swissprot_n1	102	219	0.46347	12.1557	KLS	VKLSR	VKLSR
T029	36	Q10355	swissprot_n1	100	219	0.454338	12.1557	PVK	RPVKL	RPVKL
T029	37	Q5FKG6	swissprot_n1	159	320	0.495313	12.1053	SSH	ASSHH	ASSHH
T029	38	Q10355	swissprot_n1	107	219	0.486301	11.4026	TSD	ATSDV	ATSDV
T029	39	Q10355	swissprot_n1	106	219	0.481735	11.4026	ATS	RATSD	RATSD
T029	40	Q10355	swissprot_n1	105	219	0.477169	11.4026	RAT	SRATS	SRATS
T029	41	Q10355	swissprot_n1	108	219	0.490868	11.4026	SDV	TSDVK	TSDVK
T029	42	Q5ZHX1	swissprot_n1	148	184	0.80163	11.182	SAK	SSAKS	SSAKS
T029	43	Q5ZHX1	swissprot_n1	150	184	0.8125	11.182	KSK	AKSKI	AKSKI
T029	44	Q5ZHX1	swissprot_n1	149	184	0.807065	11.182	AKS	SAKSK	SAKSK
T029	45	Q5ZHX1	swissprot_n1	151	184	0.817935	11.182	SKI	KSKIN	KSKIN
T029	46	P24011	swissprot_n1	346	356	0.970506	10.5905	YEY	LYEYL	LYEYL
T029	47	Q9BIG5	swissprot_n1	281	359	0.781337	10.4275	RIR	ERIRY	ERIRY
T029	48	Q9BIG5	swissprot_n1	280	359	0.778552	10.4275	ERI	EERIR	EERIR
T029	49	Q9BIG5	swissprot_n1	282	359	0.784123	10.4275	IRY	RIRYT	RIRYT
T029	50	Q5ZHX1	swissprot_n1	147	184	0.796196	9.83419	SSA	ESSAK	ESSAK
T029	51	Q5ZHX1	swissprot_n1	146	184	0.790761	9.83419	ESS	LESSA	LESSA
T029	52	Q10355	swissprot_n1	94	219	0.426941	9.5822	KYI	GKYIG	GKYIG
T029	53	Q10355	swissprot_n1	93	219	0.422374	9.5822	GKY	NGKYI	NGKYI
T029	54	Q10355	swissprot_n1	90	219	0.408676	9.14249	EKN	REKNG	REKNG
T029	55	Q10355	swissprot_n1	92	219	0.417808	9.14249	NGK	KNGKY	KNGKY
T029	56	Q10355	swissprot_n1	91	219	0.413242	9.14249	KNG	EKNGK	EKNGK
T029	57	Q10355	swissprot_n1	121	219	0.550228	8.98071	DSK	IDSKI	IDSKI
T029	58	Q10355	swissprot_n1	122	219	0.554795	8.98071	SKI	DSKIR	DSKIR
T029	59	Q10355	swissprot_n1	123	219	0.559361	8.98071	KIR	SKIRN	SKIRN
T029	60	Q10355	swissprot_n1	124	219	0.563927	8.98071	IRN	KIRNS	KIRNS
T029	61	Q10355	swissprot_n1	115	219	0.522831	8.71424	VNE	EVNEK	EVNEK
T029	62	Q10355	swissprot_n1	114	219	0.518265	8.71424	EVN	NEVNE	NEVNE
T029	63	Q10355	swissprot_n1	116	219	0.527397	8.71424	NEK	VNEKT	VNEKT
T029	64	Q9BIG5	swissprot_n1	278	359	0.772981	8.47449	FEE	IFEER	IFEER
T029	65	Q9BIG5	swissprot_n1	279	359	0.775766	8.47449	EER	FEERI	FEERI
T029	66	Q9BIG5	swissprot_n1	277	359	0.770195	8.47449	IFE	DIFEE	DIFEE
T029	67	Q9BIG5	swissprot_n1	276	359	0.767409	8.47449	DIF	MDIFE	MDIFE
T029	68	Q10355	swissprot_n1	109	219	0.495434	8.40502	DVK	SDVKP	SDVKP
T029	69	Q10355	swissprot_n1	111	219	0.504566	8.40502	KPN	VKPNE	VKPNE
T029	70	Q10355	swissprot_n1	110	219	0.5	8.40502	VKP	DVKPN	DVKPN
T029	71	Q5M9P8	swissprot_n1	164	186	0.879032	8.38243	DAV	SDAVK	SDAVK
T029	72	Q5M9P8	swissprot_n1	165	186	0.884409	8.38243	AVK	DAVKG	DAVKG
T029	73	Q5M9P8	swissprot_n1	166	186	0.889785	8.38243	VKG	AVKGE	AVKGE
T029	74	Q5M9P8	swissprot_n1	167	186	0.895161	8.38243	KGE	VKGEG	VKGEG
T029	75	Q10355	swissprot_n1	95	219	0.431507	8.23711	YIG	KYIGS	KYIGS
T029	76	Q10355	swissprot_n1	97	219	0.440639	8.23711	GSR	IGSRP	IGSRP
T029	77	Q10355	swissprot_n1	96	219	0.436073	8.23711	IGS	YIGSR	YIGSR
T029	78	O03848	swissprot_n1	160	230	0.693478	7.71688	VLH	DVLHS	DVLHS
T029	79	E0CPH4	swissprot_n1	14	226	0.0597345	7.61462	NST	ENSTN	ENSTN
T029	80	E0CPH4	swissprot_n1	13	226	0.0553097	7.61462	ENS	IENST	IENST
T029	81	E0CPH4	swissprot_n1	16	226	0.0685841	7.61462	TNR	STNRQ	STNRQ
T029	82	E0CPH4	swissprot_n1	15	226	0.0641593	7.61462	STN	NSTNR	NSTNR
T029	83	random_UniRef50_UPI000BEFCD6D	random_uniref50	73	82	0.884146	7.40738	FLH	DFLHE	DFLHE
T029	84	Q5ZHX1	swissprot_n1	134	184	0.725543	7.40132	NLA	QNLAR	QNLAR
T029	85	Q5ZHX1	swissprot_n1	133	184	0.720109	7.40132	QNL	GQNLA	GQNLA
T029	86	Q5ZHX1	swissprot_n1	132	184	0.714674	7.40132	GQN	QGQNL	QGQNL
T029	87	Q10355	swissprot_n1	89	219	0.40411	7.39885	REK	WREKN	WREKN
T029	88	Q10355	swissprot_n1	88	219	0.399543	7.39885	WRE	AWREK	AWREK
T029	89	P97477	swissprot_n1	192	395	0.48481	6.83013	FHD	YFHDA	YFHDA
T029	90	P97477	swissprot_n1	170	395	0.429114	6.77237	LRR	QLRRE	QLRRE
T029	91	P97477	swissprot_n1	171	395	0.431646	6.77237	RRE	LRREV	LRREV
T029	92	P97477	swissprot_n1	172	395	0.434177	6.77237	REV	RREVE	RREVE
T029	93	Q5ZHX1	swissprot_n1	154	184	0.834239	6.71993	NVN	INVNE	INVNE
T029	94	Q5ZHX1	swissprot_n1	156	184	0.845109	6.71993	NEI	VNEIF	VNEIF
T029	95	Q5ZHX1	swissprot_n1	155	184	0.839674	6.71993	VNE	NVNEI	NVNEI
T029	96	Q10355	swissprot_n1	112	219	0.509132	6.60482	PNE	KPNEV	KPNEV
T029	97	Q10355	swissprot_n1	113	219	0.513699	6.60482	NEV	PNEVN	PNEVN
T029	98	Q10355	swissprot_n1	82	219	0.372146	6.46257	DQF	SDQFL	SDQFL
T029	99	Q10355	swissprot_n1	81	219	0.36758	6.46257	SDQ	DSDQF	DSDQF
T029	100	Q9IAX9	swissprot_n1	152	294	0.515306	6.43842	TKQ	RTKQK	RTKQK
T030	1	Q6DV14	swissprot_n1	43	199	0.213568	71.9331	FFY	LFFYP	LFFYP
T030	2	Q6DV14	swissprot_n1	42	199	0.208543	58.1213	LFF	VLFFY	VLFFY
T030	3	real_D4ANU4_3.2.1.17	real_lysozyme	66	235	0.278723	56.7807	FKS	TFKSS	TFKSS
T030	4	A5IKG7	swissprot_n1	43	150	0.283333	56.2923	FKD	NFKDS	NFKDS
T030	5	Q13MI0	swissprot_n1	111	372	0.297043	55.3847	FRA	TFRAG	TFRAG
T030	6	Q03KJ1	swissprot_n1	58	119	0.483193	44.1627	FRK	DFRKL	DFRKL
T030	7	Q6DV14	swissprot_n1	40	199	0.198492	43.2359	VVL	YVVLF	YVVLF
T030	8	Q6DV14	swissprot_n1	44	199	0.218593	40.0534	FYP	FFYPL	FFYPL
T030	9	B4E5L4	swissprot_n1	48	162	0.29321	39.2361	FRG	RFRGL	RFRGL
T030	10	P70870	swissprot_n1	42	326	0.127301	38.2881	FKK	AFKKS	AFKKS
T030	11	Q6DV14	swissprot_n1	67	199	0.334171	35.3065	FRK	EFRKI	EFRKI
T030	12	Q6DV14	swissprot_n1	41	199	0.203518	35.0831	VLF	VVLFF	VVLFF
T030	13	real_D4ANU4_3.2.1.17	real_lysozyme	83	235	0.351064	32.56	FIR	KFIRG	KFIRG
T030	14	real_D4ANU4_3.2.1.17	real_lysozyme	57	235	0.240426	28.5787	MIK	VMIKA	VMIKA
T030	15	Q6DV14	swissprot_n1	38	199	0.188442	28.1396	KYV	GKYVV	GKYVV
T030	16	real_D4ANU4_3.2.1.17	real_lysozyme	55	235	0.231915	26.5128	FVM	RFVMI	RFVMI
T030	17	Q6DV14	swissprot_n1	39	199	0.193467	25.6423	YVV	KYVVL	KYVVL
T030	18	real_D4ANU4_3.2.1.17	real_lysozyme	54	235	0.22766	24.7643	RFV	ARFVM	ARFVM
T030	19	real_D4ANU4_3.2.1.17	real_lysozyme	56	235	0.23617	24.0355	VMI	FVMIK	FVMIK
T030	20	Q10355	swissprot_n1	31	219	0.139269	23.4111	FRL	HFRLF	HFRLF
T030	21	C0REH1	swissprot_n1	112	207	0.538647	22.599	FKN	HFKNE	HFKNE
T030	22	real_D4ANU4_3.2.1.17	real_lysozyme	58	235	0.244681	19.2599	IKA	MIKAT	MIKAT
T030	23	real_D4ANU4_3.2.1.17	real_lysozyme	59	235	0.248936	13.5543	KAT	IKATE	IKATE
T030	24	Q9LE63	swissprot_n1	71	345	0.204348	13.3868	FTV	KFTVQ	KFTVQ
T030	25	Q6DV14	swissprot_n1	37	199	0.183417	12.2064	GKY	KGKYV	KGKYV
T030	26	Q5M9P8	swissprot_n1	92	186	0.491935	9.86497	IFV	IIFVI	IIFVI
T030	27	real_D4ANU4_3.2.1.17	real_lysozyme	52	235	0.219149	9.29482	GAR	GGARF	GGARF
T030	28	real_D4ANU4_3.2.1.17	real_lysozyme	50	235	0.210638	9.29482	NGG	YNGGA	YNGGA
T030	29	real_D4ANU4_3.2.1.17	real_lysozyme	51	235	0.214894	9.29482	GGA	NGGAR	NGGAR
T030	30	real_D4ANU4_3.2.1.17	real_lysozyme	53	235	0.223404	9.29482	ARF	GARFV	GARFV
T030	31	Q5M9P8	swissprot_n1	91	186	0.486559	9.20145	IIF	AIIFV	AIIFV
T030	32	real_D4ANU4_3.2.1.17	real_lysozyme	45	235	0.189362	8.65673	FRA	DFRAA	DFRAA
T030	33	real_D4ANU4_3.2.1.17	real_lysozyme	125	235	0.529787	8.45744	EGT	LEGTS	LEGTS
T030	34	real_D4ANU4_3.2.1.17	real_lysozyme	124	235	0.525532	8.45744	LEG	DLEGT	DLEGT
T030	35	real_D4ANU4_3.2.1.17	real_lysozyme	123	235	0.521277	8.45744	DLE	IDLEG	IDLEG
T030	36	real_D4ANU4_3.2.1.17	real_lysozyme	122	235	0.517021	8.45744	IDL	MIDLE	MIDLE
T030	37	Q0BB53	swissprot_n1	175	229	0.762009	8.31711	FVR	EFVRF	EFVRF
T030	38	Q0BB53	swissprot_n1	176	229	0.766376	8.31711	VRF	FVRFS	FVRFS
T030	39	Q0BB53	swissprot_n1	174	229	0.757642	8.31711	EFV	NEFVR	NEFVR
T030	40	Q0BB53	swissprot_n1	71	229	0.30786	8.18351	RPR	QRPRN	QRPRN
T030	41	Q0BB53	swissprot_n1	69	229	0.299127	8.18351	DQR	EDQRP	EDQRP
T030	42	Q0BB53	swissprot_n1	70	229	0.303493	8.18351	QRP	DQRPR	DQRPR
T030	43	Q9BIG5	swissprot_n1	226	359	0.628134	7.59114	IFC	VIFCV	VIFCV
T030	44	real_D4ANU4_3.2.1.17	real_lysozyme	129	235	0.546808	7.47609	GKP	SGKPK	SGKPK
T030	45	real_D4ANU4_3.2.1.17	real_lysozyme	130	235	0.551064	7.47609	KPK	GKPKC	GKPKC
T030	46	Q0BB53	swissprot_n1	205	229	0.893013	7.35395	YSS	EYSSK	EYSSK
T030	47	Q0BB53	swissprot_n1	204	229	0.888646	7.35395	EYS	IEYSS	IEYSS
T030	48	Q0BB53	swissprot_n1	206	229	0.89738	7.35395	SSK	YSSKG	YSSKG
T030	49	Q0BB53	swissprot_n1	213	229	0.927948	7.11801	EAE	NEAET	NEAET
T030	50	Q0BB53	swissprot_n1	214	229	0.932314	7.11801	AET	EAETM	EAETM
T030	51	Q0BB53	swissprot_n1	203	229	0.884279	7.03065	IEY	KIEYS	KIEYS
T030	52	Q0BB53	swissprot_n1	202	229	0.879913	7.03065	KIE	AKIEY	AKIEY
T030	53	Q0BB53	swissprot_n1	201	229	0.875546	7.03065	AKI	DAKIE	DAKIE
T030	54	Q0BB53	swissprot_n1	200	229	0.871179	7.03065	DAK	ADAKI	ADAKI
T030	55	real_D4ANU4_3.2.1.17	real_lysozyme	63	235	0.265957	6.94826	GTT	EGTTF	EGTTF
T030	56	real_D4ANU4_3.2.1.17	real_lysozyme	64	235	0.270213	6.94826	TTF	GTTFK	GTTFK
T030	57	Q0BB53	swissprot_n1	209	229	0.91048	6.85664	GYI	KGYIN	KGYIN
T030	58	Q0BB53	swissprot_n1	207	229	0.901747	6.85664	SKG	SSKGY	SSKGY
T030	59	Q0BB53	swissprot_n1	208	229	0.906114	6.85664	KGY	SKGYI	SKGYI
T030	60	real_D4ANU4_3.2.1.17	real_lysozyme	223	235	0.946809	6.71289	NGG	FNGGM	FNGGM
T030	61	real_D4ANU4_3.2.1.17	real_lysozyme	222	235	0.942553	6.71289	FNG	IFNGG	IFNGG
T030	62	real_D4ANU4_3.2.1.17	real_lysozyme	224	235	0.951064	6.71289	GGM	NGGMD	NGGMD
T030	63	real_D4ANU4_3.2.1.17	real_lysozyme	117	235	0.495745	6.7096	TLP	ITLPG	ITLPG
T030	64	real_D4ANU4_3.2.1.17	real_lysozyme	116	235	0.491489	6.7096	ITL	GITLP	GITLP
T030	65	real_D4ANU4_3.2.1.17	real_lysozyme	115	235	0.487234	6.7096	GIT	DGITL	DGITL
T030	66	Q0BB53	swissprot_n1	167	229	0.727074	6.65969	MLI	QMLIN	QMLIN
T030	67	Q0BB53	swissprot_n1	165	229	0.718341	6.65969	KQM	EKQML	EKQML
T030	68	Q0BB53	swissprot_n1	164	229	0.713974	6.65969	EKQ	GEKQM	GEKQM
T030	69	Q0BB53	swissprot_n1	166	229	0.722707	6.65969	QML	KQMLI	KQMLI
T030	70	real_D4ANU4_3.2.1.17	real_lysozyme	131	235	0.555319	6.64892	PKC	KPKCY	KPKCY
T030	71	real_D4ANU4_3.2.1.17	real_lysozyme	132	235	0.559574	6.64892	KCY	PKCYG	PKCYG
T030	72	real_D4ANU4_3.2.1.17	real_lysozyme	44	235	0.185106	6.56909	DFR	VDFRA	VDFRA
T030	73	Q0BB53	swissprot_n1	211	229	0.919214	6.56111	INE	YINEA	YINEA
T030	74	Q0BB53	swissprot_n1	210	229	0.914847	6.56111	YIN	GYINE	GYINE
T030	75	Q0BB53	swissprot_n1	212	229	0.923581	6.56111	NEA	INEAE	INEAE
T030	76	real_D4ANU4_3.2.1.17	real_lysozyme	65	235	0.274468	6.53751	TFK	TTFKS	TTFKS
T030	77	real_D4ANU4_3.2.1.17	real_lysozyme	67	235	0.282979	6.53751	KSS	FKSST	FKSST
T030	78	real_D4ANU4_3.2.1.17	real_lysozyme	68	235	0.287234	6.53751	SST	KSSTF	KSSTF
T030	79	real_D4ANU4_3.2.1.17	real_lysozyme	160	235	0.678723	6.48345	PMI	YPMIY	YPMIY
T030	80	real_D4ANU4_3.2.1.17	real_lysozyme	159	235	0.674468	6.48345	YPM	RYPMI	RYPMI
T030	81	real_D4ANU4_3.2.1.17	real_lysozyme	153	235	0.648936	6.41191	NAK	YNAKT	YNAKT
T030	82	real_D4ANU4_3.2.1.17	real_lysozyme	154	235	0.653192	6.41191	AKT	NAKTG	NAKTG
T030	83	real_D4ANU4_3.2.1.17	real_lysozyme	152	235	0.644681	6.41191	YNA	RYNAK	RYNAK
T030	84	Q02IQ1	swissprot_n1	171	369	0.46206	6.34929	IPA	RIPAG	RIPAG
T030	85	Q02IQ1	swissprot_n1	169	369	0.45664	6.34929	GRI	AGRIP	AGRIP
T030	86	Q02IQ1	swissprot_n1	170	369	0.45935	6.34929	RIP	GRIPA	GRIPA
T030	87	real_D4ANU4_3.2.1.17	real_lysozyme	198	235	0.840426	6.30878	PGG	PPGGW	PPGGW
T030	88	real_D4ANU4_3.2.1.17	real_lysozyme	197	235	0.83617	6.30878	PPG	TPPGG	TPPGG
T030	89	real_D4ANU4_3.2.1.17	real_lysozyme	199	235	0.844681	6.30878	GGW	PGGWP	PGGWP
T030	90	Q0BB53	swissprot_n1	185	229	0.805677	6.27516	NTI	PNTIS	PNTIS
T030	91	Q0BB53	swissprot_n1	184	229	0.80131	6.27516	PNT	NPNTI	NPNTI
T030	92	Q0BB53	swissprot_n1	186	229	0.810044	6.27516	TIS	NTISG	NTISG
T030	93	Q0BB53	swissprot_n1	160	229	0.696507	6.27253	VVS	LVVSG	LVVSG
T030	94	Q0BB53	swissprot_n1	159	229	0.69214	6.27253	LVV	NLVVS	NLVVS
T030	95	Q0BB53	swissprot_n1	158	229	0.687773	6.27253	NLV	GNLVV	GNLVV
T030	96	Q0BB53	swissprot_n1	157	229	0.683406	6.27253	GNL	NGNLV	NGNLV
T030	97	real_D4ANU4_3.2.1.17	real_lysozyme	120	235	0.508511	6.26551	GMI	PGMID	PGMID
T030	98	real_D4ANU4_3.2.1.17	real_lysozyme	121	235	0.512766	6.26551	MID	GMIDL	GMIDL
T030	99	real_D4ANU4_3.2.1.17	real_lysozyme	136	235	0.576596	6.26268	LSA	GLSAS	GLSAS
T030	100	real_D4ANU4_3.2.1.17	real_lysozyme	133	235	0.56383	6.26268	CYG	KCYGL	KCYGL
T031	1	random_UniRef50_A0A1B6G461	random_uniref50	125	235	0.529787	163.361	SPV	PSPVS	PSPVS
T031	2	random_UniRef50_A0A1B6G461	random_uniref50	68	235	0.287234	122.91	SPT	PSPTS	PSPTS
T031	3	random_UniRef50_A0A1B6G461	random_uniref50	32	235	0.134043	107.625	SPA	PSPAG	PSPAG
T031	4	random_UniRef50_A0A1B6G461	random_uniref50	228	235	0.968085	35.7926	SPT	PSPTP	PSPTP
T031	5	A5UAH8	swissprot_n1	317	335	0.944776	34.5755	RGR	PRGRI	PRGRI
T031	6	B2K2P8	swissprot_n1	12	209	0.0550239	32.9326	SRW	SSRWL	SSRWL
T031	7	Q8XU95	swissprot_n1	169	377	0.44695	29.7979	SPF	SSPFV	SSPFV
T031	8	random_UniRef50_A0A1B6G461	random_uniref50	40	235	0.168085	29.1142	SST	SSSTA	SSSTA
T031	9	A8LX76	swissprot_n1	68	226	0.298673	25.3702	SRL	RSRLE	RSRLE
T031	10	random_UniRef50_A0A1B6G461	random_uniref50	123	235	0.521277	25.1257	SPS	RSPSP	RSPSP
T031	11	Q5WEB9	swissprot_n1	35	200	0.1725	24.1233	GQH	PGQHG	PGQHG
T031	12	random_UniRef50_A0A1B6G461	random_uniref50	66	235	0.278723	22.947	SPS	RSPSP	RSPSP
T031	13	Q8YP64	swissprot_n1	84	105	0.795238	22.6055	SSK	PSSKT	PSSKT
T031	14	Q4RSW7	swissprot_n1	65	188	0.343085	21.4277	SPT	QSPTW	QSPTW
T031	15	random_UniRef50_A0A1B6G461	random_uniref50	161	235	0.682979	20.198	SPQ	KSPQP	KSPQP
T031	16	random_UniRef50_A0A1B6G461	random_uniref50	55	235	0.231915	19.252	SPD	FSPDN	FSPDN
T031	17	A8LX76	swissprot_n1	55	226	0.24115	18.6594	EEA	DEEAA	DEEAA
T031	18	A8LX76	swissprot_n1	52	226	0.227876	18.6594	DED	DDEDE	DDEDE
T031	19	A8LX76	swissprot_n1	51	226	0.223451	18.6594	DDE	EDDED	EDDED
T031	20	A8LX76	swissprot_n1	54	226	0.236726	18.6594	DEE	EDEEA	EDEEA
T031	21	A8LX76	swissprot_n1	53	226	0.232301	18.6594	EDE	DEDEE	DEDEE
T031	22	random_UniRef50_A0A1B6G461	random_uniref50	117	235	0.495745	15.3413	SPP	RSPPP	RSPPP
T031	23	P18846	swissprot_n1	51	271	0.186347	14.5746	SSQ	GSSQK	GSSQK
T031	24	P18846	swissprot_n1	49	271	0.178967	14.5746	IGS	SIGSS	SIGSS
T031	25	P18846	swissprot_n1	50	271	0.182657	14.5746	GSS	IGSSQ	IGSSQ
T031	26	P18846	swissprot_n1	48	271	0.175277	14.5746	SIG	DSIGS	DSIGS
T031	27	A8LX76	swissprot_n1	49	226	0.214602	14.2209	DED	GDEDD	GDEDD
T031	28	A8LX76	swissprot_n1	48	226	0.210177	14.2209	GDE	FGDED	FGDED
T031	29	A8LX76	swissprot_n1	50	226	0.219027	14.2209	EDD	DEDDE	DEDDE
T031	30	A8LX76	swissprot_n1	58	226	0.254425	12.4558	AVP	AAVPR	AAVPR
T031	31	A8LX76	swissprot_n1	57	226	0.25	12.4558	AAV	EAAVP	EAAVP
T031	32	A8LX76	swissprot_n1	59	226	0.25885	12.4558	VPR	AVPRS	AVPRS
T031	33	A8LX76	swissprot_n1	56	226	0.245575	12.4558	EAA	EEAAV	EEAAV
T031	34	Q1LJ86	swissprot_n1	143	273	0.521978	11.8258	CAH	VCAHI	VCAHI
T031	35	random_UniRef50_A0A1B6G461	random_uniref50	45	235	0.189362	11.2842	RQY	VRQYN	VRQYN
T031	36	random_UniRef50_A0A1B6G461	random_uniref50	44	235	0.185106	11.2842	VRQ	AVRQY	AVRQY
T031	37	Q8YP64	swissprot_n1	85	105	0.804762	11.2064	SKT	SSKTI	SSKTI
T031	38	random_UniRef50_A0A5B8MGG3	random_uniref50	91	136	0.665441	10.4665	GRR	RGRRG	RGRRG
T031	39	random_UniRef50_UPI000AA3AD44	random_uniref50	19	89	0.207865	10.4141	PST	GPSTP	GPSTP
T031	40	random_UniRef50_UPI000AA3AD44	random_uniref50	18	89	0.196629	10.4141	GPS	SGPST	SGPST
T031	41	Q9WUQ3	swissprot_n1	56	261	0.212644	10.3208	ASL	TASLL	TASLL
T031	42	Q9WUQ3	swissprot_n1	55	261	0.208812	10.3208	TAS	STASL	STASL
T031	43	Q9WUQ3	swissprot_n1	54	261	0.204981	10.3208	STA	SSTAS	SSTAS
T031	44	random_UniRef50_A0A1B6G461	random_uniref50	54	235	0.22766	10.1823	FSP	DFSPD	DFSPD
T031	45	random_UniRef50_A0A1B6G461	random_uniref50	53	235	0.223404	10.1823	DFS	RDFSP	RDFSP
T031	46	random_UniRef50_A0A1B6G461	random_uniref50	56	235	0.23617	10.1823	PDN	SPDNH	SPDNH
T031	47	random_UniRef50_A0A1B6G461	random_uniref50	50	235	0.210638	10.1729	SNR	YSNRD	YSNRD
T031	48	random_UniRef50_A0A1B6G461	random_uniref50	52	235	0.219149	10.1729	RDF	NRDFS	NRDFS
T031	49	random_UniRef50_A0A1B6G461	random_uniref50	51	235	0.214894	10.1729	NRD	SNRDF	SNRDF
T031	50	A8LX76	swissprot_n1	43	226	0.188053	9.89525	YSE	RYSED	RYSED
T031	51	A8LX76	swissprot_n1	44	226	0.192478	9.89525	SED	YSEDF	YSEDF
T031	52	A8LX76	swissprot_n1	45	226	0.196903	9.89525	EDF	SEDFG	SEDFG
T031	53	A2Z388	swissprot_n1	17	246	0.0670732	9.80065	GAE	SGAES	SGAES
T031	54	A2Z388	swissprot_n1	18	246	0.0711382	9.80065	AES	GAESS	GAESS
T031	55	Q8UVR3	swissprot_n1	368	400	0.91875	9.55544	SDC	LSDCF	LSDCF
T031	56	Q8UVR3	swissprot_n1	367	400	0.91625	9.55544	LSD	SLSDC	SLSDC
T031	57	P18846	swissprot_n1	56	271	0.204797	9.43259	HGI	AHGIL	AHGIL
T031	58	P18846	swissprot_n1	55	271	0.201107	9.43259	AHG	KAHGI	KAHGI
T031	59	P18846	swissprot_n1	54	271	0.197417	9.43259	KAH	QKAHG	QKAHG
T031	60	A2Z388	swissprot_n1	26	246	0.103659	9.36576	GRQ	SGRQQ	SGRQQ
T031	61	A2Z388	swissprot_n1	25	246	0.0995935	9.36576	SGR	SSGRQ	SSGRQ
T031	62	random_UniRef50_A0A1B6G461	random_uniref50	42	235	0.176596	9.26963	TAV	STAVR	STAVR
T031	63	random_UniRef50_A0A1B6G461	random_uniref50	41	235	0.17234	9.26963	STA	SSTAV	SSTAV
T031	64	random_UniRef50_A0A1B6G461	random_uniref50	43	235	0.180851	9.26963	AVR	TAVRQ	TAVRQ
T031	65	Q9Y0B7	swissprot_n1	46	305	0.14918	9.24351	SPV	DSPVT	DSPVT
T031	66	random_UniRef50_A0A1B6G461	random_uniref50	30	235	0.125532	9.20126	SPS	RSPSP	RSPSP
T031	67	random_UniRef50_A0A1B6G461	random_uniref50	31	235	0.129787	9.20126	PSP	SPSPA	SPSPA
T031	68	P18846	swissprot_n1	46	271	0.167897	9.01642	SDS	SSDSI	SSDSI
T031	69	P18846	swissprot_n1	45	271	0.164207	9.01642	SSD	DSSDS	DSSDS
T031	70	P18846	swissprot_n1	44	271	0.160517	9.01642	DSS	QDSSD	QDSSD
T031	71	P18846	swissprot_n1	47	271	0.171587	9.01642	DSI	SDSIG	SDSIG
T031	72	Q42967	swissprot_n1	22	391	0.0549872	8.79479	SPS	TSPSN	TSPSN
T031	73	Q42967	swissprot_n1	23	391	0.0575448	8.79479	PSN	SPSNF	SPSNF
T031	74	Q42967	swissprot_n1	21	391	0.0524297	8.79479	TSP	FTSPS	FTSPS
T031	75	Q42967	swissprot_n1	20	391	0.0498721	8.79479	FTS	AFTSP	AFTSP
T031	76	Q63S31	swissprot_n1	16	229	0.0676856	8.755	PSF	SPSFG	SPSFG
T031	77	Q63S31	swissprot_n1	13	229	0.0545852	8.755	GRS	RGRSP	RGRSP
T031	78	Q63S31	swissprot_n1	14	229	0.058952	8.755	RSP	GRSPS	GRSPS
T031	79	Q63S31	swissprot_n1	15	229	0.0633188	8.755	SPS	RSPSF	RSPSF
T031	80	Q01W95	swissprot_n1	48	276	0.172101	8.73272	GRV	TGRVT	TGRVT
T031	81	Q01W95	swissprot_n1	46	276	0.164855	8.73272	STG	NSTGR	NSTGR
T031	82	Q01W95	swissprot_n1	47	276	0.168478	8.73272	TGR	STGRV	STGRV
T031	83	random_UniRef50_A0A1B6G461	random_uniref50	49	235	0.206383	8.61134	YSN	NYSNR	NYSNR
T031	84	random_UniRef50_A0A1B6G461	random_uniref50	48	235	0.202128	8.61134	NYS	YNYSN	YNYSN
T031	85	A8LX76	swissprot_n1	112	226	0.493363	7.71387	YHT	TYHTR	TYHTR
T031	86	A8LX76	swissprot_n1	113	226	0.497788	7.71387	HTR	YHTRD	YHTRD
T031	87	A8LX76	swissprot_n1	39	226	0.170354	7.63339	RSS	YRSSR	YRSSR
T031	88	A8LX76	swissprot_n1	38	226	0.165929	7.63339	YRS	RYRSS	RYRSS
T031	89	A8LX76	swissprot_n1	40	226	0.174779	7.63339	SSR	RSSRY	RSSRY
T031	90	P18846	swissprot_n1	43	271	0.156827	7.57309	QDS	SQDSS	SQDSS
T031	91	P18846	swissprot_n1	42	271	0.153137	7.57309	SQD	ESQDS	ESQDS
T031	92	A8LX76	swissprot_n1	47	226	0.205752	7.51449	FGD	DFGDE	DFGDE
T031	93	A8LX76	swissprot_n1	46	226	0.201327	7.51449	DFG	EDFGD	EDFGD
T031	94	A2Z388	swissprot_n1	21	246	0.0833333	7.46151	SSS	SSSSS	SSSSS
T031	95	A2Z388	swissprot_n1	22	246	0.0873984	7.46151	SSS	SSSSS	SSSSS
T031	96	A2Z388	swissprot_n1	23	246	0.0914634	7.46151	SSS	SSSSG	SSSSG
T031	97	A2Z388	swissprot_n1	20	246	0.0792683	7.46151	SSS	ESSSS	ESSSS
T031	98	A2Z388	swissprot_n1	24	246	0.0955285	7.46151	SSG	SSSGR	SSSGR
T031	99	A2Z388	swissprot_n1	19	246	0.0752033	7.46151	ESS	AESSS	AESSS
T031	100	random_UniRef50_A0A1B6G461	random_uniref50	36	235	0.151064	7.41654	GRS	GGRSS	GGRSS
T032	1	random_UniRef50_UPI000C871527	random_uniref50	10	179	0.0530726	129.135	ILP	DILPV	DILPV
T032	2	random_UniRef50_UPI000C871527	random_uniref50	119	179	0.662011	77.7602	TDV	TTDVR	TTDVR
T032	3	random_UniRef50_UPI000C871527	random_uniref50	113	179	0.628492	71.9194	TTI	TTTIS	TTTIS
T032	4	random_UniRef50_UPI000C871527	random_uniref50	112	179	0.622905	37.2818	TTT	LTTTI	LTTTI
T032	5	random_UniRef50_UPI000C871527	random_uniref50	118	179	0.656425	32.8976	TTD	ATTDV	ATTDV
T032	6	Q99WJ6	swissprot_n1	166	251	0.659363	32.7106	EPA	GEPAD	GEPAD
T032	7	Q99WJ6	swissprot_n1	164	251	0.651394	32.7106	VGE	AVGEP	AVGEP
T032	8	Q99WJ6	swissprot_n1	165	251	0.655378	32.7106	GEP	VGEPA	VGEPA
T032	9	Q13MI0	swissprot_n1	129	372	0.34543	32.1435	VGE	AVGEP	AVGEP
T032	10	Q13MI0	swissprot_n1	130	372	0.348118	32.1435	GEP	VGEPA	VGEPA
T032	11	Q13MI0	swissprot_n1	131	372	0.350806	32.1435	EPA	GEPAI	GEPAI
T032	12	B1LPK4	swissprot_n1	86	165	0.518182	32.0136	GEP	DGEPW	DGEPW
T032	13	B1LPK4	swissprot_n1	85	165	0.512121	32.0136	DGE	ADGEP	ADGEP
T032	14	B1LPK4	swissprot_n1	87	165	0.524242	32.0136	EPW	GEPWL	GEPWL
T032	15	A4FYB9	swissprot_n1	217	231	0.937229	30.7414	GEP	FGEPF	FGEPF
T032	16	A4FYB9	swissprot_n1	216	231	0.9329	30.7414	FGE	AFGEP	AFGEP
T032	17	A4FYB9	swissprot_n1	218	231	0.941558	30.7414	EPF	GEPFK	GEPFK
T032	18	random_UniRef50_UPI000C871527	random_uniref50	111	179	0.617318	30.2725	LTT	PLTTT	PLTTT
T032	19	O59586	swissprot_n1	100	287	0.34669	29.8754	GEP	EGEPI	EGEPI
T032	20	O59586	swissprot_n1	101	287	0.350174	29.8754	EPI	GEPIS	GEPIS
T032	21	O59586	swissprot_n1	99	287	0.343206	29.8754	EGE	KEGEP	KEGEP
T032	22	Q329L3	swissprot_n1	208	238	0.871849	26.3733	EPF	GEPFT	GEPFT
T032	23	Q329L3	swissprot_n1	206	238	0.863445	26.3733	EGE	AEGEP	AEGEP
T032	24	Q329L3	swissprot_n1	207	238	0.867647	26.3733	GEP	EGEPF	EGEPF
T032	25	random_UniRef50_UPI000C871527	random_uniref50	117	179	0.650838	26.1085	ATT	SATTD	SATTD
T032	26	random_UniRef50_UPI000C871527	random_uniref50	108	179	0.600559	23.3668	DTP	TDTPL	TDTPL
T032	27	Q18F10	swissprot_n1	309	383	0.805483	21.4523	KEQ	PKEQQ	PKEQQ
T032	28	random_UniRef50_UPI000C871527	random_uniref50	104	179	0.578212	21.343	TNT	STNTT	STNTT
T032	29	random_UniRef50_A0A096NFC8	random_uniref50	83	203	0.406404	11.6421	TSS	STSSS	STSSS
T032	30	random_UniRef50_UPI000C871527	random_uniref50	107	179	0.594972	10.8194	TDT	TTDTP	TTDTP
T032	31	random_UniRef50_UPI000C871527	random_uniref50	106	179	0.589385	4.28377	TTD	NTTDT	NTTDT
T032	32	random_UniRef50_UPI000C871527	random_uniref50	115	179	0.639665	4.23656	ISA	TISAT	TISAT
T032	33	random_UniRef50_UPI000C871527	random_uniref50	120	179	0.667598	4.00579	DVR	TDVRS	TDVRS
T032	34	random_UniRef50_UPI000C871527	random_uniref50	162	179	0.902235	3.6329	NEP	FNEPN	FNEPN
T032	35	random_UniRef50_UPI000C871527	random_uniref50	163	179	0.907821	3.6329	EPN	NEPNG	NEPNG
T032	36	random_UniRef50_UPI000C871527	random_uniref50	161	179	0.896648	3.6329	FNE	AFNEP	AFNEP
T032	37	B2K2P8	swissprot_n1	198	209	0.944976	3.61886	SRE	RSREV	RSREV
T032	38	B2K2P8	swissprot_n1	197	209	0.940191	3.61886	RSR	ARSRE	ARSRE
T032	39	B2K2P8	swissprot_n1	199	209	0.949761	3.61886	REV	SREVY	SREVY
T032	40	random_UniRef50_A0A096NFC8	random_uniref50	84	203	0.41133	0.534997	SSS	TSSSH	TSSSH
T032	41	random_UniRef50_UPI003FD3D3C0	random_uniref50	92	127	0.720472	-0.00703433	GAG	LGAGV	LGAGV
T032	42	random_UniRef50_UPI003FD3D3C0	random_uniref50	93	127	0.728346	-0.00703433	AGV	GAGVQ	GAGVQ
T032	43	random_UniRef50_UPI003FD3D3C0	random_uniref50	94	127	0.73622	-0.00703433	GVQ	AGVQT	AGVQT
T032	44	random_UniRef50_UPI003FD3D3C0	random_uniref50	95	127	0.744094	-0.00703433	VQT	GVQTG	GVQTG
T032	45	random_UniRef50_UPI003FD3D3C0	random_uniref50	96	127	0.751969	-0.00703433	QTG	VQTGS	VQTGS
T032	46	random_UniRef50_UPI003FD3D3C0	random_uniref50	97	127	0.759843	-0.00703433	TGS	QTGSA	QTGSA
T032	47	random_UniRef50_UPI003FD3D3C0	random_uniref50	98	127	0.767717	-0.00703433	GSA	TGSAK	TGSAK
T032	48	random_UniRef50_UPI003FD3D3C0	random_uniref50	99	127	0.775591	-0.00703433	SAK	GSAKS	GSAKS
T032	49	random_UniRef50_UPI003FD3D3C0	random_uniref50	84	127	0.65748	-0.00703433	GFL	QGFLT	QGFLT
T032	50	random_UniRef50_UPI003FD3D3C0	random_uniref50	85	127	0.665354	-0.00703433	FLT	GFLTS	GFLTS
T032	51	random_UniRef50_UPI003FD3D3C0	random_uniref50	86	127	0.673228	-0.00703433	LTS	FLTSI	FLTSI
T032	52	random_UniRef50_UPI003FD3D3C0	random_uniref50	87	127	0.681102	-0.00703433	TSI	LTSIG	LTSIG
T032	53	random_UniRef50_UPI003FD3D3C0	random_uniref50	88	127	0.688976	-0.00703433	SIG	TSIGL	TSIGL
T032	54	random_UniRef50_UPI003FD3D3C0	random_uniref50	89	127	0.69685	-0.00703433	IGL	SIGLG	SIGLG
T032	55	random_UniRef50_UPI003FD3D3C0	random_uniref50	90	127	0.704724	-0.00703433	GLG	IGLGA	IGLGA
T032	56	random_UniRef50_UPI003FD3D3C0	random_uniref50	91	127	0.712598	-0.00703433	LGA	GLGAG	GLGAG
T032	57	random_UniRef50_UPI003FD3D3C0	random_uniref50	76	127	0.594488	-0.00703433	VMA	RVMAL	RVMAL
T032	58	random_UniRef50_UPI003FD3D3C0	random_uniref50	77	127	0.602362	-0.00703433	MAL	VMALA	VMALA
T032	59	random_UniRef50_UPI003FD3D3C0	random_uniref50	78	127	0.610236	-0.00703433	ALA	MALAR	MALAR
T032	60	random_UniRef50_UPI003FD3D3C0	random_uniref50	79	127	0.61811	-0.00703433	LAR	ALARA	ALARA
T032	61	random_UniRef50_UPI003FD3D3C0	random_uniref50	80	127	0.625984	-0.00703433	ARA	LARAQ	LARAQ
T032	62	random_UniRef50_UPI003FD3D3C0	random_uniref50	81	127	0.633858	-0.00703433	RAQ	ARAQG	ARAQG
T032	63	random_UniRef50_UPI003FD3D3C0	random_uniref50	82	127	0.641732	-0.00703433	AQG	RAQGF	RAQGF
T032	64	random_UniRef50_UPI003FD3D3C0	random_uniref50	83	127	0.649606	-0.00703433	QGF	AQGFL	AQGFL
T032	65	random_UniRef50_UPI003FD3D3C0	random_uniref50	68	127	0.531496	-0.00703433	ALA	VALAA	VALAA
T032	66	random_UniRef50_UPI003FD3D3C0	random_uniref50	69	127	0.53937	-0.00703433	LAA	ALAAA	ALAAA
T032	67	random_UniRef50_UPI003FD3D3C0	random_uniref50	70	127	0.547244	-0.00703433	AAA	LAAAI	LAAAI
T032	68	random_UniRef50_UPI003FD3D3C0	random_uniref50	71	127	0.555118	-0.00703433	AAI	AAAIT	AAAIT
T032	69	random_UniRef50_UPI003FD3D3C0	random_uniref50	72	127	0.562992	-0.00703433	AIT	AAITR	AAITR
T032	70	random_UniRef50_UPI003FD3D3C0	random_uniref50	73	127	0.570866	-0.00703433	ITR	AITRV	AITRV
T032	71	random_UniRef50_UPI003FD3D3C0	random_uniref50	74	127	0.57874	-0.00703433	TRV	ITRVM	ITRVM
T032	72	random_UniRef50_UPI003FD3D3C0	random_uniref50	75	127	0.586614	-0.00703433	RVM	TRVMA	TRVMA
T032	73	P0AAH0	swissprot_n1	25	257	0.0953307	-0.00703433	HAL	FHALK	FHALK
T032	74	P0AAH0	swissprot_n1	26	257	0.0992218	-0.00703433	ALK	HALKN	HALKN
T032	75	P0AAH0	swissprot_n1	27	257	0.103113	-0.00703433	LKN	ALKNI	ALKNI
T032	76	P0AAH0	swissprot_n1	28	257	0.107004	-0.00703433	KNI	LKNIN	LKNIN
T032	77	P0AAH0	swissprot_n1	29	257	0.110895	-0.00703433	NIN	KNINL	KNINL
T032	78	P0AAH0	swissprot_n1	30	257	0.114786	-0.00703433	INL	NINLD	NINLD
T032	79	P0AAH0	swissprot_n1	31	257	0.118677	-0.00703433	NLD	INLDI	INLDI
T032	80	P0AAH0	swissprot_n1	32	257	0.122568	-0.00703433	LDI	NLDIA	NLDIA
T032	81	P0AAH0	swissprot_n1	17	257	0.0642023	-0.00703433	LNF	NLNFY	NLNFY
T032	82	P0AAH0	swissprot_n1	18	257	0.0680934	-0.00703433	NFY	LNFYY	LNFYY
T032	83	P0AAH0	swissprot_n1	19	257	0.0719844	-0.00703433	FYY	NFYYG	NFYYG
T032	84	P0AAH0	swissprot_n1	20	257	0.0758755	-0.00703433	YYG	FYYGK	FYYGK
T032	85	P0AAH0	swissprot_n1	21	257	0.0797665	-0.00703433	YGK	YYGKF	YYGKF
T032	86	P0AAH0	swissprot_n1	22	257	0.0836576	-0.00703433	GKF	YGKFH	YGKFH
T032	87	P0AAH0	swissprot_n1	23	257	0.0875486	-0.00703433	KFH	GKFHA	GKFHA
T032	88	P0AAH0	swissprot_n1	24	257	0.0914397	-0.00703433	FHA	KFHAL	KFHAL
T032	89	P0AAH0	swissprot_n1	9	257	0.0330739	-0.00703433	PSK	APSKI	APSKI
T032	90	P0AAH0	swissprot_n1	10	257	0.036965	-0.00703433	SKI	PSKIQ	PSKIQ
T032	91	P0AAH0	swissprot_n1	11	257	0.040856	-0.00703433	KIQ	SKIQV	SKIQV
T032	92	P0AAH0	swissprot_n1	12	257	0.0447471	-0.00703433	IQV	KIQVR	KIQVR
T032	93	P0AAH0	swissprot_n1	13	257	0.0486381	-0.00703433	QVR	IQVRN	IQVRN
T032	94	P0AAH0	swissprot_n1	14	257	0.0525292	-0.00703433	VRN	QVRNL	QVRNL
T032	95	P0AAH0	swissprot_n1	15	257	0.0564202	-0.00703433	RNL	VRNLN	VRNLN
T032	96	P0AAH0	swissprot_n1	16	257	0.0603113	-0.00703433	NLN	RNLNF	RNLNF
T032	97	random_UniRef50_UPI003FD3D3C0	random_uniref50	100	127	0.783465	-0.00703433	AKS	SAKSG	SAKSG
T032	98	P0AAH0	swissprot_n1	2	257	0.00583658	-0.00703433	MSM	edge	MSMV
T032	99	P0AAH0	swissprot_n1	3	257	0.00972763	-0.00703433	SMV	MSMVE	MSMVE
T032	100	P0AAH0	swissprot_n1	4	257	0.0136187	-0.00703433	MVE	SMVET	SMVET
T033	1	random_UniRef50_A0A5B8MGG3	random_uniref50	95	136	0.694853	63.8477	HFD	GHFDV	GHFDV
T033	2	B2UBP2	swissprot_n1	91	382	0.236911	55.8513	GGG	FGGGF	FGGGF
T033	3	A2Z388	swissprot_n1	59	246	0.237805	52.7161	RWV	GRWVC	GRWVC
T033	4	random_UniRef50_A0A5B8MGG3	random_uniref50	91	136	0.665441	52.2861	GRR	RGRRG	RGRRG
T033	5	random_UniRef50_A0A5B8MGG3	random_uniref50	89	136	0.650735	44.5615	GRG	RGRGR	RGRGR
T033	6	Q8WHY5	swissprot_n1	29	140	0.203571	42.8227	CFG	ICFGK	ICFGK
T033	7	random_UniRef50_A0A5B8MGG3	random_uniref50	92	136	0.672794	40.8961	RRG	GRRGH	GRRGH
T033	8	random_UniRef50_A0A5B8MGG3	random_uniref50	93	136	0.680147	37.6	RGH	RRGHF	RRGHF
T033	9	random_UniRef50_A0A5B8MGG3	random_uniref50	94	136	0.6875	32.4813	GHF	RGHFD	RGHFD
T033	10	Q6G4W3	swissprot_n1	27	233	0.113734	30.2832	LVL	QLVLI	QLVLI
T033	11	A2Z388	swissprot_n1	61	246	0.245935	30.2118	VCE	WVCEV	WVCEV
T033	12	random_UniRef50_A0A498PM74	random_uniref50	115	205	0.558537	29.867	GGD	RGGDR	RGGDR
T033	13	A2Z388	swissprot_n1	73	246	0.294715	28.7674	RLW	ARLWL	ARLWL
T033	14	B2UBP2	swissprot_n1	117	382	0.304974	27.531	GGG	RGGGP	RGGGP
T033	15	Q7V368	swissprot_n1	43	327	0.129969	25.4574	GGS	KGGSI	KGGSI
T033	16	Q2T9Q2	swissprot_n1	26	165	0.154545	24.972	MLK	AMLKK	AMLKK
T033	17	P0A839	swissprot_n1	58	388	0.148196	24.8138	AGG	KAGGV	KAGGV
T033	18	P0C1I4	swissprot_n1	67	165	0.40303	24.143	GGT	RGGTS	RGGTS
T033	19	random_UniRef50_A0A4C1Y489	random_uniref50	64	242	0.262397	23.8744	GRR	RGRRE	RGRRE
T033	20	random_UniRef50_A0A5B8MGG3	random_uniref50	35	136	0.253676	22.0104	GGP	GGGPP	GGGPP
T033	21	random_UniRef50_A0A5B8MGG3	random_uniref50	33	136	0.238971	22.0104	GGG	LGGGG	LGGGG
T033	22	random_UniRef50_A0A5B8MGG3	random_uniref50	32	136	0.231618	22.0104	LGG	GLGGG	GLGGG
T033	23	random_UniRef50_A0A5B8MGG3	random_uniref50	34	136	0.246324	22.0104	GGG	GGGGP	GGGGP
T033	24	Q6G4W3	swissprot_n1	26	233	0.109442	21.3015	QLV	SQLVL	SQLVL
T033	25	B8A7Z5	swissprot_n1	16	215	0.072093	20.9321	GGA	GGGAA	GGGAA
T033	26	B8A7Z5	swissprot_n1	15	215	0.0674419	20.9321	GGG	SGGGA	SGGGA
T033	27	B8A7Z5	swissprot_n1	14	215	0.0627907	20.9321	SGG	GSGGG	GSGGG
T033	28	random_UniRef50_A0A2S0N0G8	random_uniref50	9	223	0.0381166	20.6468	PPP	SPPPH	SPPPH
T033	29	random_UniRef50_A0A2S0N0G8	random_uniref50	8	223	0.0336323	20.6468	SPP	VSPPP	VSPPP
T033	30	random_UniRef50_A0A2S0N0G8	random_uniref50	10	223	0.0426009	20.6468	PPH	PPPHT	PPPHT
T033	31	Q63S31	swissprot_n1	83	229	0.360262	20.6424	GGD	RGGDA	RGGDA
T033	32	Q21P93	swissprot_n1	158	168	0.9375	20.3496	GHS	HGHSH	HGHSH
T033	33	random_UniRef50_A0A5B8MGG3	random_uniref50	40	136	0.290441	20.148	GGT	GGGTS	GGGTS
T033	34	random_UniRef50_A0A5B8MGG3	random_uniref50	38	136	0.275735	20.148	PGG	PPGGG	PPGGG
T033	35	random_UniRef50_A0A5B8MGG3	random_uniref50	39	136	0.283088	20.148	GGG	PGGGT	PGGGT
T033	36	Q21P93	swissprot_n1	154	168	0.91369	20.0025	SHS	HSHSH	HSHSH
T033	37	Q9SL78	swissprot_n1	25	390	0.0628205	19.8683	SPP	QSPPP	QSPPP
T033	38	Q9SL78	swissprot_n1	26	390	0.0653846	19.8683	PPP	SPPPP	SPPPP
T033	39	Q9SL78	swissprot_n1	27	390	0.0679487	19.8683	PPP	PPPPN	PPPPN
T033	40	Q9SL78	swissprot_n1	28	390	0.0705128	19.8683	PPN	PPPNL	PPPNL
T033	41	P56904	swissprot_n1	15	266	0.0545113	19.5335	GGG	SGGGA	SGGGA
T033	42	P56904	swissprot_n1	16	266	0.0582707	19.5335	GGA	GGGAG	GGGAG
T033	43	P56904	swissprot_n1	14	266	0.0507519	19.5335	SGG	DSGGG	DSGGG
T033	44	A2Z388	swissprot_n1	74	246	0.298781	19.4397	LWL	RLWLG	RLWLG
T033	45	B1WQS8	swissprot_n1	33	158	0.205696	19.4359	GFG	GGFGM	GGFGM
T033	46	A4ST50	swissprot_n1	42	302	0.137417	19.1107	EGG	REGGG	REGGG
T033	47	A4ST50	swissprot_n1	44	302	0.14404	19.1107	GGG	GGGGG	GGGGG
T033	48	A4ST50	swissprot_n1	45	302	0.147351	19.1107	GGG	GGGGR	GGGGR
T033	49	A4ST50	swissprot_n1	46	302	0.150662	19.1107	GGR	GGGRT	GGGRT
T033	50	A4ST50	swissprot_n1	43	302	0.140728	19.1107	GGG	EGGGG	EGGGG
T033	51	Q84M47	swissprot_n1	24	301	0.0780731	19.1009	GGG	AGGGE	AGGGE
T033	52	Q84M47	swissprot_n1	23	301	0.0747508	19.1009	AGG	AAGGG	AAGGG
T033	53	Q84M47	swissprot_n1	25	301	0.0813954	19.1009	GGE	GGGEE	GGGEE
T033	54	random_UniRef50_A0A5B8MGG3	random_uniref50	54	136	0.393382	19.0866	PPP	PPPPR	PPPPR
T033	55	random_UniRef50_A0A5B8MGG3	random_uniref50	52	136	0.378676	19.0866	SPP	RSPPP	RSPPP
T033	56	random_UniRef50_A0A5B8MGG3	random_uniref50	53	136	0.386029	19.0866	PPP	SPPPP	SPPPP
T033	57	random_UniRef50_A0A5B8MGG3	random_uniref50	55	136	0.400735	19.0866	PPR	PPPRG	PPPRG
T033	58	random_UniRef50_T1H7H2	random_uniref50	15	188	0.0771277	18.9749	QPP	IQPPP	IQPPP
T033	59	random_UniRef50_T1H7H2	random_uniref50	16	188	0.0824468	18.9749	PPP	QPPPA	QPPPA
T033	60	random_UniRef50_T1H7H2	random_uniref50	17	188	0.087766	18.9749	PPA	PPPAG	PPPAG
T033	61	A4WZ55	swissprot_n1	32	391	0.0805627	18.9008	GGA	QGGAR	QGGAR
T033	62	real_P27359_3.2.1.17	real_lysozyme	14	165	0.0818182	18.8833	IGG	AIGGG	AIGGG
T033	63	real_P27359_3.2.1.17	real_lysozyme	15	165	0.0878788	18.8833	GGG	IGGGA	IGGGA
T033	64	real_P27359_3.2.1.17	real_lysozyme	16	165	0.0939394	18.8833	GGA	GGGAI	GGGAI
T033	65	Q7W3Z5	swissprot_n1	49	123	0.394309	18.7442	GGG	QGGGC	QGGGC
T033	66	Q7W3Z5	swissprot_n1	48	123	0.386179	18.7442	QGG	VQGGG	VQGGG
T033	67	Q7W3Z5	swissprot_n1	50	123	0.402439	18.7442	GGC	GGGCS	GGGCS
T033	68	Q21P93	swissprot_n1	160	168	0.949405	18.1312	SHD	HSHDH	HSHDH
T033	69	P9WIZ2	swissprot_n1	52	150	0.343333	18.0787	YGG	TYGGG	TYGGG
T033	70	P9WIZ2	swissprot_n1	53	150	0.35	18.0787	GGG	YGGGR	YGGGR
T033	71	P9WIZ2	swissprot_n1	54	150	0.356667	18.0787	GGR	GGGRA	GGGRA
T033	72	random_UniRef50_A0A5B8MGG3	random_uniref50	84	136	0.613971	17.5667	SGR	HSGRG	HSGRG
T033	73	random_UniRef50_A0A5B8MGG3	random_uniref50	77	136	0.5625	16.9342	GGR	RGGRR	RGGRR
T033	74	A2Z388	swissprot_n1	60	246	0.24187	16.619	WVC	RWVCE	RWVCE
T033	75	random_UniRef50_A0A5B8MGG3	random_uniref50	87	136	0.636029	15.6269	GRG	RGRGR	RGRGR
T033	76	Q8E578	swissprot_n1	188	327	0.573394	15.1753	GGW	TGGWQ	TGGWQ
T033	77	Q9FKI4	swissprot_n1	169	192	0.877604	13.6297	GGG	HGGGC	HGGGC
T033	78	Q8WHY5	swissprot_n1	28	140	0.196429	13.4897	ICF	RICFG	RICFG
T033	79	Q01W95	swissprot_n1	242	276	0.875	13.1196	GGR	SGGRH	SGGRH
T033	80	Q03KJ1	swissprot_n1	18	119	0.147059	12.6688	VLK	RVLKL	RVLKL
T033	81	Q21P93	swissprot_n1	162	168	0.96131	11.8248	DHH	HDHHH	HDHHH
T033	82	B2UBP2	swissprot_n1	113	382	0.294503	11.6153	GGR	QGGRR	QGGRR
T033	83	Q6G4W3	swissprot_n1	29	233	0.122318	11.1005	LIK	VLIKK	VLIKK
T033	84	Q21P93	swissprot_n1	164	168	0.973214	10.8578	HHD	HHHDH	HHHDH
T033	85	Q21P93	swissprot_n1	150	168	0.889881	10.3179	GGG	HGGGH	HGGGH
T033	86	Q21P93	swissprot_n1	156	168	0.925595	10.2352	SHG	HSHGH	HSHGH
T033	87	P97477	swissprot_n1	136	395	0.343038	9.95908	FGN	KFGNV	KFGNV
T033	88	P24824	swissprot_n1	228	400	0.56875	9.74803	GGA	RGGAD	RGGAD
T033	89	Q0BNS7	swissprot_n1	121	210	0.57381	9.73228	QGG	FQGGV	FQGGV
T033	90	Q83HC7	swissprot_n1	24	124	0.189516	9.55748	ALR	PALRG	PALRG
T033	91	Q0AB89	swissprot_n1	177	338	0.522189	9.13678	AGV	RAGVI	RAGVI
T033	92	Q7V368	swissprot_n1	40	327	0.120795	8.44683	GGK	NGGKG	NGGKG
T033	93	B1WQS8	swissprot_n1	50	158	0.313291	8.01168	GFE	AGFEG	AGFEG
T033	94	B2UBP2	swissprot_n1	86	382	0.223822	7.87619	GGA	AGGAG	AGGAG
T033	95	Q99PD4	swissprot_n1	205	370	0.552703	7.22485	GGW	TGGWV	TGGWV
T033	96	Q8UVR3	swissprot_n1	209	400	0.52125	7.0196	GSD	KGSDD	KGSDD
T033	97	Q9IAX9	swissprot_n1	272	294	0.923469	7.00953	GSS	LGSSA	LGSSA
T033	98	Q55216	swissprot_n1	192	356	0.537921	6.94115	GGF	KGGFA	KGGFA
T033	99	P97477	swissprot_n1	134	395	0.337975	6.71642	GKF	KGKFG	KGKFG
T033	100	A2Z388	swissprot_n1	66	246	0.26626	6.549	VPG	RVPGK	RVPGK
T034	1	A5V3I6	swissprot_n1	23	208	0.108173	67.2313	ALA	KALAA	KALAA
T034	2	A6TTY3	swissprot_n1	21	272	0.0753676	63.5018	NLT	QNLTA	QNLTA
T034	3	A2Z388	swissprot_n1	24	246	0.0955285	37.5837	SSG	SSSGR	SSSGR
T034	4	Q3YWN3	swissprot_n1	28	173	0.15896	35.9799	QLN	QQLNM	QQLNM
T034	5	Q9WUQ3	swissprot_n1	53	261	0.201149	32.676	SST	SSSTA	SSSTA
T034	6	A2Z388	swissprot_n1	23	246	0.0914634	32.3066	SSS	SSSSG	SSSSG
T034	7	Q5M9P8	swissprot_n1	37	186	0.196237	31.5912	QLK	NQLKP	NQLKP
T034	8	A2Z388	swissprot_n1	25	246	0.0995935	30.5409	SGR	SSGRQ	SSGRQ
T034	9	Q9WUQ3	swissprot_n1	52	261	0.197318	30.4133	SSS	SSSST	SSSST
T034	10	A2Z388	swissprot_n1	15	246	0.0589431	30.0123	SSG	SSSGA	SSSGA
T034	11	Q3YWN3	swissprot_n1	24	173	0.135838	28.846	QLA	RQLAQ	RQLAQ
T034	12	A5V3I6	swissprot_n1	22	208	0.103365	27.9895	KAL	AKALA	AKALA
T034	13	random_UniRef50_A0ABQ8T343	random_uniref50	26	92	0.277174	27.8366	QVI	MQVIG	MQVIG
T034	14	Q9WUQ3	swissprot_n1	51	261	0.193487	26.2434	SSS	TSSSS	TSSSS
T034	15	real_Q9T1X2_3.2.1.17	real_lysozyme	33	171	0.190058	25.658	SLI	QSLIH	QSLIH
T034	16	A2Z388	swissprot_n1	16	246	0.0630081	24.8948	SGA	SSGAE	SSGAE
T034	17	Q9WUQ3	swissprot_n1	54	261	0.204981	24.2481	STA	SSTAS	SSTAS
T034	18	A2Z388	swissprot_n1	14	246	0.054878	24.0334	SSS	SSSSG	SSSSG
T034	19	Q9FVW3	swissprot_n1	21	348	0.058908	23.3857	GSK	GGSKS	GGSKS
T034	20	A2Z388	swissprot_n1	22	246	0.0873984	20.9331	SSS	SSSSS	SSSSS
T034	21	real_O31608_3.2.1.17	real_lysozyme	28	181	0.151934	18.1791	GSV	SGSVT	SGSVT
T034	22	Q9FVW3	swissprot_n1	33	348	0.0933908	17.8545	KLL	RKLLA	RKLLA
T034	23	C1L2Z7	swissprot_n1	31	368	0.0828804	17.72	SMT	QSMTT	QSMTT
T034	24	Q9FVW3	swissprot_n1	24	348	0.0675287	17.3895	SKR	KSKRM	KSKRM
T034	25	Q2T2A9	swissprot_n1	36	285	0.124561	17.2755	LLI	ALLIA	ALLIA
T034	26	B0BS35	swissprot_n1	223	344	0.646802	16.9879	QLL	NQLLP	NQLLP
T034	27	Q9WUQ3	swissprot_n1	50	261	0.189655	16.1921	TSS	STSSS	STSSS
T034	28	Q31YK3	swissprot_n1	54	322	0.166149	15.5992	NSA	DNSAH	DNSAH
T034	29	random_UniRef50_A0ABQ8T343	random_uniref50	82	92	0.88587	15.0303	NNN	NNNNN	NNNNN
T034	30	Q13MI0	swissprot_n1	73	372	0.194892	14.935	SDA	SSDAG	SSDAG
T034	31	random_UniRef50_A0A1B6G461	random_uniref50	40	235	0.168085	14.7706	SST	SSSTA	SSSTA
T034	32	random_UniRef50_A0ABQ8T343	random_uniref50	80	92	0.86413	14.7604	NNN	NNNNN	NNNNN
T034	33	Q7W3Z5	swissprot_n1	120	123	0.971545	14.6034	SSF	GSSFS	GSSFS
T034	34	Q9BIG5	swissprot_n1	52	359	0.143454	14.2061	QMR	RQMRI	RQMRI
T034	35	random_UniRef50_A0ABQ8T343	random_uniref50	81	92	0.875	13.7536	NNN	NNNNN	NNNNN
T034	36	random_UniRef50_A0ABQ8T343	random_uniref50	83	92	0.896739	13.5757	NNN	NNNNN	NNNNN
T034	37	Q1LJ86	swissprot_n1	66	273	0.239927	13.387	TLP	TTLPV	TTLPV
T034	38	Q8ZLL7	swissprot_n1	19	128	0.144531	13.328	SSA	ASSAL	ASSAL
T034	39	Q8CU18	swissprot_n1	24	253	0.0928854	13.0945	SKE	NSKEA	NSKEA
T034	40	Q9FVW3	swissprot_n1	20	348	0.0560345	12.8779	GGS	GGGSK	GGGSK
T034	41	P22674	swissprot_n1	69	350	0.195714	12.4362	SDG	GSDGA	GSDGA
T034	42	Q9FKI4	swissprot_n1	174	192	0.903646	12.3461	SGD	CSGDA	CSGDA
T034	43	random_UniRef50_A0ABX4WVU2	random_uniref50	24	128	0.183594	12.238	KLR	IKLRL	IKLRL
T034	44	random_UniRef50_A0ABQ8T343	random_uniref50	84	92	0.907609	12.2249	NNN	NNNNN	NNNNN
T034	45	P56904	swissprot_n1	16	266	0.0582707	12.1301	GGA	GGGAG	GGGAG
T034	46	random_UniRef50_A0ABQ8T343	random_uniref50	79	92	0.853261	11.8105	NNN	NNNNN	NNNNN
T034	47	Q9FKI4	swissprot_n1	175	192	0.908854	11.6169	GDA	SGDAK	SGDAK
T034	48	Q42967	swissprot_n1	10	391	0.0242967	11.5596	SSI	FSSIS	FSSIS
T034	49	Q8CU18	swissprot_n1	23	253	0.0889328	11.5006	NSK	GNSKE	GNSKE
T034	50	Q8ZLL7	swissprot_n1	21	128	0.160156	11.4695	ALQ	SALQF	SALQF
T034	51	Q9WUQ3	swissprot_n1	55	261	0.208812	11.449	TAS	STASL	STASL
T034	52	Q7W3Z5	swissprot_n1	119	123	0.963415	11.4053	GSS	CGSSF	CGSSF
T034	53	random_UniRef50_A0ABQ8T343	random_uniref50	85	92	0.918478	11.352	NNN	NNNNN	NNNNN
T034	54	P56904	swissprot_n1	15	266	0.0545113	11.3047	GGG	SGGGA	SGGGA
T034	55	Q9FKI4	swissprot_n1	173	192	0.898438	11.2588	CSG	CCSGD	CCSGD
T034	56	P56904	swissprot_n1	17	266	0.0620301	11.1693	GAG	GGAGI	GGAGI
T034	57	random_UniRef50_A0ABQ8T343	random_uniref50	86	92	0.929348	11.0606	NNN	NNNNN	NNNNN
T034	58	Q21P93	swissprot_n1	156	168	0.925595	11.0245	SHG	HSHGH	HSHGH
T034	59	random_UniRef50_A0ABQ8T343	random_uniref50	87	92	0.940217	10.9172	NNN	NNNNN	NNNNN
T034	60	Q9FVW3	swissprot_n1	22	348	0.0617816	10.8445	SKS	GSKSK	GSKSK
T034	61	B2K2P8	swissprot_n1	11	209	0.0502392	10.8362	SSR	SSSRW	SSSRW
T034	62	Q9WUQ3	swissprot_n1	56	261	0.212644	10.5524	ASL	TASLL	TASLL
T034	63	A2Z388	swissprot_n1	26	246	0.103659	10.3994	GRQ	SGRQQ	SGRQQ
T034	64	A5V3I6	swissprot_n1	21	208	0.0985577	10.3328	AKA	QAKAL	QAKAL
T034	65	random_UniRef50_A0ABQ8T343	random_uniref50	78	92	0.842391	9.96651	NNN	NNNNN	NNNNN
T034	66	A2Z388	swissprot_n1	17	246	0.0670732	9.64793	GAE	SGAES	SGAES
T034	67	Q13MI0	swissprot_n1	71	372	0.189516	9.59789	NSS	DNSSD	DNSSD
T034	68	random_UniRef50_UPI0018647CF6	random_uniref50	43	249	0.170683	9.472	SCN	RSCNH	RSCNH
T034	69	Q9ZZU1	swissprot_n1	88	379	0.230871	9.21785	ASM	GASMF	GASMF
T034	70	Q9ZZU1	swissprot_n1	94	379	0.246702	9.21785	CLF	ICLFL	ICLFL
T034	71	Q9ZZU1	swissprot_n1	85	379	0.222955	9.21785	ANG	HANGA	HANGA
T034	72	Q9ZZU1	swissprot_n1	89	379	0.233509	9.21785	SMF	ASMFF	ASMFF
T034	73	Q9ZZU1	swissprot_n1	83	379	0.217678	9.21785	MHA	YMHAN	YMHAN
T034	74	Q9ZZU1	swissprot_n1	86	379	0.225594	9.21785	NGA	ANGAS	ANGAS
T034	75	Q9ZZU1	swissprot_n1	90	379	0.236148	9.21785	MFF	SMFFI	SMFFI
T034	76	Q9ZZU1	swissprot_n1	75	379	0.19657	9.21785	NYG	VNYGW	VNYGW
T034	77	Q9ZZU1	swissprot_n1	76	379	0.199208	9.21785	YGW	NYGWI	NYGWI
T034	78	Q9ZZU1	swissprot_n1	91	379	0.238786	9.21785	FFI	MFFIC	MFFIC
T034	79	Q9ZZU1	swissprot_n1	92	379	0.241425	9.21785	FIC	FFICL	FFICL
T034	80	Q9ZZU1	swissprot_n1	87	379	0.228232	9.21785	GAS	NGASM	NGASM
T034	81	Q9ZZU1	swissprot_n1	93	379	0.244063	9.21785	ICL	FICLF	FICLF
T034	82	Q9ZZU1	swissprot_n1	73	379	0.191293	9.21785	DVN	RDVNY	RDVNY
T034	83	Q9ZZU1	swissprot_n1	74	379	0.193931	9.21785	VNY	DVNYG	DVNYG
T034	84	Q9ZZU1	swissprot_n1	68	379	0.1781	9.21785	THI	VTHIC	VTHIC
T034	85	Q9ZZU1	swissprot_n1	65	379	0.170185	9.21785	SSV	FSSVT	FSSVT
T034	86	Q9ZZU1	swissprot_n1	62	379	0.162269	9.21785	TAF	LTAFS	LTAFS
T034	87	Q9ZZU1	swissprot_n1	61	379	0.159631	9.21785	LTA	TLTAF	TLTAF
T034	88	Q9ZZU1	swissprot_n1	63	379	0.164908	9.21785	AFS	TAFSS	TAFSS
T034	89	Q9ZZU1	swissprot_n1	67	379	0.175462	9.21785	VTH	SVTHI	SVTHI
T034	90	Q9ZZU1	swissprot_n1	70	379	0.183377	9.21785	ICR	HICRD	HICRD
T034	91	Q9ZZU1	swissprot_n1	69	379	0.180739	9.21785	HIC	THICR	THICR
T034	92	Q9ZZU1	swissprot_n1	84	379	0.220317	9.21785	HAN	MHANG	MHANG
T034	93	Q9ZZU1	swissprot_n1	81	379	0.212401	9.21785	RYM	IRYMH	IRYMH
T034	94	Q9ZZU1	swissprot_n1	82	379	0.21504	9.21785	YMH	RYMHA	RYMHA
T034	95	Q9ZZU1	swissprot_n1	80	379	0.209763	9.21785	IRY	IIRYM	IIRYM
T034	96	Q9ZZU1	swissprot_n1	79	379	0.207124	9.21785	IIR	WIIRY	WIIRY
T034	97	Q9ZZU1	swissprot_n1	72	379	0.188654	9.21785	RDV	CRDVN	CRDVN
T034	98	Q9ZZU1	swissprot_n1	66	379	0.172823	9.21785	SVT	SSVTH	SSVTH
T034	99	Q9ZZU1	swissprot_n1	64	379	0.167546	9.21785	FSS	AFSSV	AFSSV
T034	100	Q9ZZU1	swissprot_n1	71	379	0.186016	9.21785	CRD	ICRDV	ICRDV
T035	1	A4WZ55	swissprot_n1	19	391	0.0473146	60.64	APV	KAPVP	KAPVP
T035	2	random_UniRef50_A0A914XFP6	random_uniref50	64	124	0.512097	40.7361	ASG	TASGA	TASGA
T035	3	Q1JE85	swissprot_n1	16	335	0.0462687	34.1428	PKA	APKAI	APKAI
T035	4	A5V3I6	swissprot_n1	21	208	0.0985577	32.577	AKA	QAKAL	QAKAL
T035	5	B8E2P4	swissprot_n1	227	249	0.909639	32.461	EDH	LEDHD	LEDHD
T035	6	B8E2P4	swissprot_n1	226	249	0.905622	32.461	LED	ELEDH	ELEDH
T035	7	B8E2P4	swissprot_n1	224	249	0.89759	32.461	EEL	MEELE	MEELE
T035	8	B8E2P4	swissprot_n1	225	249	0.901606	32.461	ELE	EELED	EELED
T035	9	Q9FVW3	swissprot_n1	24	348	0.0675287	31.8384	SKR	KSKRM	KSKRM
T035	10	Q285L8	swissprot_n1	21	261	0.0785441	29.7118	AAD	KAADP	KAADP
T035	11	A8G8E0	swissprot_n1	186	394	0.470812	28.7123	WEA	EWEAK	EWEAK
T035	12	A8G8E0	swissprot_n1	184	394	0.465736	28.7123	AEW	EAEWE	EAEWE
T035	13	A8G8E0	swissprot_n1	185	394	0.468274	28.7123	EWE	AEWEA	AEWEA
T035	14	A8G8E0	swissprot_n1	183	394	0.463198	28.7123	EAE	GEAEW	GEAEW
T035	15	Q285L8	swissprot_n1	20	261	0.0747126	28.6863	KAA	KKAAD	KKAAD
T035	16	Q9M9F1	swissprot_n1	140	220	0.634091	28.4414	LGD	ELGDK	ELGDK
T035	17	Q9M9F1	swissprot_n1	141	220	0.638636	28.4414	GDK	LGDKY	LGDKY
T035	18	Q9M9F1	swissprot_n1	139	220	0.629545	28.4414	ELG	SELGD	SELGD
T035	19	Q9M9F1	swissprot_n1	138	220	0.625	28.4414	SEL	DSELG	DSELG
T035	20	Q5E4Z3	swissprot_n1	216	303	0.711221	28.2881	HAE	AHAEG	AHAEG
T035	21	Q5E4Z3	swissprot_n1	217	303	0.714521	28.2881	AEG	HAEGD	HAEGD
T035	22	Q5E4Z3	swissprot_n1	218	303	0.717822	28.2881	EGD	AEGDA	AEGDA
T035	23	Q5E4Z3	swissprot_n1	219	303	0.721122	28.2881	GDA	EGDAN	EGDAN
T035	24	random_UniRef50_A0A914XFP6	random_uniref50	66	124	0.528226	27.7322	GAD	SGADG	SGADG
T035	25	random_UniRef50_A0A914XFP6	random_uniref50	68	124	0.544355	27.7322	DGD	ADGDV	ADGDV
T035	26	random_UniRef50_A0A914XFP6	random_uniref50	67	124	0.53629	27.7322	ADG	GADGD	GADGD
T035	27	random_UniRef50_A0A914XFP6	random_uniref50	69	124	0.552419	27.7322	GDV	DGDVE	DGDVE
T035	28	B1IX74	swissprot_n1	16	321	0.0482866	27.6285	ARL	NARLA	NARLA
T035	29	A4WZ55	swissprot_n1	17	391	0.0421995	27.0382	AKA	GAKAP	GAKAP
T035	30	B7UM08	swissprot_n1	29	167	0.170659	26.3565	ATV	KATVE	KATVE
T035	31	Q9FVW3	swissprot_n1	22	348	0.0617816	25.8397	SKS	GSKSK	GSKSK
T035	32	Q1JE85	swissprot_n1	15	335	0.0432836	23.5776	APK	NAPKA	NAPKA
T035	33	Q285L8	swissprot_n1	22	261	0.0823755	23.2368	ADP	AADPY	AADPY
T035	34	C1L005	swissprot_n1	17	252	0.0654762	22.6487	PKI	APKIC	APKIC
T035	35	P68431	swissprot_n1	25	136	0.180147	22.3656	KAA	TKAAR	TKAAR
T035	36	random_UniRef50_A0A914XFP6	random_uniref50	124	124	0.995968	22.0227	edge	edge	QRR
T035	37	B2UCV5	swissprot_n1	32	103	0.305825	21.6902	AEI	GAEIT	GAEIT
T035	38	Q83HA9	swissprot_n1	24	141	0.166667	21.2854	PPV	APPVG	APPVG
T035	39	A4WZ55	swissprot_n1	20	391	0.0498721	20.912	PVP	APVPQ	APVPQ
T035	40	random_UniRef50_A0A914XFP6	random_uniref50	121	124	0.971774	20.3431	QKQ	KQKQR	KQKQR
T035	41	Q83HA9	swissprot_n1	23	141	0.159574	19.9294	APP	PAPPV	PAPPV
T035	42	B6HEM2	swissprot_n1	395	395	0.998734	19.1138	edge	edge	GAA
T035	43	P68431	swissprot_n1	41	136	0.297794	18.7019	HRY	PHRYR	PHRYR
T035	44	O73872	swissprot_n1	29	154	0.185065	18.3366	KPV	KKPVK	KKPVK
T035	45	B6HEM2	swissprot_n1	393	395	0.993671	18.316	RGA	PRGAA	PRGAA
T035	46	random_UniRef50_A0A914XFP6	random_uniref50	123	124	0.987903	17.6131	QRR	edge	KQRR
T035	47	Q285L8	swissprot_n1	23	261	0.0862069	17.2797	DPY	ADPYA	ADPYA
T035	48	B6HEM2	swissprot_n1	391	395	0.988608	16.807	KPR	AKPRG	AKPRG
T035	49	B2UBP2	swissprot_n1	246	382	0.64267	16.5885	GIN	PGING	PGING
T035	50	P68431	swissprot_n1	29	136	0.209559	15.8274	KSA	RKSAP	RKSAP
T035	51	random_UniRef50_A0A914XFP6	random_uniref50	119	124	0.955645	15.4908	RKQ	ARKQK	ARKQK
T035	52	B1WQS8	swissprot_n1	49	158	0.306962	15.3583	AGF	KAGFE	KAGFE
T035	53	C1DKN5	swissprot_n1	117	118	0.987288	15.1119	IRK	edge	PIRK
T035	54	random_UniRef50_A0A914XFP6	random_uniref50	122	124	0.979839	15.0955	KQR	QKQRR	QKQRR
T035	55	Q03KJ1	swissprot_n1	18	119	0.147059	14.9262	VLK	RVLKL	RVLKL
T035	56	B6HEM2	swissprot_n1	389	395	0.983544	14.851	KAK	AKAKP	AKAKP
T035	57	C1DKN5	swissprot_n1	115	118	0.970339	14.4282	KPI	RKPIR	RKPIR
T035	58	Q03KJ1	swissprot_n1	19	119	0.155462	13.9616	LKL	VLKLA	VLKLA
T035	59	Q285L8	swissprot_n1	18	261	0.0670498	13.8644	KKK	GKKKA	GKKKA
T035	60	Q9FVW3	swissprot_n1	29	348	0.0818966	13.8172	RSQ	NRSQR	NRSQR
T035	61	B1WQS8	swissprot_n1	42	158	0.262658	13.6184	RSG	SRSGT	SRSGT
T035	62	Q88T35	swissprot_n1	37	230	0.158696	13.071	AKA	EAKAA	EAKAA
T035	63	O73872	swissprot_n1	31	154	0.198052	12.9973	VKV	PVKVT	PVKVT
T035	64	Q3A3F8	swissprot_n1	22	352	0.0610795	12.8592	AAA	VAAAL	VAAAL
T035	65	random_UniRef50_A0A914XFP6	random_uniref50	63	124	0.504032	12.8559	TAS	PTASG	PTASG
T035	66	Q9FVW3	swissprot_n1	31	348	0.0876437	12.688	QRK	SQRKL	SQRKL
T035	67	P68431	swissprot_n1	31	136	0.224265	12.5901	APA	SAPAT	SAPAT
T035	68	P68431	swissprot_n1	44	136	0.319853	12.4292	RPG	YRPGT	YRPGT
T035	69	B0BS35	swissprot_n1	25	344	0.0712209	12.3586	KPE	AKPEL	AKPEL
T035	70	C1DKN5	swissprot_n1	113	118	0.95339	12.2726	PRK	GPRKP	GPRKP
T035	71	P68431	swissprot_n1	23	136	0.165441	12.1976	ATK	LATKA	LATKA
T035	72	C1DKN5	swissprot_n1	116	118	0.978814	12.1877	PIR	KPIRK	KPIRK
T035	73	Q03KJ1	swissprot_n1	17	119	0.138655	12.166	RVL	KRVLK	KRVLK
T035	74	B1WQS8	swissprot_n1	41	158	0.256329	12.1641	SRS	KSRSG	KSRSG
T035	75	B9M6F1	swissprot_n1	142	181	0.781768	12.0115	KAA	AKAAS	AKAAS
T035	76	P68431	swissprot_n1	22	136	0.158088	11.8361	LAT	QLATK	QLATK
T035	77	random_UniRef50_A0A2D4F507	random_uniref50	95	103	0.917476	11.8053	LRA	HLRAL	HLRAL
T035	78	B6HEM2	swissprot_n1	394	395	0.996203	11.6799	GAA	edge	RGAA
T035	79	Q285L8	swissprot_n1	16	261	0.059387	11.5996	GGK	KGGKK	KGGKK
T035	80	Q9FVW3	swissprot_n1	35	348	0.0991379	11.3871	LAD	LLADE	LLADE
T035	81	B1WQS8	swissprot_n1	43	158	0.268987	11.1727	SGT	RSGTG	RSGTG
T035	82	Q10355	swissprot_n1	155	219	0.705479	11.1687	SRA	SSRAA	SSRAA
T035	83	P68431	swissprot_n1	20	136	0.143382	11.1436	KQL	RKQLA	RKQLA
T035	84	B7UM08	swissprot_n1	28	167	0.164671	11.0996	KAT	KKATV	KKATV
T035	85	C1DKN5	swissprot_n1	111	118	0.936441	11.018	KGP	RKGPR	RKGPR
T035	86	Q2SEP7	swissprot_n1	25	324	0.0756173	11.012	AVR	TAVRW	TAVRW
T035	87	C1DKN5	swissprot_n1	114	118	0.961864	10.9889	RKP	PRKPI	PRKPI
T035	88	Q8UVR3	swissprot_n1	222	400	0.55375	10.9212	PRT	RPRTI	RPRTI
T035	89	B6HEM2	swissprot_n1	387	395	0.978481	10.885	EAK	KEAKA	KEAKA
T035	90	A7FL90	swissprot_n1	41	110	0.368182	10.8371	GLV	AGLVK	AGLVK
T035	91	Q0AB89	swissprot_n1	55	338	0.161243	10.7497	AKA	AAKAQ	AAKAQ
T035	92	Q03KJ1	swissprot_n1	16	119	0.130252	10.721	KRV	RKRVL	RKRVL
T035	93	P68431	swissprot_n1	40	136	0.290441	10.6359	PHR	KPHRY	KPHRY
T035	94	Q03KJ1	swissprot_n1	22	119	0.180672	10.5334	AKG	LAKGY	LAKGY
T035	95	P97477	swissprot_n1	96	395	0.241772	10.5207	AAS	PAASG	PAASG
T035	96	B1WQS8	swissprot_n1	48	158	0.300633	10.4992	KAG	TKAGF	TKAGF
T035	97	B4U760	swissprot_n1	22	122	0.17623	10.3616	SGT	ISGTA	ISGTA
T035	98	P68431	swissprot_n1	21	136	0.150735	10.3587	QLA	KQLAT	KQLAT
T035	99	Q9FVW3	swissprot_n1	33	348	0.0933908	10.3178	KLL	RKLLA	RKLLA
T035	100	Q8UVR3	swissprot_n1	223	400	0.55625	10.1318	RTI	PRTIL	PRTIL
T036	1	random_UniRef50_A0A4C1Y489	random_uniref50	56	242	0.229339	123.397	TGP	KTGPS	KTGPS
T036	2	A8LX76	swissprot_n1	55	226	0.24115	117.338	EEA	DEEAA	DEEAA
T036	3	B0BVP5	swissprot_n1	11	111	0.0945946	57.5631	GGA	RGGAK	RGGAK
T036	4	A8LX76	swissprot_n1	54	226	0.236726	50.9869	DEE	EDEEA	EDEEA
T036	5	random_UniRef50_A0A4C1Y489	random_uniref50	219	242	0.902893	25.4306	DDS	GDDSV	GDDSV
T036	6	Q6NGC8	swissprot_n1	31	359	0.0849582	21.8146	RGA	HRGAE	HRGAE
T036	7	random_UniRef50_A0A4C1Y489	random_uniref50	99	242	0.407025	14.4719	VMS	IVMSE	IVMSE
T036	8	random_UniRef50_A0A4C1Y489	random_uniref50	100	242	0.411157	14.4719	MSE	VMSEE	VMSEE
T036	9	random_UniRef50_A0A4C1Y489	random_uniref50	102	242	0.419421	14.4719	EEV	SEEVD	SEEVD
T036	10	random_UniRef50_A0A4C1Y489	random_uniref50	101	242	0.415289	14.4719	SEE	MSEEV	MSEEV
T036	11	random_UniRef50_A0A4C1Y489	random_uniref50	72	242	0.295455	13.9202	RVK	ARVKA	ARVKA
T036	12	random_UniRef50_A0A4C1Y489	random_uniref50	73	242	0.299587	13.9202	VKA	RVKAA	RVKAA
T036	13	A5V3I6	swissprot_n1	31	208	0.146635	13.8411	RGL	ARGLD	ARGLD
T036	14	random_UniRef50_A0A4C1Y489	random_uniref50	108	242	0.444215	13.1628	PRP	PPRPP	PPRPP
T036	15	random_UniRef50_A0A4C1Y489	random_uniref50	107	242	0.440083	13.1628	PPR	TPPRP	TPPRP
T036	16	random_UniRef50_A0A4C1Y489	random_uniref50	110	242	0.452479	13.1628	PPA	RPPAR	RPPAR
T036	17	random_UniRef50_A0A4C1Y489	random_uniref50	109	242	0.448347	13.1628	RPP	PRPPA	PRPPA
T036	18	A9NYY0	swissprot_n1	297	393	0.754453	13.0809	AGL	AAGLA	AAGLA
T036	19	random_UniRef50_A0A4C1Y489	random_uniref50	92	242	0.378099	12.9321	PGP	SPGPP	SPGPP
T036	20	random_UniRef50_A0A4C1Y489	random_uniref50	91	242	0.373967	12.9321	SPG	RSPGP	RSPGP
T036	21	random_UniRef50_A0A4C1Y489	random_uniref50	93	242	0.382231	12.9321	GPP	PGPPP	PGPPP
T036	22	random_UniRef50_A0A4C1Y489	random_uniref50	94	242	0.386364	12.9321	PPP	GPPPF	GPPPF
T036	23	Q4RSW7	swissprot_n1	61	188	0.321809	12.7993	KVP	SKVPQ	SKVPQ
T036	24	Q4RSW7	swissprot_n1	60	188	0.316489	12.7993	SKV	NSKVP	NSKVP
T036	25	Q4RSW7	swissprot_n1	62	188	0.327128	12.7993	VPQ	KVPQS	KVPQS
T036	26	random_UniRef50_A0A4C1Y489	random_uniref50	68	242	0.278926	12.5609	RIS	ERISA	ERISA
T036	27	random_UniRef50_A0A4C1Y489	random_uniref50	69	242	0.283058	12.5609	ISA	RISAR	RISAR
T036	28	random_UniRef50_A0A4C1Y489	random_uniref50	71	242	0.291322	12.5609	ARV	SARVK	SARVK
T036	29	random_UniRef50_A0A4C1Y489	random_uniref50	70	242	0.28719	12.5609	SAR	ISARV	ISARV
T036	30	random_UniRef50_A0A4C1Y489	random_uniref50	88	242	0.36157	10.8469	LRR	ALRRS	ALRRS
T036	31	random_UniRef50_A0A4C1Y489	random_uniref50	89	242	0.365702	10.8469	RRS	LRRSP	LRRSP
T036	32	random_UniRef50_A0A4C1Y489	random_uniref50	90	242	0.369835	10.8469	RSP	RRSPG	RRSPG
T036	33	Q4RSW7	swissprot_n1	64	188	0.337766	10.1815	QSP	PQSPT	PQSPT
T036	34	Q4RSW7	swissprot_n1	63	188	0.332447	10.1815	PQS	VPQSP	VPQSP
T036	35	random_UniRef50_A0A4C1Y489	random_uniref50	53	242	0.216942	10.176	FAK	IFAKT	IFAKT
T036	36	random_UniRef50_A0A4C1Y489	random_uniref50	55	242	0.225207	10.176	KTG	AKTGP	AKTGP
T036	37	random_UniRef50_A0A4C1Y489	random_uniref50	54	242	0.221074	10.176	AKT	FAKTG	FAKTG
T036	38	random_UniRef50_A0A4C1Y489	random_uniref50	75	242	0.307851	9.98273	AAV	KAAVQ	KAAVQ
T036	39	random_UniRef50_A0A4C1Y489	random_uniref50	76	242	0.311983	9.98273	AVQ	AAVQC	AAVQC
T036	40	random_UniRef50_A0A4C1Y489	random_uniref50	77	242	0.316116	9.98273	VQC	AVQCR	AVQCR
T036	41	random_UniRef50_A0A4C1Y489	random_uniref50	74	242	0.303719	9.98273	KAA	VKAAV	VKAAV
T036	42	random_UniRef50_A0A4C1Y489	random_uniref50	78	242	0.320248	9.59002	QCR	VQCRA	VQCRA
T036	43	random_UniRef50_A0A4C1Y489	random_uniref50	81	242	0.332645	9.59002	ACS	RACSG	RACSG
T036	44	random_UniRef50_A0A4C1Y489	random_uniref50	80	242	0.328512	9.59002	RAC	CRACS	CRACS
T036	45	random_UniRef50_A0A4C1Y489	random_uniref50	79	242	0.32438	9.59002	CRA	QCRAC	QCRAC
T036	46	random_UniRef50_A0A4C1Y489	random_uniref50	47	242	0.192149	9.12242	IRF	VIRFR	VIRFR
T036	47	random_UniRef50_A0A4C1Y489	random_uniref50	48	242	0.196281	9.12242	RFR	IRFRT	IRFRT
T036	48	random_UniRef50_A0A4C1Y489	random_uniref50	83	242	0.340909	8.866	SGR	CSGRG	CSGRG
T036	49	random_UniRef50_A0A4C1Y489	random_uniref50	82	242	0.336777	8.866	CSG	ACSGR	ACSGR
T036	50	random_UniRef50_A0A4C1Y489	random_uniref50	84	242	0.345041	8.866	GRG	SGRGA	SGRGA
T036	51	random_UniRef50_A0A4C1Y489	random_uniref50	85	242	0.349174	8.866	RGA	GRGAL	GRGAL
T036	52	random_UniRef50_A0AAN9HZ37	random_uniref50	53	179	0.293296	8.78567	RME	FRMEA	FRMEA
T036	53	random_UniRef50_A0AAN9HZ37	random_uniref50	52	179	0.28771	8.78567	FRM	KFRME	KFRME
T036	54	random_UniRef50_A0AAN9HZ37	random_uniref50	54	179	0.298883	8.78567	MEA	RMEAA	RMEAA
T036	55	random_UniRef50_A0A4C1Y489	random_uniref50	50	242	0.204545	8.56474	RTI	FRTIF	FRTIF
T036	56	random_UniRef50_A0A4C1Y489	random_uniref50	49	242	0.200413	8.56474	FRT	RFRTI	RFRTI
T036	57	random_UniRef50_A0A4C1Y489	random_uniref50	98	242	0.402893	8.5294	IVM	FIVMS	FIVMS
T036	58	random_UniRef50_A0A4C1Y489	random_uniref50	97	242	0.39876	8.5294	FIV	PFIVM	PFIVM
T036	59	random_UniRef50_A0A4C1Y489	random_uniref50	43	242	0.17562	8.43201	AFI	LAFIV	LAFIV
T036	60	random_UniRef50_A0A4C1Y489	random_uniref50	42	242	0.171488	8.43201	LAF	SLAFI	SLAFI
T036	61	random_UniRef50_A0A4C1Y489	random_uniref50	40	242	0.163223	8.40882	TSL	GTSLA	GTSLA
T036	62	random_UniRef50_A0A4C1Y489	random_uniref50	39	242	0.159091	8.40882	GTS	GGTSL	GGTSL
T036	63	random_UniRef50_A0A4C1Y489	random_uniref50	41	242	0.167355	8.40882	SLA	TSLAF	TSLAF
T036	64	random_UniRef50_A0A5J9VZT0	random_uniref50	65	215	0.3	8.34678	RGD	TRGDE	TRGDE
T036	65	random_UniRef50_A0A5J9VZT0	random_uniref50	63	215	0.290698	8.34678	STR	QSTRG	QSTRG
T036	66	random_UniRef50_A0A5J9VZT0	random_uniref50	64	215	0.295349	8.34678	TRG	STRGD	STRGD
T036	67	random_UniRef50_A0AAN9HZ37	random_uniref50	40	179	0.22067	8.24875	FTS	RFTSI	RFTSI
T036	68	random_UniRef50_A0AAN9HZ37	random_uniref50	41	179	0.226257	8.24875	TSI	FTSIT	FTSIT
T036	69	random_UniRef50_A0AAN9HZ37	random_uniref50	43	179	0.23743	8.24875	ITV	SITVE	SITVE
T036	70	random_UniRef50_A0AAN9HZ37	random_uniref50	42	179	0.231844	8.24875	SIT	TSITV	TSITV
T036	71	random_UniRef50_A0A4C1Y489	random_uniref50	106	242	0.43595	8.08188	TPP	DTPPR	DTPPR
T036	72	random_UniRef50_A0A4C1Y489	random_uniref50	105	242	0.431818	8.08188	DTP	VDTPP	VDTPP
T036	73	random_UniRef50_A0A4C1Y489	random_uniref50	104	242	0.427686	8.08188	VDT	EVDTP	EVDTP
T036	74	random_UniRef50_A0A4C1Y489	random_uniref50	103	242	0.423554	8.08188	EVD	EEVDT	EEVDT
T036	75	P22674	swissprot_n1	84	350	0.238571	7.99453	LPG	PLPGP	PLPGP
T036	76	P22674	swissprot_n1	85	350	0.241429	7.99453	PGP	LPGPA	LPGPA
T036	77	P22674	swissprot_n1	86	350	0.244286	7.99453	GPA	PGPAQ	PGPAQ
T036	78	random_UniRef50_A0A4C1Y489	random_uniref50	86	242	0.353306	7.95826	GAL	RGALR	RGALR
T036	79	random_UniRef50_A0A4C1Y489	random_uniref50	87	242	0.357438	7.95826	ALR	GALRR	GALRR
T036	80	random_UniRef50_A0A026WWS1	random_uniref50	65	91	0.708791	7.94773	SSL	NSSLG	NSSLG
T036	81	random_UniRef50_A0A026WWS1	random_uniref50	67	91	0.730769	7.94773	LGV	SLGVS	SLGVS
T036	82	random_UniRef50_A0A026WWS1	random_uniref50	66	91	0.71978	7.94773	SLG	SSLGV	SSLGV
T036	83	random_UniRef50_A0A4C1Y489	random_uniref50	95	242	0.390496	7.88198	PPF	PPPFI	PPPFI
T036	84	random_UniRef50_A0A4C1Y489	random_uniref50	96	242	0.394628	7.88198	PFI	PPFIV	PPFIV
T036	85	Q4RSW7	swissprot_n1	56	188	0.295213	7.80888	RAY	CRAYN	CRAYN
T036	86	Q4RSW7	swissprot_n1	57	188	0.300532	7.80888	AYN	RAYNS	RAYNS
T036	87	Q4RSW7	swissprot_n1	59	188	0.31117	7.80888	NSK	YNSKV	YNSKV
T036	88	Q4RSW7	swissprot_n1	58	188	0.305851	7.80888	YNS	AYNSK	AYNSK
T036	89	random_UniRef50_A0A026WWS1	random_uniref50	63	91	0.686813	7.75729	ANS	QANSS	QANSS
T036	90	random_UniRef50_A0A026WWS1	random_uniref50	61	91	0.664835	7.75729	DQA	NDQAN	NDQAN
T036	91	random_UniRef50_A0A026WWS1	random_uniref50	62	91	0.675824	7.75729	QAN	DQANS	DQANS
T036	92	random_UniRef50_A0A026WWS1	random_uniref50	64	91	0.697802	7.75729	NSS	ANSSL	ANSSL
T036	93	random_UniRef50_A0A4C1Y489	random_uniref50	116	242	0.477273	7.74322	AAQ	RAAQF	RAAQF
T036	94	random_UniRef50_A0A4C1Y489	random_uniref50	114	242	0.469008	7.74322	VRA	RVRAA	RVRAA
T036	95	random_UniRef50_A0A4C1Y489	random_uniref50	113	242	0.464876	7.74322	RVR	ARVRA	ARVRA
T036	96	random_UniRef50_A0A4C1Y489	random_uniref50	115	242	0.473141	7.74322	RAA	VRAAQ	VRAAQ
T036	97	P22674	swissprot_n1	26	350	0.0728571	7.72874	LRA	NLRAP	NLRAP
T036	98	P22674	swissprot_n1	28	350	0.0785714	7.72874	APV	RAPVK	RAPVK
T036	99	P22674	swissprot_n1	27	350	0.0757143	7.72874	RAP	LRAPV	LRAPV
T036	100	random_UniRef50_A0AAN9HZ37	random_uniref50	48	179	0.265363	7.51798	KFP	PKFPK	PKFPK
T037	1	A1WAR5	swissprot_n1	83	178	0.463483	86.9294	PVC	LPVCD	LPVCD
T037	2	Q8RGD8	swissprot_n1	149	163	0.911043	73.1953	EIS	QEISL	QEISL
T037	3	Q94VI4	swissprot_n1	122	319	0.380878	59.4677	AGW	WAGWA	WAGWA
T037	4	Q94VI4	swissprot_n1	121	319	0.377743	58.5455	WAG	LWAGW	LWAGW
T037	5	Q94VI4	swissprot_n1	120	319	0.374608	47.2089	LWA	ILWAG	ILWAG
T037	6	random_UniRef50_A0ABQ0E1P8	random_uniref50	69	244	0.280738	38.4246	ILG	WILGL	WILGL
T037	7	Q8RGD8	swissprot_n1	104	163	0.634969	37.8287	NIL	ENILK	ENILK
T037	8	Q8RGD8	swissprot_n1	115	163	0.702454	35.029	KIK	TKIKN	TKIKN
T037	9	Q94VI4	swissprot_n1	119	319	0.371473	33.4337	ILW	SILWA	SILWA
T037	10	random_UniRef50_A0ABQ0E1P8	random_uniref50	70	244	0.284836	26.9236	LGL	ILGLG	ILGLG
T037	11	A4WZ55	swissprot_n1	55	391	0.139386	26.9213	VGG	VVGGL	VVGGL
T037	12	Q8RGD8	swissprot_n1	97	163	0.592025	25.3208	EAR	REARE	REARE
T037	13	Q49WE5	swissprot_n1	70	398	0.174623	24.1875	IGF	VIGFL	VIGFL
T037	14	B0UFS2	swissprot_n1	77	317	0.241325	22.5071	MWW	NMWWD	NMWWD
T037	15	B0UFS2	swissprot_n1	78	317	0.244479	21.4252	WWD	MWWDA	MWWDA
T037	16	random_UniRef50_A0ABQ0E1P8	random_uniref50	66	244	0.268443	21.1388	SWW	FSWWI	FSWWI
T037	17	random_UniRef50_A0ABQ0E1P8	random_uniref50	236	244	0.965164	19.9722	IAI	LIAII	LIAII
T037	18	random_UniRef50_A0ABQ0E1P8	random_uniref50	237	244	0.969262	19.9722	AII	IAIIL	IAIIL
T037	19	random_UniRef50_A0ABQ0E1P8	random_uniref50	235	244	0.961066	19.9722	LIA	VLIAI	VLIAI
T037	20	P70870	swissprot_n1	177	326	0.541411	19.8179	YIA	VYIAI	VYIAI
T037	21	P70870	swissprot_n1	179	326	0.547546	19.8179	AIV	IAIVK	IAIVK
T037	22	P70870	swissprot_n1	178	326	0.544479	19.8179	IAI	YIAIV	YIAIV
T037	23	Q02IQ1	swissprot_n1	368	369	0.995935	19.7356	IVI	edge	LIVI
T037	24	Q02IQ1	swissprot_n1	369	369	0.998645	19.7356	edge	edge	IVI
T037	25	Q02IQ1	swissprot_n1	367	369	0.993225	19.7356	LIV	DLIVI	DLIVI
T037	26	Q58767	swissprot_n1	175	280	0.623214	19.7107	IAI	NIAIA	NIAIA
T037	27	Q58767	swissprot_n1	174	280	0.619643	19.7107	NIA	VNIAI	VNIAI
T037	28	Q58767	swissprot_n1	176	280	0.626786	19.7107	AIA	IAIAY	IAIAY
T037	29	Q9XDZ7	swissprot_n1	89	273	0.324176	19.0799	LRD	FLRDA	FLRDA
T037	30	P70870	swissprot_n1	85	326	0.259202	18.9791	IAI	PIAII	PIAII
T037	31	P70870	swissprot_n1	86	326	0.26227	18.9791	AII	IAIIY	IAIIY
T037	32	P70870	swissprot_n1	84	326	0.256135	18.9791	PIA	IPIAI	IPIAI
T037	33	Q8D3I2	swissprot_n1	187	332	0.561747	18.9141	IVI	LIVIF	LIVIF
T037	34	Q8D3I2	swissprot_n1	186	332	0.558735	18.9141	LIV	KLIVI	KLIVI
T037	35	Q8D3I2	swissprot_n1	188	332	0.564759	18.9141	VIF	IVIFN	IVIFN
T037	36	Q9ZI39	swissprot_n1	139	168	0.824405	18.7456	GIA	LGIAI	LGIAI
T037	37	Q9ZI39	swissprot_n1	141	168	0.83631	18.7456	AIV	IAIVS	IAIVS
T037	38	Q9ZI39	swissprot_n1	140	168	0.830357	18.7456	IAI	GIAIV	GIAIV
T037	39	Q97FV2	swissprot_n1	182	333	0.545045	18.6785	AIV	IAIVN	IAIVN
T037	40	Q97FV2	swissprot_n1	180	333	0.539039	18.6785	LIA	HLIAI	HLIAI
T037	41	Q97FV2	swissprot_n1	181	333	0.542042	18.6785	IAI	LIAIV	LIAIV
T037	42	Q83LF8	swissprot_n1	10	213	0.0446009	18.6147	TLA	ITLAL	ITLAL
T037	43	Q83LF8	swissprot_n1	8	213	0.0352113	18.6147	DIT	YDITL	YDITL
T037	44	Q83LF8	swissprot_n1	9	213	0.0399061	18.6147	ITL	DITLA	DITLA
T037	45	B8ZUM0	swissprot_n1	15	110	0.131818	18.4019	IAV	VIAVD	VIAVD
T037	46	B8ZUM0	swissprot_n1	16	110	0.140909	18.4019	AVD	IAVDQ	IAVDQ
T037	47	B8ZUM0	swissprot_n1	14	110	0.122727	18.4019	VIA	AVIAV	AVIAV
T037	48	B7LD74	swissprot_n1	70	106	0.65566	18.2626	GKA	QGKAI	QGKAI
T037	49	B7LD74	swissprot_n1	72	106	0.674528	18.2626	AIC	KAICG	KAICG
T037	50	B7LD74	swissprot_n1	71	106	0.665094	18.2626	KAI	GKAIC	GKAIC
T037	51	P18286	swissprot_n1	94	329	0.284195	18.147	AIK	KAIKG	KAIKG
T037	52	P18286	swissprot_n1	93	329	0.281155	18.147	KAI	YKAIK	YKAIK
T037	53	P18286	swissprot_n1	92	329	0.278116	18.147	YKA	YYKAI	YYKAI
T037	54	Q328B8	swissprot_n1	45	212	0.209906	18.0877	EIA	MEIAI	MEIAI
T037	55	Q328B8	swissprot_n1	46	212	0.214623	18.0877	IAI	EIAIF	EIAIF
T037	56	Q328B8	swissprot_n1	47	212	0.21934	18.0877	AIF	IAIFA	IAIFA
T037	57	Q7WEN0	swissprot_n1	82	140	0.582143	17.9986	DTA	ADTAI	ADTAI
T037	58	Q7WEN0	swissprot_n1	84	140	0.596429	17.9986	AIR	TAIRA	TAIRA
T037	59	Q7WEN0	swissprot_n1	83	140	0.589286	17.9986	TAI	DTAIR	DTAIR
T037	60	Q8NGL1	swissprot_n1	247	313	0.78754	17.7585	LTA	HLTAI	HLTAI
T037	61	Q8NGL1	swissprot_n1	249	313	0.79393	17.7585	AIT	TAITI	TAITI
T037	62	Q8NGL1	swissprot_n1	248	313	0.790735	17.7585	TAI	LTAIT	LTAIT
T037	63	C4K2C2	swissprot_n1	45	148	0.300676	16.8339	AAI	AAAIQ	AAAIQ
T037	64	C4K2C2	swissprot_n1	46	148	0.307432	16.8339	AIQ	AAIQL	AAIQL
T037	65	C4K2C2	swissprot_n1	44	148	0.293919	16.8339	AAA	KAAAI	KAAAI
T037	66	C4K2C2	swissprot_n1	43	148	0.287162	16.8339	KAA	IKAAA	IKAAA
T037	67	Q2T2A9	swissprot_n1	165	285	0.577193	16.8228	FGG	FFGGR	FFGGR
T037	68	P37729	swissprot_n1	92	274	0.333942	15.8721	AYA	TAYAL	TAYAL
T037	69	B8A7Z5	swissprot_n1	120	215	0.555814	15.6604	SAA	FSAAA	FSAAA
T037	70	random_UniRef50_A0ABQ0E1P8	random_uniref50	68	244	0.276639	15.625	WIL	WWILG	WWILG
T037	71	P24011	swissprot_n1	65	356	0.18118	14.4571	VIV	YVIVR	YVIVR
T037	72	C1A1Y4	swissprot_n1	126	275	0.456364	14.1858	PFL	IPFLN	IPFLN
T037	73	random_UniRef50_A0A060BMV3	random_uniref50	55	114	0.47807	13.0437	IFG	FIFGM	FIFGM
T037	74	P37729	swissprot_n1	94	274	0.341241	11.9066	ALQ	YALQR	YALQR
T037	75	P37729	swissprot_n1	91	274	0.330292	10.9128	TAY	MTAYA	MTAYA
T037	76	B0UFS2	swissprot_n1	76	317	0.23817	10.38	NMW	LNMWW	LNMWW
T037	77	random_UniRef50_A0ABQ0E1P8	random_uniref50	63	244	0.256148	10.1482	LNF	CLNFS	CLNFS
T037	78	Q2T2A9	swissprot_n1	46	285	0.159649	7.80615	SYW	FSYWF	FSYWF
T037	79	B8A7Z5	swissprot_n1	121	215	0.560465	6.56393	AAA	SAAAL	SAAAL
T037	80	random_UniRef50_A0ABQ0E1P8	random_uniref50	67	244	0.272541	6.22435	WWI	SWWIL	SWWIL
T037	81	B8A7Z5	swissprot_n1	125	215	0.57907	4.19289	AAV	LAAVR	LAAVR
T037	82	random_UniRef50_A0ABQ0E1P8	random_uniref50	65	244	0.264344	3.85847	FSW	NFSWW	NFSWW
T037	83	B0UFS2	swissprot_n1	128	317	0.402208	3.41499	AAG	LAAGL	LAAGL
T037	84	P56627	swissprot_n1	80	295	0.269492	3.19902	SGG	ISGGH	ISGGH
T037	85	P24011	swissprot_n1	63	356	0.175562	2.56356	FYV	FFYVI	FFYVI
T037	86	Q94VI4	swissprot_n1	125	319	0.390282	2.3817	ASN	WASNS	WASNS
T037	87	Q94VI4	swissprot_n1	118	319	0.368339	0.00368694	SIL	NSILW	NSILW
T037	88	random_UniRef50_UPI003FD3D3C0	random_uniref50	92	127	0.720472	-0.0114601	GAG	LGAGV	LGAGV
T037	89	random_UniRef50_UPI003FD3D3C0	random_uniref50	93	127	0.728346	-0.0114601	AGV	GAGVQ	GAGVQ
T037	90	random_UniRef50_UPI003FD3D3C0	random_uniref50	94	127	0.73622	-0.0114601	GVQ	AGVQT	AGVQT
T037	91	random_UniRef50_UPI003FD3D3C0	random_uniref50	95	127	0.744094	-0.0114601	VQT	GVQTG	GVQTG
T037	92	random_UniRef50_UPI003FD3D3C0	random_uniref50	96	127	0.751969	-0.0114601	QTG	VQTGS	VQTGS
T037	93	random_UniRef50_UPI003FD3D3C0	random_uniref50	97	127	0.759843	-0.0114601	TGS	QTGSA	QTGSA
T037	94	random_UniRef50_UPI003FD3D3C0	random_uniref50	98	127	0.767717	-0.0114601	GSA	TGSAK	TGSAK
T037	95	random_UniRef50_UPI003FD3D3C0	random_uniref50	99	127	0.775591	-0.0114601	SAK	GSAKS	GSAKS
T037	96	random_UniRef50_UPI003FD3D3C0	random_uniref50	84	127	0.65748	-0.0114601	GFL	QGFLT	QGFLT
T037	97	random_UniRef50_UPI003FD3D3C0	random_uniref50	85	127	0.665354	-0.0114601	FLT	GFLTS	GFLTS
T037	98	random_UniRef50_UPI003FD3D3C0	random_uniref50	86	127	0.673228	-0.0114601	LTS	FLTSI	FLTSI
T037	99	random_UniRef50_UPI003FD3D3C0	random_uniref50	87	127	0.681102	-0.0114601	TSI	LTSIG	LTSIG
T037	100	random_UniRef50_UPI003FD3D3C0	random_uniref50	88	127	0.688976	-0.0114601	SIG	TSIGL	TSIGL
T038	1	Q6ZRF7	swissprot_n1	105	136	0.768382	57.0346	FIN	RFINH	RFINH
T038	2	Q6ZRF7	swissprot_n1	110	136	0.805147	36.829	IVH	QIVHT	QIVHT
T038	3	random_UniRef50_UPI0018647CF6	random_uniref50	212	249	0.849398	34.6945	SCN	RSCNH	RSCNH
T038	4	random_UniRef50_UPI0018647CF6	random_uniref50	225	249	0.901606	33.306	SCN	RSCNH	RSCNH
T038	5	random_UniRef50_UPI0018647CF6	random_uniref50	147	249	0.588353	33.2625	SCN	RSCNH	RSCNH
T038	6	random_UniRef50_UPI0018647CF6	random_uniref50	238	249	0.953815	32.8543	SCN	RSCNH	RSCNH
T038	7	random_UniRef50_UPI0018647CF6	random_uniref50	169	249	0.676707	31.4501	NCY	HNCYW	HNCYW
T038	8	random_UniRef50_UPI0018647CF6	random_uniref50	143	249	0.572289	31.1058	NCY	HNCYR	HNCYR
T038	9	random_UniRef50_UPI0018647CF6	random_uniref50	130	249	0.52008	31.0248	NCY	HNCYW	HNCYW
T038	10	random_UniRef50_UPI0018647CF6	random_uniref50	182	249	0.728916	30.947	NCY	HNCYW	HNCYW
T038	11	random_UniRef50_UPI0018647CF6	random_uniref50	195	249	0.781124	30.9342	NCY	HNCYW	HNCYW
T038	12	random_UniRef50_UPI0018647CF6	random_uniref50	208	249	0.833333	30.564	NCY	HNCYR	HNCYR
T038	13	random_UniRef50_UPI0018647CF6	random_uniref50	108	249	0.431727	30.3962	SCN	RSCNH	RSCNH
T038	14	random_UniRef50_UPI0018647CF6	random_uniref50	104	249	0.415663	29.6202	NCY	HNCYR	HNCYR
T038	15	random_UniRef50_UPI0018647CF6	random_uniref50	221	249	0.885542	29.5439	NCY	HNCYR	HNCYR
T038	16	random_UniRef50_UPI0018647CF6	random_uniref50	199	249	0.797189	29.5222	SCN	WSCNH	WSCNH
T038	17	random_UniRef50_UPI0018647CF6	random_uniref50	156	249	0.624498	29.4247	NCY	HNCYW	HNCYW
T038	18	random_UniRef50_UPI0018647CF6	random_uniref50	95	249	0.379518	29.3932	SCN	RSCNH	RSCNH
T038	19	random_UniRef50_UPI0018647CF6	random_uniref50	186	249	0.74498	29.2165	SCN	WSCNH	WSCNH
T038	20	random_UniRef50_UPI0018647CF6	random_uniref50	160	249	0.640562	29.1418	SCN	WSCNH	WSCNH
T038	21	random_UniRef50_UPI0018647CF6	random_uniref50	173	249	0.692771	28.8498	SCN	WSCNH	WSCNH
T038	22	random_UniRef50_UPI0018647CF6	random_uniref50	117	249	0.467871	28.7954	NCY	HNCYW	HNCYW
T038	23	random_UniRef50_UPI0018647CF6	random_uniref50	234	249	0.937751	28.7621	NCY	HNCYR	HNCYR
T038	24	random_UniRef50_UPI0018647CF6	random_uniref50	245	249	0.981928	28.2645	IIS	HIISK	HIISK
T038	25	random_UniRef50_UPI0018647CF6	random_uniref50	121	249	0.483936	28.1568	SCN	WSCNH	WSCNH
T038	26	random_UniRef50_UPI0018647CF6	random_uniref50	91	249	0.363454	28.0656	NCY	HNCYR	HNCYR
T038	27	random_UniRef50_UPI0018647CF6	random_uniref50	134	249	0.536145	27.6452	SCN	WSCNH	WSCNH
T038	28	B9KKD5	swissprot_n1	46	155	0.293548	26.7207	QLR	VQLRD	VQLRD
T038	29	Q6ZRF7	swissprot_n1	109	136	0.797794	26.2626	QIV	HQIVH	HQIVH
T038	30	P85074	swissprot_n1	111	114	0.969298	25.6729	KIG	VKIGK	VKIGK
T038	31	B9KKD5	swissprot_n1	50	155	0.319355	25.1568	LVV	DLVVI	DLVVI
T038	32	random_UniRef50_UPI0018647CF6	random_uniref50	78	249	0.311245	24.749	NCY	HNCYW	HNCYW
T038	33	B9KKD5	swissprot_n1	51	155	0.325806	24.3515	VVI	LVVIK	LVVIK
T038	34	random_UniRef50_UPI0018647CF6	random_uniref50	69	249	0.2751	23.5374	SCN	RSCNH	RSCNH
T038	35	random_UniRef50_UPI0018647CF6	random_uniref50	65	249	0.259036	22.519	NCY	HNCYR	HNCYR
T038	36	A7X160	swissprot_n1	284	352	0.805398	21.6341	WIE	GWIEI	GWIEI
T038	37	P85074	swissprot_n1	109	114	0.951754	21.1756	FVK	HFVKI	HFVKI
T038	38	Q6ZRF7	swissprot_n1	119	136	0.871324	20.7076	NVL	PNVLN	PNVLN
T038	39	random_UniRef50_UPI0018647CF6	random_uniref50	56	249	0.222892	20.0823	SCN	RSCNH	RSCNH
T038	40	random_UniRef50_UPI0018647CF6	random_uniref50	82	249	0.327309	19.9762	SCN	WSCNH	WSCNH
T038	41	B2UBP2	swissprot_n1	224	382	0.585079	19.7291	EVK	LEVKI	LEVKI
T038	42	random_UniRef50_UPI0018647CF6	random_uniref50	244	249	0.977912	19.5003	HII	NHIIS	NHIIS
T038	43	random_UniRef50_UPI0018647CF6	random_uniref50	114	249	0.455823	19.3069	HIH	NHIHN	NHIHN
T038	44	random_UniRef50_UPI0018647CF6	random_uniref50	231	249	0.925703	18.6692	HIH	NHIHN	NHIHN
T038	45	Q88YZ2	swissprot_n1	49	267	0.181648	17.9201	QLV	EQLVD	EQLVD
T038	46	B2UBP2	swissprot_n1	222	382	0.579843	17.8272	TLE	KTLEV	KTLEV
T038	47	random_UniRef50_UPI0018647CF6	random_uniref50	43	249	0.170683	16.9488	SCN	RSCNH	RSCNH
T038	48	P85074	swissprot_n1	96	114	0.837719	16.9351	YIC	NYICI	NYICI
T038	49	random_UniRef50_UPI0018647CF6	random_uniref50	75	249	0.299197	16.8636	HIH	NHIHN	NHIHN
T038	50	random_UniRef50_UPI0018647CF6	random_uniref50	153	249	0.61245	16.068	HIH	NHIHN	NHIHN
T038	51	random_UniRef50_UPI0018647CF6	random_uniref50	101	249	0.403614	15.5295	HIH	NHIHN	NHIHN
T038	52	Q6T1W7	swissprot_n1	51	192	0.263021	15.4235	FIE	CFIEN	CFIEN
T038	53	random_UniRef50_UPI0018647CF6	random_uniref50	218	249	0.873494	15.3028	HIH	NHIHN	NHIHN
T038	54	Q6ZRF7	swissprot_n1	120	136	0.878676	15.2742	VLN	NVLNV	NVLNV
T038	55	Q9H1J7	swissprot_n1	331	359	0.920613	14.6609	QVE	VQVER	VQVER
T038	56	random_UniRef50_UPI0018647CF6	random_uniref50	52	249	0.206827	13.8588	NCY	HNCYR	HNCYR
T038	57	Q4ZQ82	swissprot_n1	284	312	0.908654	13.3941	AID	SAIDR	SAIDR
T038	58	real_P62693_3.2.1.17	real_lysozyme	170	226	0.75	12.8304	KHW	AKHWY	AKHWY
T038	59	real_P62693_3.2.1.17	real_lysozyme	172	226	0.75885	12.8304	WYV	HWYVS	HWYVS
T038	60	real_P62693_3.2.1.17	real_lysozyme	171	226	0.754425	12.8304	HWY	KHWYV	KHWYV
T038	61	Q6HPD7	swissprot_n1	146	152	0.957237	12.7981	LIL	KLILI	KLILI
T038	62	random_UniRef50_UPI0018647CF6	random_uniref50	127	249	0.508032	12.4348	HIH	NHIHN	NHIHN
T038	63	random_UniRef50_UPI0018647CF6	random_uniref50	166	249	0.664659	12.1292	HIH	NHIHN	NHIHN
T038	64	random_UniRef50_UPI0006E2C20B	random_uniref50	165	172	0.956395	11.6194	CVA	RCVAS	RCVAS
T038	65	random_UniRef50_UPI0018647CF6	random_uniref50	30	249	0.118474	11.2978	SCN	RSCNH	RSCNH
T038	66	random_UniRef50_UPI0018647CF6	random_uniref50	62	249	0.246988	11.2497	HIH	NHIHN	NHIHN
T038	67	Q981H7	swissprot_n1	180	388	0.462629	11.2466	WNR	QWNRF	QWNRF
T038	68	Q981H7	swissprot_n1	179	388	0.460052	11.2466	QWN	LQWNR	LQWNR
T038	69	Q981H7	swissprot_n1	178	388	0.457474	11.2466	LQW	LLQWN	LLQWN
T038	70	random_UniRef50_UPI0018647CF6	random_uniref50	88	249	0.351406	11.2105	HIH	NHIHN	NHIHN
T038	71	random_UniRef50_A0ABS8VAZ1	random_uniref50	125	166	0.75	11.1706	VVF	EVVFK	EVVFK
T038	72	Q9FVW3	swissprot_n1	111	348	0.317529	11.1037	CWY	WCWYK	WCWYK
T038	73	Q9FVW3	swissprot_n1	112	348	0.320402	11.1037	WYK	CWYKM	CWYKM
T038	74	Q9FVW3	swissprot_n1	110	348	0.314655	11.1037	WCW	AWCWY	AWCWY
T038	75	Q8UVR3	swissprot_n1	158	400	0.39375	10.7351	VLK	FVLKE	FVLKE
T038	76	Q4RSW7	swissprot_n1	14	188	0.0718085	10.6638	SWC	LSWCY	LSWCY
T038	77	Q4RSW7	swissprot_n1	15	188	0.0771277	10.6638	WCY	SWCYA	SWCYA
T038	78	Q4RSW7	swissprot_n1	16	188	0.0824468	10.6638	CYA	WCYAS	WCYAS
T038	79	random_UniRef50_UPI0018647CF6	random_uniref50	39	249	0.154618	10.6596	NCY	HNCYR	HNCYR
T038	80	Q73SJ5	swissprot_n1	54	320	0.167187	10.623	MWN	GMWNW	GMWNW
T038	81	Q73SJ5	swissprot_n1	53	320	0.164062	10.623	GMW	DGMWN	DGMWN
T038	82	Q73SJ5	swissprot_n1	55	320	0.170312	10.623	WNW	MWNWF	MWNWF
T038	83	B2TZI1	swissprot_n1	30	201	0.146766	10.5529	VVL	GVVLW	GVVLW
T038	84	Q4ZQ82	swissprot_n1	245	312	0.783654	10.4745	QCH	DQCHA	DQCHA
T038	85	Q4ZQ82	swissprot_n1	246	312	0.786859	10.4745	CHA	QCHAC	QCHAC
T038	86	Q4ZQ82	swissprot_n1	244	312	0.780449	10.4745	DQC	YDQCH	YDQCH
T038	87	A5IV56	swissprot_n1	76	164	0.460366	10.4388	MCH	PMCHP	PMCHP
T038	88	A5IV56	swissprot_n1	77	164	0.466463	10.4388	CHP	MCHPL	MCHPL
T038	89	A5IV56	swissprot_n1	75	164	0.454268	10.4388	PMC	IPMCH	IPMCH
T038	90	Q8NZY8	swissprot_n1	40	274	0.144161	10.1815	FLK	SFLKT	SFLKT
T038	91	A7X160	swissprot_n1	215	352	0.609375	10.1031	QIE	TQIEG	TQIEG
T038	92	real_P37713_3.2.1.17	real_lysozyme	66	129	0.507752	9.65366	CND	WCNDG	WCNDG
T038	93	real_P37713_3.2.1.17	real_lysozyme	64	129	0.492248	9.65366	FWC	KFWCN	KFWCN
T038	94	real_P37713_3.2.1.17	real_lysozyme	65	129	0.5	9.65366	WCN	FWCND	FWCND
T038	95	real_P37714_3.2.1.17	real_lysozyme	66	129	0.507752	9.44478	CND	WCNDG	WCNDG
T038	96	real_P37714_3.2.1.17	real_lysozyme	64	129	0.492248	9.44478	FWC	KFWCN	KFWCN
T038	97	real_P37714_3.2.1.17	real_lysozyme	65	129	0.5	9.44478	WCN	FWCND	FWCND
T038	98	real_Q32PD6_3.2.1.17	real_lysozyme	82	156	0.522436	9.36826	WCY	WWCYN	WWCYN
T038	99	real_Q32PD6_3.2.1.17	real_lysozyme	83	156	0.528846	9.36826	CYN	WCYNG	WCYNG
T038	100	real_Q32PD6_3.2.1.17	real_lysozyme	81	156	0.516026	9.36826	WWC	AWWCY	AWWCY
